business_name,address,phone,website,google_maps_url,rating,total_reviews,reviews_sampled,unanswered_count,unanswered_low_rating,worst_unanswered_stars,sample_reviewer,sample_review_stars,sample_review_snippet,email,email_sent,replied,notes,email_step1_sent
"Comfort Inn & Suites Ballpark Area","2221 Corporate Plaza SE, Smyrna, GA 30080, USA","(678) 540-4246","https://www.choicehotels.com/georgia/smyrna/comfort-inn-hotels/ga861?mc=llgoxxpx","https://maps.google.com/?cid=16738724720933422075&g_mp=CiVnb29nbGUubWFwcy5wbGFjZXMudjEuUGxhY2VzLkdldFBsYWNlEAIYBCAA","3.2","842","5","5","5","1","Rosetta Pettus","1","First off if I didn’t has to give a star I wouldn’t. If I could get all my money back I would. First approaching the hot","info@choicehotels.com","","","","2026-04-29"
"Super 8 by Wyndham Austell/Six Flags","7377 6 Flags Dr, Austell, GA 30168, USA","(770) 628-1101","https://www.wyndhamhotels.com/super-8/austell-georgia/super-8-austell-six-flags/overview?CID=LC:yytq4fvvehxh7se:18004&iata=00093796","https://maps.google.com/?cid=4123173282613331612&g_mp=CiVnb29nbGUubWFwcy5wbGFjZXMudjEuUGxhY2VzLkdldFBsYWNlEAIYBCAA","2.6","1028","5","5","5","1","Emily Dyer","1","All the photos you see on advertisement are FAKE. Not at all what the rooms look like whatsoever. It’s a complete scam.","info@wyndhamhotels.com","","","","2026-04-29"
"Budgetel Inns & Suites - Atlanta Galleria Stadium","4900 Circle 75 Pkwy, Atlanta, GA 30339, USA","(770) 956-1504","http://www.budgetelinn.com/","https://maps.google.com/?cid=1165348144699852272&g_mp=CiVnb29nbGUubWFwcy5wbGFjZXMudjEuUGxhY2VzLkdldFBsYWNlEAIYBCAA","2","340","5","5","5","1","ToOn Valo","1","I booked a last-minute stay at Budgetel Inns & Suites - Atlanta Galleria Stadium in Atlanta due to an emergency, based o","info@budgetelinn.com","","","","2026-04-29"
"Country Inn & Suites By Radisson, Atlanta Airport North, GA","1365 Hardin Ave, East Point, GA 30344, USA","(470) 704-3188","https://www.choicehotels.com/georgia/east-point/country-inn-suites-hotels/gad27?mc=llgoxxpx","https://maps.google.com/?cid=6860456954035987384&g_mp=CiVnb29nbGUubWFwcy5wbGFjZXMudjEuUGxhY2VzLkdldFBsYWNlEAIYBCAA","3.8","1558","5","5","4","1","Yamile Crespo","1","We had a very disappointing stay at Country Inn & Suites by Radisson, Atlanta Airport North. The room itself was spaciou","info@choicehotels.com","","","","2026-04-29"
"The Westin Peachtree Plaza, Atlanta","210 Peachtree St NW, Atlanta, GA 30303, USA","(404) 659-1400","https://www.marriott.com/en-us/hotels/atlpl-the-westin-peachtree-plaza-atlanta/overview/?scid=f2ae0541-1279-4f24-b197-a979c79310b0","https://maps.google.com/?cid=2117968496640024660&g_mp=CiVnb29nbGUubWFwcy5wbGFjZXMudjEuUGxhY2VzLkdldFBsYWNlEAIYBCAA","4.2","11288","5","5","4","1","Nicole Nelson","1","I was extremely disappointed with my stay at this Westin property. I typically expect a high standard from this brand, b","info@marriott.com","","","",""
"Red Roof PLUS+ Atlanta - Buckhead","1960 N Druid Hills Rd, Atlanta, GA 30329, USA","(404) 321-1653","https://www.redroof.com/property/ga/atlanta/RRI130?utm_source=GMB&utm_medium=Google&utm_campaign=GMB_Performance_RRI130","https://maps.google.com/?cid=16776850232108669961&g_mp=CiVnb29nbGUubWFwcy5wbGFjZXMudjEuUGxhY2VzLkdldFBsYWNlEAIYBCAA","3.2","1568","5","5","4","1","izie p","1","I had a horrible experience. Granted, I knew this hotel was a little sketchy but the quality of service/ condition of th","firebase-adminsdk-fbsvc@redroof-web-prod.iam.gserviceaccount.com","","","","2026-04-29"
"La Quinta Inn & Suites by Wyndham Atlanta Ballpark/Galleria","2415 Paces Ferry Rd SE, Atlanta, GA 30339, USA","(770) 421-5658","https://www.wyndhamhotels.com/laquinta/atlanta-georgia/la-quinta-atlanta-ballpark-galleria/overview?CID=LC:6ysy27krtpcrqev:53075&iata=00093796","https://maps.google.com/?cid=13867822304185527951&g_mp=CiVnb29nbGUubWFwcy5wbGFjZXMudjEuUGxhY2VzLkdldFBsYWNlEAIYBCAA","3.8","1532","5","5","4","1","luke yocham","1","**UNSAFE**  They gave us not one but two rooms with people currently in them. One of the rooms we walked into had a slee","info@wyndhamhotels.com","","","","2026-04-29"
"Fairfield by Marriott Inn & Suites Atlanta Buckhead","3092 Piedmont Rd NE, Atlanta, GA 30305, USA","(404) 846-0900","https://www.marriott.com/en-us/hotels/atlfb-fairfield-inn-and-suites-atlanta-buckhead/overview/?scid=f2ae0541-1279-4f24-b197-a979c79310b0","https://maps.google.com/?cid=1945059653665420465&g_mp=CiVnb29nbGUubWFwcy5wbGFjZXMudjEuUGxhY2VzLkdldFBsYWNlEAIYBCAA","3.9","832","5","5","4","1","Jean Manuel Zaa Juhasz","1","We stayed here for a couple of days during our family trip, at the beginning was ok, but we got a handicapped room (that","info@marriott.com","","","",""
"Wingate by Wyndham Atlanta Galleria/Ballpark","2762 Cobb Pkwy SE, Atlanta, GA 30339, USA","(678) 813-1915","https://www.wyndhamhotels.com/wingate/atlanta-georgia/wingate-by-wyndham-atlanta-galleria-center/overview?CID=LC:7hcm1fujuihd89e:30343&iata=00093796","https://maps.google.com/?cid=10872288668006576603&g_mp=CiVnb29nbGUubWFwcy5wbGFjZXMudjEuUGxhY2VzLkdldFBsYWNlEAIYBCAA","3.7","1746","5","5","4","1","Tanisha Fuller","1","Absolutely horrible experience! They were supposed to change the date to checkout a day early and even had manager confi","info@wyndhamhotels.com","","","","2026-04-29"
"Hotel Indigo Atlanta - Vinings by IHG","2857 Paces Ferry Rd SE, Atlanta, GA 30339, USA","(770) 432-5555","https://www.ihg.com/hotelindigo/hotels/us/en/atlanta/atlrc/hoteldetail?cm_mmc=GoogleMaps-_-IN-_-US-_-ATLRC","https://maps.google.com/?cid=14532290345834010862&g_mp=CiVnb29nbGUubWFwcy5wbGFjZXMudjEuUGxhY2VzLkdldFBsYWNlEAIYBCAA","4.2","1376","5","5","4","1","Elizabeth Torinus","1","Do not stay here. It is way overpriced for the experience! The hotel is currently being remodeled, but in the meantime i","info@ihg.com","","","","2026-04-29"
"The Connally Hotel Downtown Atlanta, an Ascend Collection Hotel","54 Peachtree St SW, Atlanta, GA 30303, USA","(404) 220-9205","https://www.choicehotels.com/georgia/atlanta/ascend-hotels/ga5171","https://maps.google.com/?cid=7461091088879950796&g_mp=CiVnb29nbGUubWFwcy5wbGFjZXMudjEuUGxhY2VzLkdldFBsYWNlEAIYBCAA","3","177","5","5","4","1","Christian","1","Do not stay here. The showers are not heated. There was old urine in the bathroom. One tv doesnt work and the other it t","info@choicehotels.com","","","","2026-04-29"
"DoubleTree by Hilton Atlanta Windy Hill Ballpark","2055 S Park Pl NW, Atlanta, GA 30339, USA","(770) 272-9441","https://www.hilton.com/en/hotels/atlwydt-doubletree-atlanta-windy-hill-ballpark/?SEO_id=GMB-AMER-DT-ATLWYDT&y_source=1_MTM3MjUzNS03MTUtbG9jYXRpb24ud2Vic2l0ZQ%3D%3D","https://maps.google.com/?cid=16177930327460915639&g_mp=CiVnb29nbGUubWFwcy5wbGFjZXMudjEuUGxhY2VzLkdldFBsYWNlEAIYBCAA","3.8","1657","5","5","4","1","Kimberly Lewis","1","If you are planning to stay here, don’t!  The a/c in the entire hotel is broken!  The a/c blows hot and when you go to t","info@hilton.com","","","","2026-04-29"
"Courtyard by Marriott Atlanta Windy Hill/Ballpark","2045 S Park Pl NW, Atlanta, GA 30339, USA","(770) 955-3838","https://www.marriott.com/en-us/hotels/atlwh-courtyard-atlanta-windy-hill-ballpark/overview/?scid=f2ae0541-1279-4f24-b197-a979c79310b0","https://maps.google.com/?cid=1997080222273120184&g_mp=CiVnb29nbGUubWFwcy5wbGFjZXMudjEuUGxhY2VzLkdldFBsYWNlEAIYBCAA","4","590","5","5","4","1","S. Green","1","Do not book with Marriott.  They canceled my reservation a week before.  Customer service was rude and disrespectful and","info@marriott.com","","","",""
"Hyatt Place Atlanta/Cobb Galleria","2876 Spring Hill Pkwy SE, Smyrna, GA 30080, USA","(770) 384-0060","https://www.hyatt.com/hyatt-place/en-US/atlzg-hyatt-place-atlanta-cobb-galleria?src=corp_lclb_google_seo_atlzg&utm_source=google&utm_medium=organic&utm_campaign=lmr","https://maps.google.com/?cid=2777359035725815238&g_mp=CiVnb29nbGUubWFwcy5wbGFjZXMudjEuUGxhY2VzLkdldFBsYWNlEAIYBCAA","4.3","1096","5","5","3","1","Jennifer Leaks","1","I found hair in my food/mouth from breakfast and immediately notified the front desk attendant. I received no formal apo","info@hyatt.com","","","","2026-04-29"
"Days Inn by Wyndham Hartsfield Jackson Atlanta Airport West","4498 Washington Rd, East Point, GA 30344, USA","(678) 855-0189","https://www.wyndhamhotels.com/days-inn/east-point-georgia/days-inn-hartsfield-jackson-atlanta-airport-west/overview?CID=LC:iqv0j1dklijly45:53993&iata=00093796","https://maps.google.com/?cid=16913508738855856952&g_mp=CiVnb29nbGUubWFwcy5wbGFjZXMudjEuUGxhY2VzLkdldFBsYWNlEAIYBCAA","2.7","1096","5","5","3","1","Kimberly Hopkins","1","I booked through a 3rd party when I got there I paid an additional 60 dollars for a hold. The environment has he has pro","info@wyndhamhotels.com","","","","2026-04-29"
"Fairfield by Marriott Inn & Suites Atlanta Vinings/Galleria","2450 Paces Ferry Rd SE, Atlanta, GA 30339, USA","(770) 435-4500","https://www.marriott.com/en-us/hotels/atlvn-fairfield-inn-and-suites-atlanta-vinings-galleria/overview/?scid=f2ae0541-1279-4f24-b197-a979c79310b0","https://maps.google.com/?cid=4542613688416748523&g_mp=CiVnb29nbGUubWFwcy5wbGFjZXMudjEuUGxhY2VzLkdldFBsYWNlEAIYBCAA","4.2","849","5","5","3","2","Todd Wilburn","2","I travel the country for work. This hotel is under renovations. The room is not modern, had problems with the TV, the mi","info@marriott.com","","","",""
"Baymont by Wyndham Smyrna","5130 S Cobb Dr SE, Smyrna, GA 30082, USA","(404) 794-1600","https://www.baymontsmyrnaga.com/?CID=LC:cfixxwa8fefdt79:70105&iata=00093796","https://maps.google.com/?cid=2683634982928907014&g_mp=CiVnb29nbGUubWFwcy5wbGFjZXMudjEuUGxhY2VzLkdldFBsYWNlEAIYBCAA","3.1","496","5","5","3","1","DIANE WILCOX","1","First, I wanna start off with this hotel is disgusting. I came from Miami to spend 4 days with my son and he book the wi","info@baymontsmyrnaga.com","","","","2026-04-29"
"Hampton Inn Atlanta-Buckhead","3398 Piedmont Rd NE, Atlanta, GA 30305, USA","(404) 233-5656","https://www.hilton.com/en/hotels/atlbuhx-hampton-atlanta-buckhead/?SEO_id=GMB-AMER-HX-ATLBUHX&y_source=1_MjA4Mzc1Mi03MTUtbG9jYXRpb24ud2Vic2l0ZQ%3D%3D","https://maps.google.com/?cid=8186988551268137785&g_mp=CiVnb29nbGUubWFwcy5wbGFjZXMudjEuUGxhY2VzLkdldFBsYWNlEAIYBCAA","4","1408","5","5","3","1","Kyle Chadwick","1","Response to owner: I love your fake “we care” response. It took multiple days, corporate and a GM from another Hampton h","info@hilton.com","","","","2026-04-29"
"Quality Inn & Suites near Six Flags East","3900 Fulton Industrial Blvd, Atlanta, GA 30336, USA","(404) 691-2444","https://www.choicehotels.com/georgia/atlanta/quality-inn-hotels/ga586?mc=llgoxxpx","https://maps.google.com/?cid=14212833151874951520&g_mp=CiVnb29nbGUubWFwcy5wbGFjZXMudjEuUGxhY2VzLkdldFBsYWNlEAIYBCAA","3.4","775","5","5","3","1","Logan Dommisse","1","The hotel room was very dirty when we arrived. Floor was not vacuumed, hair and grime in the shower and the drain was cl","info@choicehotels.com","","","","2026-04-29"
"SpringHill Suites by Marriott Atlanta Buckhead","3459 Buckhead Loop NE, Atlanta, GA 30326, USA","(404) 844-4800","https://www.marriott.com/en-us/hotels/atlab-springhill-suites-atlanta-buckhead/overview/?scid=f2ae0541-1279-4f24-b197-a979c79310b0","https://maps.google.com/?cid=648675889690901232&g_mp=CiVnb29nbGUubWFwcy5wbGFjZXMudjEuUGxhY2VzLkdldFBsYWNlEAIYBCAA","4.1","1642","5","5","2","3","Anand","3","Stayed here while on a business trip. Knowing how much my company paid for this, I cannot recommend. Only thing going fo","info@marriott.com","","","",""
"Microtel Inn & Suites by Wyndham Atlanta/Buckhead Area","1840 Corporate Blvd NE, Atlanta, GA 30329, USA","(404) 410-0312","https://www.wyndhamhotels.com/microtel/atlanta-georgia/microtel-inn-and-suites-atlanta-buckhead-area/overview?CID=LC:5b3ss9kd80xe5ox:28614&iata=00093796","https://maps.google.com/?cid=17364889647880224817&g_mp=CiVnb29nbGUubWFwcy5wbGFjZXMudjEuUGxhY2VzLkdldFBsYWNlEAIYBCAA","3.4","1255","5","5","2","1","Eric Walker","1","This hotel is in serious need of a full renovation. From the moment you step inside, everything feels extremely dated  f","info@wyndhamhotels.com","","","","2026-04-29"
"Comfort Inn Atlanta Downtown South","795 Pollard Blvd SW, Atlanta, GA 30315, USA","(404) 201-2830","https://www.choicehotels.com/georgia/atlanta/comfort-inn-hotels/ga381?mc=llgoxxpx","https://maps.google.com/?cid=15779077967034351466&g_mp=CiVnb29nbGUubWFwcy5wbGFjZXMudjEuUGxhY2VzLkdldFBsYWNlEAIYBCAA","3.2","1435","5","5","2","1","Ralph Leone","1","If you’re looking for a hotel, I would suggest keep on going do not come here. The reason for my review is that they pla","info@choicehotels.com","","","","2026-04-29"
"La Quinta Inn & Suites by Wyndham Atlanta Midtown - Buckhead","2535 Chantilly Dr NE, Atlanta, GA 30324, USA","(404) 321-0999","https://www.wyndhamhotels.com/laquinta/atlanta-georgia/la-quinta-atlanta-midtown-buckhead/overview?CID=LC:6ysy27krtpcrqev:53076&iata=00093796","https://maps.google.com/?cid=17037792286582010018&g_mp=CiVnb29nbGUubWFwcy5wbGFjZXMudjEuUGxhY2VzLkdldFBsYWNlEAIYBCAA","3.7","1413","5","5","2","2","Claire","2","When I search for hotels I filter by 'free breakfast' and 'fitness center'. I feel swindled- I would not have considered","info@wyndhamhotels.com","","","","2026-04-29"
"Economy Hotel Atlanta","4265 Shirley Dr, Atlanta, GA 30336, USA","(404) 696-4391","https://www.economyhotelusa.com/atlanta","https://maps.google.com/?cid=9367873118827696841&g_mp=CiVnb29nbGUubWFwcy5wbGFjZXMudjEuUGxhY2VzLkdldFBsYWNlEAIYBCAA","3.8","450","5","5","2","1","Shaab uddin","1","This security lady is very rude to the delivery driver like come on. I’m delivering food five years and I never show my","info@economyhotelusa.com","","","","2026-04-29"
"Hampton Inn & Suites Atlanta-Downtown","161 Ted Turner Dr NW, Atlanta, GA 30303, USA","(404) 589-1111","https://www.hilton.com/en/hotels/atlhshx-hampton-suites-atlanta-downtown/?SEO_id=GMB-AMER-HX-ATLHSHX&y_source=1_MjA4MjU2My03MTUtbG9jYXRpb24ud2Vic2l0ZQ%3D%3D","https://maps.google.com/?cid=13615998873826998393&g_mp=CiVnb29nbGUubWFwcy5wbGFjZXMudjEuUGxhY2VzLkdldFBsYWNlEAIYBCAA","4","1162","5","5","2","1","Brandon Miller","1","The customer service was great and the staff was amazing. However, I will never stay at this hotel again.  This hotel no","info@hilton.com","","","","2026-04-29"
"Hyatt Place Atlanta/Downtown","330 Peachtree St NE, Atlanta, GA 30308, USA","(404) 577-1980","https://www.hyatt.com/hyatt-place/en-US/atlzd-hyatt-place-atlanta-downtown?src=corp_lclb_google_seo_atlzd&utm_source=google&utm_medium=organic&utm_campaign=lmr","https://maps.google.com/?cid=4500372877977029675&g_mp=CiVnb29nbGUubWFwcy5wbGFjZXMudjEuUGxhY2VzLkdldFBsYWNlEAIYBCAA","4","1124","5","5","2","1","Mauricio Chavez","1","My companion and I were each charged six separate times on our cards. On top of that, we were both charged a $35 parking","info@hyatt.com","","","","2026-04-29"
"Country Inn & Suites by Radisson, Atlanta Downtown","759 Pollard Blvd SW, Atlanta, GA 30315, USA","(404) 446-0970","https://www.choicehotels.com/georgia/atlanta/country-inn-suites-hotels/gad42?mc=llgoxxpx","https://maps.google.com/?cid=3926182089830022735&g_mp=CiVnb29nbGUubWFwcy5wbGFjZXMudjEuUGxhY2VzLkdldFBsYWNlEAIYBCAA","3.5","2080","5","5","2","1","Joelle Johnson","1","This hotel is deceiving. Its located in a very unsafe neighborhood as my 3 different Uber drivers told me. Its definitel","info@choicehotels.com","","","","2026-04-29"
"Courtyard by Marriott Atlanta Executive Park/Emory","1236 Executive Park Dr NE, Atlanta, GA 30329, USA","(404) 728-0708","https://www.marriott.com/en-us/hotels/atlep-courtyard-atlanta-executive-park-emory/overview/?scid=f2ae0541-1279-4f24-b197-a979c79310b0","https://maps.google.com/?cid=16218844901766971662&g_mp=CiVnb29nbGUubWFwcy5wbGFjZXMudjEuUGxhY2VzLkdldFBsYWNlEAIYBCAA","3.9","940","5","5","2","2","Kalina Nikolova","2","High noise from the highway, the rooms are not well noise insulated. High noise from the connected rooms, the doors are","info@marriott.com","","","",""
"Economy Hotel Forest Park","241 Falcon Dr, Forest Park, GA 30297, USA","(678) 978-1366","https://www.economyhotelusa.com/forest-park","https://maps.google.com/?cid=18381610621937983191&g_mp=CiVnb29nbGUubWFwcy5wbGFjZXMudjEuUGxhY2VzLkdldFBsYWNlEAIYBCAA","3.7","324","5","5","2","1","Dorothy Dawson","1","This place is filthy and very uninhabitable. They are clearly taking advantage of people who are in Dire Straits. I drop","info@economyhotelusa.com","","","","2026-04-29"
"Aloft by Marriott Atlanta Downtown","300 Ted Turner Dr NW, Atlanta, GA 30308, USA","(678) 515-0300","https://www.marriott.com/en-us/hotels/atldn-aloft-atlanta-downtown/overview/?scid=f2ae0541-1279-4f24-b197-a979c79310b0","https://maps.google.com/?cid=7976184425513411530&g_mp=CiVnb29nbGUubWFwcy5wbGFjZXMudjEuUGxhY2VzLkdldFBsYWNlEAIYBCAA","3.8","2454","5","5","2","1","Cindy Hanson","1","I was booked there through a stay and play for a cheer competition.  I received an email on 2/6 confirming my stay and r","info@marriott.com","","","",""
"Country Inn & Suites by Radisson, Smyrna - Atlanta Northwest","2175 Church Rd SE, Smyrna, GA 30080, USA","(678) 999-3968","https://www.choicehotels.com/georgia/smyrna/country-inn-suites-hotels/gad30?mc=llgoxxpx","https://maps.google.com/?cid=7563149158598084519&g_mp=CiVnb29nbGUubWFwcy5wbGFjZXMudjEuUGxhY2VzLkdldFBsYWNlEAIYBCAA","4","821","5","5","2","1","Sierra Schutz","1","I will never stay at this hotel again and would not recommend to anyone. The staff was very nice however that does not e","info@choicehotels.com","","","","2026-04-29"
"Courtland Grand Hotel","165 Courtland St NE, Atlanta, GA 30303, USA","(404) 659-6500","https://courtlandgrandhotel.com/","https://maps.google.com/?cid=18399961015457718963&g_mp=CiVnb29nbGUubWFwcy5wbGFjZXMudjEuUGxhY2VzLkdldFBsYWNlEAIYBCAA","3.7","7913","5","5","2","3","Katie Hines","3","This hotel wasn’t the worst but could have provided a better experience. Overall the lobby, pool, and common areas were","info@courtlandgrandhotel.com","","","","2026-04-29"
"Atlanta Alpaca Treehouse in the Bamboo Forest","1152 Fayetteville Rd SE, Atlanta, GA 30316, USA","(678) 595-0038","https://www.alpacatreehouse.com/","https://maps.google.com/?cid=1848326967867719091&g_mp=CiVnb29nbGUubWFwcy5wbGFjZXMudjEuUGxhY2VzLkdldFBsYWNlEAIYBCAA","4.7","165","5","5","2","3","Blue P","3","Visited this place for the Llama Yoga experience. Overall it was okay, but certainly not worth $50.  Pros: - Beautiful a","kara@karaobrien.com","","","","2026-04-29"
"Motel 6 Atlanta Smyrna / Ballpark","2200 Corporate Plaza SE, Smyrna, GA 30080, USA","(770) 675-3190","https://www.motel6.com/property/motel-atlanta-georgia-us-319990?lid=Local_Milestone&travelAgentNumber=TA001305&corporatePlusNumber=CP792N5W&utm_source=google%20my%20business&utm_medium=organic%20listing&utm_campaign=visit%20website&utm_content=global","https://maps.google.com/?cid=5490284347221192061&g_mp=CiVnb29nbGUubWFwcy5wbGFjZXMudjEuUGxhY2VzLkdldFBsYWNlEAIYBCAA","3.6","39","5","5","2","1","Keturah McGee","1","It is hidden behind Target. I only been there while it was Motel 6. I stayed still until I was able to find housing for","info@motel6.com","","","","2026-04-29"
"REVERB Downtown Atlanta","89 Centennial Olympic Park Dr NW, Atlanta, GA 30313, USA","(470) 552-8410","https://reverb.hardrock.com/atlanta?utm_campaign=shrss_reverb_reverb-atlanta_websitelisting&utm_medium=referral&utm_source=gmb","https://maps.google.com/?cid=11285712382034384928&g_mp=CiVnb29nbGUubWFwcy5wbGFjZXMudjEuUGxhY2VzLkdldFBsYWNlEAIYBCAA","4","1708","5","5","1","1","Larry Taylor","1","Very disappointed in my stay at this hotel.  Valet experience  We came here for a cheer competition. We arrived late (ar","info@reverb.hardrock.com","","","","2026-04-29"
"Atlanta Marriott Marquis","265 Peachtree Center Ave NE, Atlanta, GA 30303, USA","(404) 521-0000","https://www.marriott.com/en-us/hotels/atlmq-atlanta-marriott-marquis/overview/?scid=f2ae0541-1279-4f24-b197-a979c79310b0","https://maps.google.com/?cid=3416193417417511645&g_mp=CiVnb29nbGUubWFwcy5wbGFjZXMudjEuUGxhY2VzLkdldFBsYWNlEAIYBCAA","4.2","14596","5","5","1","1","Heather S","1","In March 2025, I took 30 students for an overnight trip for a school conference that they Hyatt Regency does a remarkabl","info@marriott.com","","","",""
"Hilton Atlanta","255 Courtland St NE, Atlanta, GA 30303, USA","(404) 659-2000","https://www.hilton.com/en/hotels/atlahhh-hilton-atlanta/?SEO_id=GMB-AMER-HH-ATLAHHH&y_source=1_MTIyMDg1MS03MTUtbG9jYXRpb24ud2Vic2l0ZQ%3D%3D","https://maps.google.com/?cid=10777715959552130711&g_mp=CiVnb29nbGUubWFwcy5wbGFjZXMudjEuUGxhY2VzLkdldFBsYWNlEAIYBCAA","4","10545","5","5","1","1","Marcia McCoy","1","I went to this hotel for a Career Event hosted by APPA. I had to drive our company vehicle which is Ford Transit Cargo V","info@hilton.com","","","","2026-04-29"
"Hampton Inn & Suites Atlanta Buckhead Place","3312 Piedmont Rd NE, Atlanta, GA 30305, USA","(404) 816-7309","https://www.hilton.com/en/hotels/atlbphx-hampton-suites-atlanta-buckhead-place/?SEO_id=GMB-AMER-HX-ATLBPHX&y_source=1_OTU3MTcyOS03MTUtbG9jYXRpb24ud2Vic2l0ZQ%3D%3D","https://maps.google.com/?cid=5087015924066238856&g_mp=CiVnb29nbGUubWFwcy5wbGFjZXMudjEuUGxhY2VzLkdldFBsYWNlEAIYBCAA","4.2","1090","5","5","1","2","Alexis Miles","2","This facility needs work. Parking is $28 per night and in a nasty crummy looking parking garage. The carpet was dingy. T","info@hilton.com","","","","2026-04-29"
"Omni Hotel at the Battery Atlanta","2625 Cir 75 Pkwy SE, Atlanta, GA 30339, USA","(678) 567-7327","https://www.omnihotels.com/hotels/atlanta-battery?utm_source=gmblisting&utm_medium=organic","https://maps.google.com/?cid=4973605447553799533&g_mp=CiVnb29nbGUubWFwcy5wbGFjZXMudjEuUGxhY2VzLkdldFBsYWNlEAIYBCAA","4.6","1973","5","5","1","2","Tracy Taylor","2","Good morning,  I would like to thank you for the opportunity to stay at your property. The view from our room was beauti","info@omnihotels.com","","","",""
"Holiday Inn Express & Suites Atlanta Downtown by IHG","111 Cone St NW, Atlanta, GA 30303, USA","(404) 524-7000","https://www.ihg.com/holidayinnexpress/hotels/us/en/atlanta/atlws/hoteldetail?cm_mmc=GoogleMaps-_-EX-_-US-_-ATLWS","https://maps.google.com/?cid=422397615387310082&g_mp=CiVnb29nbGUubWFwcy5wbGFjZXMudjEuUGxhY2VzLkdldFBsYWNlEAIYBCAA","3.9","2270","5","5","1","1","Chase Bernard","1","5-star review turned into a 1-star at check-out!  I went to check out at 7pm the night before my checkout day and I was","info@ihg.com","","","","2026-04-29"
"Courtyard by Marriott Atlanta Downtown","133 Carnegie Way NW, Atlanta, GA 30303, USA","(404) 222-2416","https://www.marriott.com/en-us/hotels/atldo-courtyard-atlanta-downtown/overview/?scid=f2ae0541-1279-4f24-b197-a979c79310b0","https://maps.google.com/?cid=2497078238002013387&g_mp=CiVnb29nbGUubWFwcy5wbGFjZXMudjEuUGxhY2VzLkdldFBsYWNlEAIYBCAA","4","1125","5","5","1","1","Anja Holthoff","1","I completely understand that hotels don't have public restrooms but most hotels know when to make an exception. I'm a li","info@marriott.com","","","",""
"Comfort Inn & Suites Atlanta/Smyrna","2800 Highlands Pkwy SE, Smyrna, GA 30082, USA","(678) 309-1200","https://www.choicehotels.com/georgia/smyrna/comfort-inn-hotels/ga370?mc=llgoxxpx","https://maps.google.com/?cid=7526099312981299268&g_mp=CiVnb29nbGUubWFwcy5wbGFjZXMudjEuUGxhY2VzLkdldFBsYWNlEAIYBCAA","4","1367","5","5","1","3","Seiya Aioria","3","It’s fine. Old rooms, clean but they could use updating. The bed was comfortable. Loud fan. We never got room service an","info@choicehotels.com","","","","2026-04-29"
"Residence Inn by Marriott Atlanta Downtown","134 Peachtree St NW, Atlanta, GA 30303, USA","(404) 522-0950","https://www.marriott.com/en-us/hotels/atldt-residence-inn-atlanta-downtown/overview/?scid=f2ae0541-1279-4f24-b197-a979c79310b0","https://maps.google.com/?cid=7730918487937303920&g_mp=CiVnb29nbGUubWFwcy5wbGFjZXMudjEuUGxhY2VzLkdldFBsYWNlEAIYBCAA","4","1092","5","5","1","3","Daijah","3","Convenient and walkable location. William at the front desk provided great customer service. Shelly from housekeeping wa","info@marriott.com","","","",""
"Extended Stay America Suites- Atlanta - Marietta - Powers Ferry Rd.","2239 Powers Ferry Rd, Marietta, GA 30067, USA","(770) 303-0043","https://www.extendedstayamerica.com/hotels/ga/atlanta/marietta-powers-ferry-rd?channel=gmb-listing&utm_source=google&utm_medium=organic&utm_campaign=gmb_listing","https://maps.google.com/?cid=18123509255368648367&g_mp=CiVnb29nbGUubWFwcy5wbGFjZXMudjEuUGxhY2VzLkdldFBsYWNlEAIYBCAA","3.6","818","5","5","1","1","Kyle Hardy","1","When I arrived around 11pm I was told the room I reserved that morning was not available, so I was getting an upgrade fo","info@extendedstayamerica.com","","","","2026-04-29"
"Holiday Inn Express & Suites Atlanta Buckhead by IHG","800 Sidney Marcus Blvd NE, Atlanta, GA 30324, USA","(404) 949-4000","https://www.ihg.com/holidayinnexpress/hotels/us/en/atlanta/atlbe/hoteldetail?cm_mmc=GoogleMaps-_-EX-_-US-_-ATLBE","https://maps.google.com/?cid=13767440687115301890&g_mp=CiVnb29nbGUubWFwcy5wbGFjZXMudjEuUGxhY2VzLkdldFBsYWNlEAIYBCAA","4.1","1170","5","5","1","2","Michelle D","2","I have stayed at this hotel several times.   I am in Atlanta weekly for work and stay at various hotels in the metro are","info@ihg.com","","","","2026-04-29"
"La Quinta Inn & Suites by Wyndham Atlanta Airport North","1200 Virginia Ave, Atlanta, GA 30344, USA","(404) 209-1800","https://www.wyndhamhotels.com/laquinta/atlanta-georgia/la-quinta-atlanta-airport-north/overview?CID=LC:6ysy27krtpcrqev:53078&iata=00093796","https://maps.google.com/?cid=683059656218349825&g_mp=CiVnb29nbGUubWFwcy5wbGFjZXMudjEuUGxhY2VzLkdldFBsYWNlEAIYBCAA","3.9","3421","5","5","1","2","Kayla Branchaud","2","Booked this room because their site states there is an international shuttle to the airport. Upon arrival we were inform","info@wyndhamhotels.com","","","","2026-04-29"
"SpringHill Suites by Marriott Atlanta Downtown","239 Ivan Allen Jr Blvd NW, Atlanta, GA 30313, USA","(678) 539-2900","https://www.marriott.com/en-us/hotels/atlsd-springhill-suites-atlanta-downtown/overview/?scid=f2ae0541-1279-4f24-b197-a979c79310b0","https://maps.google.com/?cid=14132790312633046877&g_mp=CiVnb29nbGUubWFwcy5wbGFjZXMudjEuUGxhY2VzLkdldFBsYWNlEAIYBCAA","4","1363","5","5","1","1","Julia Alvarado","1","My family and I stayed here Thursday–Saturday (Suite 720) during a weekend trip to the Aquarium, after it was recommende","info@marriott.com","","","",""
"Holiday Inn Express & Suites Atlanta Airport NE - Hapeville, an IHG Hotel","235 N Central Ave, Hapeville, GA 30354, USA","(404) 844-2501","https://www.ihg.com/holidayinnexpress/hotels/us/en/hapeville/atlhp/hoteldetail?cm_mmc=GoogleMaps-_-EX-_-US-_-ATLHP","https://maps.google.com/?cid=3900274336953380284&g_mp=CiVnb29nbGUubWFwcy5wbGFjZXMudjEuUGxhY2VzLkdldFBsYWNlEAIYBCAA","4.2","693","5","5","1","1","Anthony Taylor","1","Awful experience. When I walked in just before midnight after being on the road for 12 hours, I stood at the front desk","info@ihg.com","","","","2026-04-29"
"Holiday Inn & Suites Atlanta Airport-North by IHG","1380 Virginia Ave, Atlanta, GA 30344, USA","(404) 305-9990","https://www.ihg.com/holidayinn/hotels/us/en/atlanta/atlap/hoteldetail?cm_mmc=GoogleMaps-_-HI-_-US-_-ATLAP","https://maps.google.com/?cid=17828384663874036342&g_mp=CiVnb29nbGUubWFwcy5wbGFjZXMudjEuUGxhY2VzLkdldFBsYWNlEAIYBCAA","3.8","2365","5","5","1","3","Ellie Wolcott","3","The staff were very friendly and helpful. The lobby had a great atmosphere, and I was able to work comfortably there. Th","info@ihg.com","","","","2026-04-29"
"Hilton Garden Inn Atlanta Downtown","275 Baker St NW, Atlanta, GA 30313, USA","(404) 577-2001","https://www.hilton.com/en/hotels/atldogi-hilton-garden-inn-atlanta-downtown/?SEO_id=GMB-AMER-GI-ATLDOGI&y_source=1_MjA4MzQyMy03MTUtbG9jYXRpb24ud2Vic2l0ZQ%3D%3D","https://maps.google.com/?cid=11305769129440974899&g_mp=CiVnb29nbGUubWFwcy5wbGFjZXMudjEuUGxhY2VzLkdldFBsYWNlEAIYBCAA","4.2","3002","5","5","1","1","lori s","1","I'm disabled with three bags all four individuals at the desk were very nice but not one of the three women nor the man","info@hilton.com","","","","2026-04-29"
"Hyatt Place Atlanta / Centennial Park","300 Luckie St NW, Atlanta, GA 30313, USA","(404) 521-0008","https://www.hyatt.com/hyatt-place/en-US/atlzt-hyatt-place-atlanta-centennial-park?src=corp_lclb_google_seo_atlzt&utm_source=google&utm_medium=organic&utm_campaign=lmr","https://maps.google.com/?cid=9840044656617053519&g_mp=CiVnb29nbGUubWFwcy5wbGFjZXMudjEuUGxhY2VzLkdldFBsYWNlEAIYBCAA","4.2","809","5","5","1","2","shelby","2","unfortunately would probably not recommend or stay at again. other than the fact staff was friendly and everything locat","info@hyatt.com","","","","2026-04-29"
"The Starling Atlanta Midtown, Curio Collection by Hilton","188 14th St NE, Atlanta, GA 30361, USA","(404) 892-6000","https://www.hilton.com/en/hotels/atltwqq-the-starling-atlanta-midtown/?SEO_id=GMB-AMER-QQ-ATLTWQQ&y_source=1_MjY3MjQxMzItNzE1LWxvY2F0aW9uLndlYnNpdGU%3D","https://maps.google.com/?cid=3225394089991920845&g_mp=CiVnb29nbGUubWFwcy5wbGFjZXMudjEuUGxhY2VzLkdldFBsYWNlEAIYBCAA","4","3751","5","5","1","1","Z Huddy","1","I’ve stayed at this property since it operated as the W, and it was always my preferred hotel in Atlanta. Unfortunately,","info@hilton.com","","","","2026-04-29"
"Holiday Inn Express Atlanta Galleria-Ballpark Area by IHG","2855 Spring Hill Pkwy SE, Smyrna, GA 30080, USA","(770) 435-4990","https://www.ihg.com/holidayinnexpress/hotels/us/en/smyrna/atlcd/hoteldetail?cm_mmc=GoogleMaps-_-EX-_-US-_-ATLCD","https://maps.google.com/?cid=16447450605231489614&g_mp=CiVnb29nbGUubWFwcy5wbGFjZXMudjEuUGxhY2VzLkdldFBsYWNlEAIYBCAA","4.1","1116","5","5","1","1","Magan Dingler","1","THIS HOTEL DOES NOT HAVE HOT WATER!!! We come twice a year for the shoe show and we will not stay here again. The shower","info@ihg.com","","","","2026-04-29"
"Hyatt House Atlanta/Downtown","431 Marietta St NW, Atlanta, GA 30313, USA","(404) 332-5522","https://www.hyatt.com/hyatt-house/en-US/atlxd-hyatt-house-atlanta-downtown?src=corp_lclb_google_seo_atlxd&utm_source=google&utm_medium=organic&utm_campaign=lmr","https://maps.google.com/?cid=60278996228627744&g_mp=CiVnb29nbGUubWFwcy5wbGFjZXMudjEuUGxhY2VzLkdldFBsYWNlEAIYBCAA","4.1","1745","5","5","0","4","Parisa Pourdehghan","4","I had a great experience staying at this hotel. The entire place was very clean and well-maintained, and it was within w","info@hyatt.com","","","","2026-04-29"
"Hilton Garden Inn Atlanta - Buckhead","3342 Peachtree Rd, Atlanta, GA 30326, USA","(404) 231-1234","https://www.hilton.com/en/hotels/atlkhgi-hilton-garden-inn-atlanta-buckhead/?SEO_id=GMB-AMER-GI-ATLKHGI&y_source=1_MTM3MjUzMi03MTUtbG9jYXRpb24ud2Vic2l0ZQ%3D%3D","https://maps.google.com/?cid=10124826726815834535&g_mp=CiVnb29nbGUubWFwcy5wbGFjZXMudjEuUGxhY2VzLkdldFBsYWNlEAIYBCAA","3.8","1893","5","5","0","4","Alicia James-Christian","4","My experience was fine initially we did get there late so the person who was supposed to be at the front desk was defini","info@hilton.com","","","","2026-04-29"
"Extended Stay America Select Suites- Atlanta - Vinings","2474 Cumberland Pkwy SE, Atlanta, GA 30339, USA","(770) 436-1511","https://www.extendedstayamerica.com/hotels/ga/atlanta/vinings?channel=gmb-listing&utm_source=google&utm_medium=organic&utm_campaign=gmb_listing","https://maps.google.com/?cid=9599081762723379503&g_mp=CiVnb29nbGUubWFwcy5wbGFjZXMudjEuUGxhY2VzLkdldFBsYWNlEAIYBCAA","4","559","5","5","0","5","Asia K","5","GiGi provides amazing front desk customer service, she is truly the sweetest and has made my stay exceptional. The entir","info@extendedstayamerica.com","","","","2026-04-29"
"Hampton Inn & Suites Atlanta-Galleria","2733 Circle 75 Pkwy, Atlanta, GA 30339, USA","(770) 955-1110","https://www.hilton.com/en/hotels/atlgrhx-hampton-suites-atlanta-galleria/?SEO_id=GMB-AMER-HX-ATLGRHX&y_source=1_MjA4MzQxOC03MTUtbG9jYXRpb24ud2Vic2l0ZQ%3D%3D","https://maps.google.com/?cid=3422056621427662955&g_mp=CiVnb29nbGUubWFwcy5wbGFjZXMudjEuUGxhY2VzLkdldFBsYWNlEAIYBCAA","4.5","953","5","5","0","5","Berenice Reese","5","Love this Hampton Inn! Starting with the staff! Shout out to Anton. From the moment we walked in we felt welcomed and ap","info@hilton.com","","","","2026-04-29"
"Hotel Clermont Atlanta, by Oliver","789 Ponce De Leon Ave NE, Atlanta, GA 30306, USA","(470) 485-0485","https://www.hotelclermont.com/","https://maps.google.com/?cid=13866594432376215504&g_mp=CiVnb29nbGUubWFwcy5wbGFjZXMudjEuUGxhY2VzLkdldFBsYWNlEAIYBCAA","4.5","1243","5","5","0","4","Jessica Mendoza","4","I had dinner reservations at Tiny Lou's. We have driven past this hotel many times but I'd never been in it. From the ou","user@domain.com","","","",""
"Signia by Hilton Atlanta Georgia World Congress Center","159 Northside Dr NW, Atlanta, GA 30313, USA","(404) 223-4414","https://www.hilton.com/en/hotels/atlwcsa-signia-atlanta-georgia-world-congress-center/?SEO_id=GMB-AMER-SA-ATLWCSA&y_source=1_Mjc3Mjk2MzUtNzE1LWxvY2F0aW9uLndlYnNpdGU%3D","https://maps.google.com/?cid=11547345688619997200&g_mp=CiVnb29nbGUubWFwcy5wbGFjZXMudjEuUGxhY2VzLkdldFBsYWNlEAIYBCAA","4.5","3070","5","5","0","5","Jenna Owens","5","The valet helped me get my luggaged out of my car. The front desk clerk accommodated our stay getting us rooms as close","info@hilton.com","","","","2026-04-29"
"Hotel Phoenix Atlanta","70 Centennial Olympic Park Dr NW, Atlanta, GA 30303, USA","(404) 850-2473","http://www.hotelphoenix.com/?utm_source=google&utm_medium=organic&utm_campaign=business_listing","https://maps.google.com/?cid=10525827391843271566&g_mp=CiVnb29nbGUubWFwcy5wbGFjZXMudjEuUGxhY2VzLkdldFBsYWNlEAIYBCAA","4.8","68","5","5","0","4","Tay Masochist","4","From the moment I arrived, I could tell this place actually cares about guests. The lobby was spotless, the vibe was cal","info@hotelphoenix.com","","","","2026-04-29"
"Sleep Inn Airport - Billy Graham Parkway","701 Yorkmont Rd, Charlotte, NC 28217, USA","(704) 247-1733","https://www.choicehotels.com/north-carolina/charlotte/sleep-inn-hotels/nc084?mc=llgoxxpx","https://maps.google.com/?cid=6143553371069737227&g_mp=CiVnb29nbGUubWFwcy5wbGFjZXMudjEuUGxhY2VzLkdldFBsYWNlEAIYBCAA","3.3","1154","5","5","5","1","Moo El","1","This is the worst hotel I’ve ever stayed in. Worse than 1 star hotels in third world countries. The smell in the lobby a","info@choicehotels.com","","","","2026-04-29"
"Radisson Hotel Charlotte Airport","212 W Woodlawn Rd Building C, Charlotte, NC 28217, USA","(980) 346-6375","https://www.choicehotels.com/north-carolina/charlotte/radisson-hotels/nc722?mc=llgoxxpx","https://maps.google.com/?cid=16408191925396434677&g_mp=CiVnb29nbGUubWFwcy5wbGFjZXMudjEuUGxhY2VzLkdldFBsYWNlEAIYBCAA","3.6","1025","5","5","5","1","Sara Calicott","1","Do not book this hotel!!! I booked as a package deal on Priceline, and typically Radisson hotels are nice. NOT THIS ONE!","info@choicehotels.com","","","","2026-04-29"
"Wyndham Garden Charlotte Executive Park","440 Griffith Rd, Charlotte, NC 28217, USA","(980) 285-8493","https://www.wyndhamhotels.com/wyndham-garden/charlotte-north-carolina/wyndham-garden-charlotte-airport-southeast/overview?CID=LC:46q62bu8edfbx3y:48831&iata=00093796","https://maps.google.com/?cid=5400468665248908874&g_mp=CiVnb29nbGUubWFwcy5wbGFjZXMudjEuUGxhY2VzLkdldFBsYWNlEAIYBCAA","3.1","1569","5","5","5","1","Leland Hinely","1","The hotel is dated with paint thrown over it to make it look fresh. My room was very dated. The furniture was from a res","info@wyndhamhotels.com","","","","2026-04-29"
"Best Western Plus Pineville-Charlotte South","9825 Leitner Dr, Pineville, NC 28134, USA","(704) 341-1190","https://www.bestwestern.com/en_US/book/hotel-rooms.34182.html?iata=00171880&ssob=BLBWI0004G&cid=BLBWI0004G:google:gmb:34182","https://maps.google.com/?cid=11190758170934010238&g_mp=CiVnb29nbGUubWFwcy5wbGFjZXMudjEuUGxhY2VzLkdldFBsYWNlEAIYBCAA","3.6","828","5","5","4","1","Linda Miller","1","Upon arrival we were notified that the elevator was out. No reason was given as to why it was out of order. We were dire","info@bestwestern.com","","","","2026-04-29"
"Super 8 by Wyndham Charlotte University","5100 Equipment Dr, Charlotte, NC 28269, USA","(704) 594-2029","https://super8charlotteuniversity.com/","https://maps.google.com/?cid=14302392388297425033&g_mp=CiVnb29nbGUubWFwcy5wbGFjZXMudjEuUGxhY2VzLkdldFBsYWNlEAIYBCAA","3.2","761","5","5","4","1","natalie dot","1","I would give it zero stars if i could. We got there at 4:30pm and were given a key to room 239 in the end of the upstair","info@super8charlotteuniversity.com","","","","2026-04-29"
"Days Inn by Wyndham Charlotte/Woodlawn Near Carowinds","118 E Woodlawn Rd, Charlotte, NC 28217, USA","(704) 412-5002","https://www.wyndhamhotels.com/days-inn/charlotte-north-carolina/days-inn-charlotte-woodlawn-near-carowinds/overview?CID=LC:iqv0j1dklijly45:982&iata=00093796","https://maps.google.com/?cid=5844477192660827437&g_mp=CiVnb29nbGUubWFwcy5wbGFjZXMudjEuUGxhY2VzLkdldFBsYWNlEAIYBCAA","2.5","1110","5","5","4","1","Royalty Bells Cosmetics","1","This hotel was disgusting when we came in it looked unkept. The host was unkept. Hadn’t swept floors,  wires hanging fro","info@wyndhamhotels.com","","","","2026-04-29"
"Holiday Inn Express & Suites Charlotte Southwest by IHG","7808 Savoy Corporate Dr, Charlotte, NC 28273, USA","(704) 504-1000","https://www.ihg.com/holidayinnexpress/hotels/us/en/charlotte/cltar/hoteldetail?cm_mmc=GoogleMaps-_-EX-_-US-_-CLTAR","https://maps.google.com/?cid=16800514418362463928&g_mp=CiVnb29nbGUubWFwcy5wbGFjZXMudjEuUGxhY2VzLkdldFBsYWNlEAIYBCAA","4.1","403","5","5","4","1","Pr!ncess Arie1","1","Just won’t be staying at hotels anymore. Booked this for valentines night as my fiance and I wind down our road trip, an","info@ihg.com","","","","2026-04-29"
"Holiday Inn Express & Suites Charlotte-Concord-I-85 by IHG","7772 Gateway Ln NW, Concord, NC 28027, USA","(704) 979-7900","https://www.ihg.com/holidayinnexpress/hotels/us/en/concord/cncnc/hoteldetail?cm_mmc=GoogleMaps-_-EX-_-US-_-CNCNC","https://maps.google.com/?cid=12760871955824383874&g_mp=CiVnb29nbGUubWFwcy5wbGFjZXMudjEuUGxhY2VzLkdldFBsYWNlEAIYBCAA","4.2","627","5","5","4","1","basia smith","1","I stayed at this location two weeks ago. My stay wasn’t as pleasant as I would’ve liked it to be. I had a lot going on a","info@ihg.com","","","","2026-04-29"
"Econo Lodge Charlotte Airport Area","4115 Glenwood Dr, Charlotte, NC 28208, USA","(704) 394-4131","https://www.choicehotels.com/north-carolina/charlotte/econo-lodge-hotels/nc959?mc=llgoxxpx","https://maps.google.com/?cid=5232958502521545092&g_mp=CiVnb29nbGUubWFwcy5wbGFjZXMudjEuUGxhY2VzLkdldFBsYWNlEAIYBCAA","3.1","764","5","5","4","1","Lisa Royster","1","Very upset with this location. I reserved rooms online. Cancel one room and added another one on. Got all the way to the","info@choicehotels.com","","","","2026-04-29"
"Hyatt Place Charlotte/Arrowood","7900 Forest Point Blvd, Charlotte, NC 28273, USA","(704) 522-8400","https://www.hyatt.com/hyatt-place/en-US/cltzc-hyatt-place-charlotte-arrowood?src=corp_lclb_google_seo_cltzc&utm_source=google&utm_medium=organic&utm_campaign=lmr","https://maps.google.com/?cid=14499374933611639882&g_mp=CiVnb29nbGUubWFwcy5wbGFjZXMudjEuUGxhY2VzLkdldFBsYWNlEAIYBCAA","3.9","1475","5","5","4","1","Elliott Wood","1","Absolutely filthy hotel. I’ve never canceled a reservation upon showing up until I visited this hotel. The location is c","info@hyatt.com","","","","2026-04-29"
"Days Inn by Wyndham Charlotte Northlake","4924 Sunset Rd, Charlotte, NC 28269, USA","(704) 533-9502","https://www.wyndhamhotels.com/days-inn/charlotte-north-carolina/days-inn-charlotte-northlake/overview?CID=LC:iqv0j1dklijly45:4734&iata=00093796","https://maps.google.com/?cid=11754135432301115856&g_mp=CiVnb29nbGUubWFwcy5wbGFjZXMudjEuUGxhY2VzLkdldFBsYWNlEAIYBCAA","2.5","536","5","5","4","1","Alyssa Gibson","1","Do not stay here!!!!!!! Very bad area! Checked into the room and first thing we do is check the mattress! Soon as I lift","info@wyndhamhotels.com","","","","2026-04-29"
"Sleep Inn & Suites at Concord Mills","7821 Gateway Ln NW, Concord, NC 28027, USA","(704) 979-4077","https://www.choicehotels.com/north-carolina/concord/sleep-inn-hotels/nc334?mc=llgoxxpx","https://maps.google.com/?cid=3731858511732876201&g_mp=CiVnb29nbGUubWFwcy5wbGFjZXMudjEuUGxhY2VzLkdldFBsYWNlEAIYBCAA","3.8","686","5","5","4","1","Latoya Jenkins","1","This was the worst hotel. I’ve stayed at in a long time. Right from the beginning at check-in, the receptionist was so n","info@choicehotels.com","","","","2026-04-29"
"Quality Inn & Suites University Area","5301 Equipment Dr, Charlotte, NC 28262, USA","(704) 247-1742","https://www.choicehotels.com/north-carolina/charlotte/quality-inn-hotels/nc864?mc=llgoxxpx","https://maps.google.com/?cid=6067074565477038795&g_mp=CiVnb29nbGUubWFwcy5wbGFjZXMudjEuUGxhY2VzLkdldFBsYWNlEAIYBCAA","3.4","671","5","5","4","1","Shannon","1","I called before I made my reservation because I did not have my physical debit card because I had to order a new one whi","info@choicehotels.com","","","","2026-04-29"
"WaterWalk Extended Stay Charlotte - Arrowood","1525 W Arrowood Rd, Charlotte, NC 28217, USA","(980) 249-3986","https://www.wyndhamhotels.com/waterwalk/charlotte-north-carolina/waterwalk-extended-stay-charlotte-arrowhead/overview?brand_id=WW","https://maps.google.com/?cid=8513103062476963874&g_mp=CiVnb29nbGUubWFwcy5wbGFjZXMudjEuUGxhY2VzLkdldFBsYWNlEAIYBCAA","3.3","196","5","5","4","1","Stephanie Herring","1","DEC. 5th-7th 2025- Myself and three other adults were very dissatisfied with this place. Check in was fine. The young ma","info@wyndhamhotels.com","","","","2026-04-29"
"Hilton Garden Inn Charlotte North","9315 Statesville Rd, Charlotte, NC 28269, USA","(704) 597-7655","https://www.hilton.com/en/hotels/cltnhgi-hilton-garden-inn-charlotte-north/?SEO_id=GMB-AMER-GI-CLTNHGI&y_source=1_MjA4NTMwMS03MTUtbG9jYXRpb24ud2Vic2l0ZQ%3D%3D","https://maps.google.com/?cid=13620890478988023031&g_mp=CiVnb29nbGUubWFwcy5wbGFjZXMudjEuUGxhY2VzLkdldFBsYWNlEAIYBCAA","4","1053","5","5","4","1","Lynsey Thomas-Twyman","1","The overall experience at this hotel leaves much to be desired. The lobby was what you expect. Had to wait a little bit","info@hilton.com","","","","2026-04-29"
"Wingate by Wyndham Charlotte Airport South/ I-77 Tyvola","6050 Tyvola Glen Cir, Charlotte, NC 28217, USA","(704) 523-3366","https://www.wyndhamhotels.com/wingate/charlotte-north-carolina/wingate-by-wyndham-charlotte-airport-south-i-77-tyvola/overview?CID=LC:7hcm1fujuihd89e:09878","https://maps.google.com/?cid=10365855903623100293&g_mp=CiVnb29nbGUubWFwcy5wbGFjZXMudjEuUGxhY2VzLkdldFBsYWNlEAIYBCAA","4.3","1130","5","5","4","1","Patrice Hinton","1","I will never stay here again . I didn’t smoke in my room . I don’t smoke . Fell asleep with my makeup on because I was t","info@wyndhamhotels.com","","","","2026-04-29"
"Sheraton Charlotte Airport Hotel","3315 Scott Futrell Dr, Charlotte, NC 28208, USA","(704) 392-1200","https://www.marriott.com/en-us/hotels/cltsc-sheraton-charlotte-airport-hotel/overview/?scid=f2ae0541-1279-4f24-b197-a979c79310b0","https://maps.google.com/?cid=6048578790312456763&g_mp=CiVnb29nbGUubWFwcy5wbGFjZXMudjEuUGxhY2VzLkdldFBsYWNlEAIYBCAA","4.3","2007","5","5","3","1","Cheyne O'Laughlin","1","Outdated and not kept up.  Stains on the ceiling. Stains on the lobby furniture.  Charged $55 to check in less than an h","info@marriott.com","","","",""
"Quality Inn Charlotte Airport","3100 Queen City Dr, Charlotte, NC 28208, USA","(980) 500-3895","https://www.choicehotels.com/north-carolina/charlotte/quality-inn-hotels/nc511?mc=llgoxxpx","https://maps.google.com/?cid=1133716727576464143&g_mp=CiVnb29nbGUubWFwcy5wbGFjZXMudjEuUGxhY2VzLkdldFBsYWNlEAIYBCAA","3.6","1771","5","5","3","2","Veronica Bean","2","The location was close to nearby attraction we were in town for. The commute was close and traffic wasn’t entirely bad i","info@choicehotels.com","","","","2026-04-29"
"Holiday Inn Express & Suites Charlotte North by IHG","7230 Smith Corners Blvd, Charlotte, NC 28269, USA","(704) 790-1700","https://www.ihg.com/holidayinnexpress/hotels/us/en/charlotte/cltnl/hoteldetail?cm_mmc=GoogleMaps-_-EX-_-US-_-CLTNL","https://maps.google.com/?cid=7670337865807857020&g_mp=CiVnb29nbGUubWFwcy5wbGFjZXMudjEuUGxhY2VzLkdldFBsYWNlEAIYBCAA","4.4","605","5","5","3","1","Jasmine Jackson","1","Truly was hoping for a great stay and it was NOT. Traveling during the holidays is stressful enough checking into a hote","info@ihg.com","","","","2026-04-29"
"Country Inn & Suites by Radisson, Charlotte I-85 Airport, NC","2541 Little Rock Rd, Charlotte, NC 28214, USA","(704) 394-2000","https://www.choicehotels.com/north-carolina/charlotte/country-inn-suites-hotels/nca78?mc=llgoxxpx","https://maps.google.com/?cid=15972259039406486945&g_mp=CiVnb29nbGUubWFwcy5wbGFjZXMudjEuUGxhY2VzLkdldFBsYWNlEAIYBCAA","3.1","1939","5","5","3","1","Aleta Butts","1","When checking into the hotel,  the staff could not locate my reservation through Booking.com. So we waited over 35 minut","info@choicehotels.com","","","","2026-04-29"
"Extended Stay America Select Suites- Charlotte - Tyvola Rd.","6035 Tyvola Glen Cir, Charlotte, NC 28217, USA","(704) 676-0569","https://www.extendedstayamerica.com/hotels/nc/charlotte/tyvola-rd?channel=gmb-listing&utm_source=google&utm_medium=organic&utm_campaign=gmb_listing","https://maps.google.com/?cid=1319782505893664227&g_mp=CiVnb29nbGUubWFwcy5wbGFjZXMudjEuUGxhY2VzLkdldFBsYWNlEAIYBCAA","4","812","5","5","3","1","Teeiea Hughes","1","The first room that I was in was disgusting very poor very poor condition. There were cigarette butts and cigarette guts","info@extendedstayamerica.com","","","","2026-04-29"
"Sonesta ES Suites Charlotte Arrowood","7925 Forest Pine Dr, Charlotte, NC 28273, USA","(704) 527-6767","https://www.sonesta.com/sonesta-es-suites/nc/charlotte/sonesta-es-suites-charlotte-arrowood?utm_source=google&utm_medium=organic&utm_campaign=gmb","https://maps.google.com/?cid=13643610125078883427&g_mp=CiVnb29nbGUubWFwcy5wbGFjZXMudjEuUGxhY2VzLkdldFBsYWNlEAIYBCAA","3.7","1035","5","5","3","1","Melinda Cotter","1","Definitely think twice about staying here.  We booked this room for one night for a game at BOA stadium because we were","info@sonesta.com","","","","2026-04-29"
"Hyatt Place Charlotte Downtown","222 S Caldwell St, Charlotte, NC 28202, USA","(704) 227-0500","https://www.hyatt.com/hyatt-place/en-US/cltzu-hyatt-place-charlotte-downtown?src=corp_lclb_google_seo_cltzu&utm_source=google&utm_medium=organic&utm_campaign=lmr","https://maps.google.com/?cid=10995050054499428703&g_mp=CiVnb29nbGUubWFwcy5wbGFjZXMudjEuUGxhY2VzLkdldFBsYWNlEAIYBCAA","4.3","2071","5","5","3","2","Ashtin Soule","2","The location was great, and it was definitely convenient having a rooftop bar right at the hotel. Unfortunately, that’s","info@hyatt.com","","","","2026-04-29"
"SpringHill Suites by Marriott Charlotte City Center","311 E 5th St, Charlotte, NC 28202, USA","(704) 439-8100","https://www.marriott.com/en-us/hotels/cltsd-springhill-suites-charlotte-city-center/overview/?scid=f2ae0541-1279-4f24-b197-a979c79310b0","https://maps.google.com/?cid=2924127068046645574&g_mp=CiVnb29nbGUubWFwcy5wbGFjZXMudjEuUGxhY2VzLkdldFBsYWNlEAIYBCAA","4.3","1400","5","5","3","2","Craig Reply","2","SpringHill Suites – A Stay I Won’t Soon Forget (But Wish I Could)  The Good To give credit where credit is due, the room","info@marriott.com","","","",""
"Fairfield by Marriott Inn & Suites Charlotte University Research Park","535 Collins-Aikman Dr, Charlotte, NC 28262, USA","(980) 483-1200","https://www.marriott.com/en-us/hotels/cltfn-fairfield-inn-and-suites-charlotte-university-research-park/overview/?scid=f2ae0541-1279-4f24-b197-a979c79310b0","https://maps.google.com/?cid=17771333686715606494&g_mp=CiVnb29nbGUubWFwcy5wbGFjZXMudjEuUGxhY2VzLkdldFBsYWNlEAIYBCAA","4.3","258","5","5","3","1","Brian Chisholm","1","I took my family of 5 (including me) to Charlotte to celebrate my birthday. Upon checking into our Suite, we were told a","info@marriott.com","","","",""
"Sleep Inn University Place","8525 N Tryon St, Charlotte, NC 28262, USA","(704) 247-1706","https://www.choicehotels.com/north-carolina/charlotte/sleep-inn-hotels/nc005?mc=llgoxxpx","https://maps.google.com/?cid=4114353100201232475&g_mp=CiVnb29nbGUubWFwcy5wbGFjZXMudjEuUGxhY2VzLkdldFBsYWNlEAIYBCAA","3.7","914","5","5","3","1","Hazury Garcia","1","I am currently staying at this hotel and honestly, this place should be shut down until they figure out how to run it pr","info@choicehotels.com","","","","2026-04-29"
"WoodSpring Suites Charlotte-Arrowood","1625 Deboer Ave, Charlotte, NC 28273, USA","(704) 709-5430","https://www.woodspring.com/extended-stay-hotels/locations/north-carolina/charlotte/woodspring-suites-charlotte-arrowood?mc=llgoxxpx","https://maps.google.com/?cid=2953403936394534668&g_mp=CiVnb29nbGUubWFwcy5wbGFjZXMudjEuUGxhY2VzLkdldFBsYWNlEAIYBCAA","4","74","5","5","3","1","Shelby Howard","1","I stayed at this hotel about two weeks ago, and while I try to give places the benefit of the doubt, my overall experien","nc946@stayatchoice.com","","","","2026-04-29"
"Sonesta Charlotte Lower South End","5700 Westpark Dr, Charlotte, NC 28217, USA","(704) 527-9650","https://www.sonesta.com/sonesta-hotels-resorts/nc/charlotte/sonesta-charlotte-lower-south-end?utm_source=google&utm_medium=organic&utm_campaign=gmb","https://maps.google.com/?cid=14870043285903620881&g_mp=CiVnb29nbGUubWFwcy5wbGFjZXMudjEuUGxhY2VzLkdldFBsYWNlEAIYBCAA","4","2550","5","5","2","1","Kendrick Garner","1","We checked in and the Guest Services Manager was very nice and welcoming. However, our room was underwhelming. The chair","info@sonesta.com","","","","2026-04-29"
"Hampton Inn & Suites Charlotte-Arrowood Rd.","9110 Southern Pine Blvd, Charlotte, NC 28273, USA","(704) 525-3333","https://www.hilton.com/en/hotels/clthshx-hampton-suites-charlotte-arrowood-rd/?SEO_id=GMB-AMER-HX-CLTHSHX&y_source=1_MjA4NTI2Ny03MTUtbG9jYXRpb24ud2Vic2l0ZQ%3D%3D","https://maps.google.com/?cid=7697066116807153164&g_mp=CiVnb29nbGUubWFwcy5wbGFjZXMudjEuUGxhY2VzLkdldFBsYWNlEAIYBCAA","4.2","990","5","5","2","2","Nic J","2","Ive never had such a bad check in experience. The hotel couldn't acess my reservation. I told the front desk attendant n","info@hilton.com","","","","2026-04-29"
"Hampton Inn & Suites Charlotte Airport Lake Pointe","2227 Cascade Pointe Boulevard Suite A, Charlotte, NC 28208, USA","(980) 312-5500","https://www.hilton.com/en/hotels/cltlphx-hampton-suites-charlotte-airport-lake-pointe/?SEO_id=GMB-AMER-HX-CLTLPHX&y_source=1_MTUxOTQzMzktNzE1LWxvY2F0aW9uLndlYnNpdGU%3D","https://maps.google.com/?cid=14182796235955091118&g_mp=CiVnb29nbGUubWFwcy5wbGFjZXMudjEuUGxhY2VzLkdldFBsYWNlEAIYBCAA","4.6","613","5","5","2","1","Kelly “KELZ1004”","1","I actually did not get a chance to stay at this Hampton Inn, so my review is completely based on the customer service I","info@hilton.com","","","","2026-04-29"
"Hampton Inn Charlotte-Uptown","530 E M.L.K. Jr Blvd, Charlotte, NC 28202, USA","(704) 373-0917","https://www.hilton.com/en/hotels/cltuthx-hampton-charlotte-uptown/?SEO_id=GMB-AMER-HX-CLTUTHX&y_source=1_MjA4NDQ1Mi03MTUtbG9jYXRpb24ud2Vic2l0ZQ%3D%3D","https://maps.google.com/?cid=13936791379572309103&g_mp=CiVnb29nbGUubWFwcy5wbGFjZXMudjEuUGxhY2VzLkdldFBsYWNlEAIYBCAA","4.3","1558","5","5","2","2","Desire Dazulma","2","We stayed here from Friday (12/5) until Monday (12/8) for the Pop Warner Nationals Cheerleading competition.  The pool d","info@hilton.com","","","","2026-04-29"
"Home2 Suites by Hilton Charlotte Northlake","7227 Smith Corners Blvd, Charlotte, NC 28269, USA","(980) 585-0100","https://www.hilton.com/en/hotels/cltnoht-home2-suites-charlotte-northlake/?SEO_id=GMB-AMER-HT-CLTNOHT&y_source=1_MTQ4NDcyODQtNzE1LWxvY2F0aW9uLndlYnNpdGU%3D","https://maps.google.com/?cid=17455514517071779835&g_mp=CiVnb29nbGUubWFwcy5wbGFjZXMudjEuUGxhY2VzLkdldFBsYWNlEAIYBCAA","3.9","400","5","5","2","3","Ursula G.","3","Overall a nice hotel, but could be better. My room needed some maintenance. The heat didn't work on the thermostat, so I","info@hilton.com","","","","2026-04-29"
"Holiday Inn Express & Suites Charlotte Southeast - Matthews by IHG","9420 E Independence Blvd, Matthews, NC 28105, USA","(704) 443-3100","https://www.ihg.com/holidayinnexpress/hotels/us/en/matthews/staie/hoteldetail?cm_mmc=GoogleMaps-_-EX-_-US-_-STAIE","https://maps.google.com/?cid=9817674459573467404&g_mp=CiVnb29nbGUubWFwcy5wbGFjZXMudjEuUGxhY2VzLkdldFBsYWNlEAIYBCAA","4.2","737","5","5","2","1","Ronee Robbins","1","I’ve stayed at many IHG properties, and unfortunately this was the worst experience I’ve ever had. The front desk staff","info@ihg.com","","","","2026-04-29"
"WoodSpring Suites Charlotte - University Research Park","7007 MacFarlane Blvd, Charlotte, NC 28262, USA","(704) 981-4145","https://www.woodspring.com/extended-stay-hotels/locations/north-carolina/charlotte/woodspring-suites-charlotte-university-research-park?mc=llgoxxpx","https://maps.google.com/?cid=17595570675895148926&g_mp=CiVnb29nbGUubWFwcy5wbGFjZXMudjEuUGxhY2VzLkdldFBsYWNlEAIYBCAA","3.7","326","5","5","2","1","kaylan reynolds","1","Checked in early Sabrina at the front desk was great! Got to the room it was dirty how to wipe everything down. There is","nc937@stayatchoice.com","","","","2026-04-29"
"Fairfield by Marriott Inn & Suites Charlotte Matthews","8540 E Independence Blvd, Charlotte, NC 28227, USA","(980) 245-9200","https://www.marriott.com/en-us/hotels/cltfm-fairfield-inn-and-suites-charlotte-matthews/overview/?scid=f2ae0541-1279-4f24-b197-a979c79310b0","https://maps.google.com/?cid=5760970583302217684&g_mp=CiVnb29nbGUubWFwcy5wbGFjZXMudjEuUGxhY2VzLkdldFBsYWNlEAIYBCAA","4","891","5","5","2","2","Katie Thomas","2","Very disappointed. Booked to stay 7 nights to visit family, arrived earlier than expected and all was great with checkin","info@marriott.com","","","",""
"Hampton Inn Charlotte-University Place","8419 N Tryon St, Charlotte, NC 28262, USA","(704) 548-0905","https://www.hilton.com/en/hotels/cltuvhx-hampton-charlotte-university-place/?SEO_id=GMB-AMER-HX-CLTUVHX&y_source=1_MjA4NTEzOS03MTUtbG9jYXRpb24ud2Vic2l0ZQ%3D%3D","https://maps.google.com/?cid=16917169558011458450&g_mp=CiVnb29nbGUubWFwcy5wbGFjZXMudjEuUGxhY2VzLkdldFBsYWNlEAIYBCAA","3.9","1163","5","5","2","3","Ryan Jones","3","I recently stayed at this Hampton Inn while in town for business. The staff at this location are some of the best in the","info@hilton.com","","","","2026-04-29"
"Quality Suites Pineville - Charlotte","9840 Pineville-Matthews Rd, Pineville, NC 28134, USA","(704) 670-9000","https://www.choicehotels.com/north-carolina/pineville/quality-inn-hotels/nc384?mc=llgoxxpx","https://maps.google.com/?cid=7984484337612094927&g_mp=CiVnb29nbGUubWFwcy5wbGFjZXMudjEuUGxhY2VzLkdldFBsYWNlEAIYBCAA","4","871","5","5","2","1","Garion Smith","1","Well I'd love to have given them some semblance of an actual review but the desk clerk hung up on me mid sentence while","info@choicehotels.com","","","","2026-04-29"
"Comfort Inn Fort Mill Amusement Park at Carowinds Blvd","3725 Avenue of the Carolinas Building A, Fort Mill, SC 29708, USA","(803) 802-8478","https://www.choicehotels.com/south-carolina/fort-mill/comfort-inn-hotels/sc416?mc=llgoxxpx","https://maps.google.com/?cid=2157016440537205867&g_mp=CiVnb29nbGUubWFwcy5wbGFjZXMudjEuUGxhY2VzLkdldFBsYWNlEAIYBCAA","3.8","1340","5","5","2","2","mary shanks","2","So me and my family were in hard times we stay at this location for about 3-4 months. Like two months of us staying we w","info@choicehotels.com","","","","2026-04-29"
"Kasa at Cortland NoDa Charlotte","1700 N Brevard St, Charlotte, NC 28206, USA","(980) 575-5944","https://kasa.com/properties/kasa-at-cortland-noda-charlotte?utm_source=Google&utm_medium=nonpaid&utm_campaign=GMB&utm_term=VisitHotelWebsiteButton&utm_content=NOD","https://maps.google.com/?cid=17156575331774667374&g_mp=CiVnb29nbGUubWFwcy5wbGFjZXMudjEuUGxhY2VzLkdldFBsYWNlEAIYBCAA","4.9","105","5","5","2","3","Elliott Wood","3","Decided to stay here because I am moving in down the street. Was gone and received a noise notice from their in room sys","info@kasa.com","","","","2026-04-29"
"TownePlace Suites by Marriott Charlotte Fort Mill","1047 Red Ventures Dr, Fort Mill, SC 29707, USA","(803) 547-5001","https://www.marriott.com/en-us/hotels/cltmi-towneplace-suites-charlotte-fort-mill/overview/?scid=f2ae0541-1279-4f24-b197-a979c79310b0","https://maps.google.com/?cid=7010728643027860434&g_mp=CiVnb29nbGUubWFwcy5wbGFjZXMudjEuUGxhY2VzLkdldFBsYWNlEAIYBCAA","4.2","443","5","5","2","1","Lauren Beers","1","We booked a one-bedroom suite for 2 adults and 2 children and arrived to find we had been moved to a standard two-queen","info@marriott.com","","","",""
"Uptown Suites Extended Stay Charlotte NC – Concord","7850 Commons Park Cir NW, Concord, NC 28027, USA","(888) 882-0344","https://uptownsuites.com/extended-stay-hotels/concord-north-carolina/?utm_source=google&utm_medium=GMB","https://maps.google.com/?cid=16865576159410793225&g_mp=CiVnb29nbGUubWFwcy5wbGFjZXMudjEuUGxhY2VzLkdldFBsYWNlEAIYBCAA","3.8","538","5","5","2","1","Chris Curiale","1","I advise anyone that is looking for a room for a night or even for a long period of time to just stay clear. This place","info@uptownsuites.com","","","","2026-04-29"
"Hilton Garden Inn Charlotte Uptown","508 E M.L.K. Jr Blvd, Charlotte, NC 28202, USA","(704) 347-5972","https://www.hilton.com/en/hotels/cltupgi-hilton-garden-inn-charlotte-uptown/?SEO_id=GMB-AMER-GI-CLTUPGI&y_source=1_MjA4NDM4Ny03MTUtbG9jYXRpb24ud2Vic2l0ZQ%3D%3D","https://maps.google.com/?cid=11046516769122025242&g_mp=CiVnb29nbGUubWFwcy5wbGFjZXMudjEuUGxhY2VzLkdldFBsYWNlEAIYBCAA","4.3","1685","5","5","2","1","Sterling Johnson","1","Wife & I stayed the weekend. We stayed in room 905. The room was very dated. We expected a more up to date room being th","info@hilton.com","","","","2026-04-29"
"Hyatt Place Charlotte / University Research Park","640 University Center Blvd, Charlotte, NC 28262, USA","(980) 256-5500","https://www.hyatt.com/hyatt-place/en-US/cltzv-hyatt-place-charlotte-university-research-park?src=corp_lclb_google_seo_cltzv&utm_source=google&utm_medium=organic&utm_campaign=lmr","https://maps.google.com/?cid=16716433935407565563&g_mp=CiVnb29nbGUubWFwcy5wbGFjZXMudjEuUGxhY2VzLkdldFBsYWNlEAIYBCAA","4.2","421","5","5","2","1","Aaron Butner","1","UPDATE TO HP RESPONSE:  What a foolish & uninformed response… We were told the breakfast was included by the young lady","info@hyatt.com","","","","2026-04-29"
"Holiday Inn Express & Suites Charlotte - Ballantyne by IHG","15139 Ballancroft Pkwy, Charlotte, NC 28277, USA","(704) 541-9004","https://www.ihg.com/holidayinnexpress/hotels/us/en/charlotte/cltjr/hoteldetail?cm_mmc=GoogleMaps-_-EX-_-US-_-CLTJR","https://maps.google.com/?cid=2113346310362359952&g_mp=CiVnb29nbGUubWFwcy5wbGFjZXMudjEuUGxhY2VzLkdldFBsYWNlEAIYBCAA","4.1","486","5","5","1","1","Anthony Douglas, Jr.","1","I stayed at this property from January 16 through January 18 in connection with a stay to play youth hockey tournament,","info@ihg.com","","","","2026-04-29"
"SpringHill Suites by Marriott Charlotte at Carowinds","1000 Coasterview Dr, Charlotte, NC 28273, USA","(704) 499-9509","https://www.marriott.com/en-us/hotels/cltsr-springhill-suites-charlotte-at-carowinds/overview/?scid=f2ae0541-1279-4f24-b197-a979c79310b0","https://maps.google.com/?cid=3928134659799359682&g_mp=CiVnb29nbGUubWFwcy5wbGFjZXMudjEuUGxhY2VzLkdldFBsYWNlEAIYBCAA","4.3","480","5","5","1","1","Constance Angelique","1","Back in August I booked a stay at this location for my birthday celebration at Carowinds. It was a one night stay, and a","info@marriott.com","","","",""
"Sheraton Charlotte Hotel","555 S McDowell St Tower, Charlotte, NC 28204, USA","(704) 372-4100","https://www.marriott.com/en-us/hotels/cltws-sheraton-charlotte-hotel/overview/?scid=f2ae0541-1279-4f24-b197-a979c79310b0","https://maps.google.com/?cid=12438208906150386924&g_mp=CiVnb29nbGUubWFwcy5wbGFjZXMudjEuUGxhY2VzLkdldFBsYWNlEAIYBCAA","3.9","1979","5","5","1","2","Michael Sanders","2","Sheraton Charlotte Hotel, February 2026  Good: Service at the bar/restaurant was very good. The doorman/valet was friend","info@marriott.com","","","",""
"Holiday Inn Express & Suites Charlotte NE - University Area by IHG","6020 University Pointe Blvd, Charlotte, NC 28262, USA","(704) 496-9780","https://www.ihg.com/holidayinnexpress/hotels/us/en/charlotte/cltik/hoteldetail?cm_mmc=GoogleMaps-_-EX-_-US-_-CLTIK","https://maps.google.com/?cid=9119712330248126893&g_mp=CiVnb29nbGUubWFwcy5wbGFjZXMudjEuUGxhY2VzLkdldFBsYWNlEAIYBCAA","4.2","686","5","5","1","3","Jim Partica","3","The room was mostly clean but never received coffee in the room except upon arrival.   One day the beds were made and th","info@ihg.com","","","","2026-04-29"
"Tru by Hilton Charlotte Ayrsley","9233 Kings Parade Blvd, Charlotte, NC 28273, USA","(704) 499-9010","https://www.hilton.com/en/hotels/cltcaru-tru-charlotte-ayrsley/?SEO_id=GMB-AMER-RU-CLTCARU&y_source=1_OTIzNjQzOS03MTUtbG9jYXRpb24ud2Vic2l0ZQ%3D%3D","https://maps.google.com/?cid=11555407587065526614&g_mp=CiVnb29nbGUubWFwcy5wbGFjZXMudjEuUGxhY2VzLkdldFBsYWNlEAIYBCAA","4.1","860","5","5","1","1","L S","1","First I would like to say how disappointed I’am with my stay! I was nervous when I knew they allowed you to bring your p","info@hilton.com","","","","2026-04-29"
"Drury Inn & Suites Charlotte Arrowood","8925 Red Oak Blvd, Charlotte, NC 28217, USA","(704) 561-7499","https://www.druryhotels.com/locations/charlotte-nc/Drury-Inn-and-Suites-Charlotte-Arrowood?utm_campaign=gmb&utm_medium=organic&utm_source=local2","https://maps.google.com/?cid=7810137593400726767&g_mp=CiVnb29nbGUubWFwcy5wbGFjZXMudjEuUGxhY2VzLkdldFBsYWNlEAIYBCAA","4.6","1953","5","5","1","3","Tristan Coates","3","Room was decent, nothing extraordinary. Housekeeping could have been better. Shower soap was in need of a refill before","info@druryhotels.com","","","","2026-04-29"
"Embassy Suites by Hilton Charlotte Concord Golf Resort & Spa","5400 John Q. Hammons Dr NW, Concord, NC 28027, USA","(704) 455-8200","https://www.hilton.com/en/hotels/cltcces-embassy-suites-charlotte-concord-golf-resort-and-spa/?SEO_id=GMB-AMER-ES-CLTCCES&y_source=1_MTEwOTkyNi03MTUtbG9jYXRpb24ud2Vic2l0ZQ%3D%3D","https://maps.google.com/?cid=1014818766439585148&g_mp=CiVnb29nbGUubWFwcy5wbGFjZXMudjEuUGxhY2VzLkdldFBsYWNlEAIYBCAA","4.3","4213","5","5","1","1","Jenny D.","1","They are doing a really loud construction and it sounds like you’re getting a root canal in your room. Stay away! Defini","info@hilton.com","","","","2026-04-29"
"Kasa Dilworth Charlotte","1351 E Morehead St, Charlotte, NC 28204, USA","(704) 741-6810","https://kasa.com/properties/kasa-kasa-dilworth-charlotte?utm_source=Google&utm_medium=nonpaid&utm_campaign=GMB&utm_term=VisitHotelWebsiteButton&utm_content=BED","https://maps.google.com/?cid=10335314823246298105&g_mp=CiVnb29nbGUubWFwcy5wbGFjZXMudjEuUGxhY2VzLkdldFBsYWNlEAIYBCAA","4.8","133","5","5","1","3","Scott Wolfman","3","I like the apartment. It beats a hotel. Roomier. I was not thrilled with customer service and the space has the basics -","info@kasa.com","","","","2026-04-29"
"Rodeway Inn Charlotte South","305 Archdale Dr, Charlotte, NC 28217, USA","(704) 525-3033","https://www.choicehotels.com/north-carolina/charlotte/rodeway-inn-hotels/ncb42?mc=llgoxxpx","https://maps.google.com/?cid=5876108272183149309&g_mp=CiVnb29nbGUubWFwcy5wbGFjZXMudjEuUGxhY2VzLkdldFBsYWNlEAIYBCAA","4.3","100","5","5","1","1","Patty Murphy","1","The man at the desk 'you pay $85.00' - I presented a Priceline deal and as I have referenced the room rate of $55 plus t","info@choicehotels.com","","","","2026-04-29"
"Hilton Charlotte University Place","8629 J M Keynes Dr, Charlotte, NC 28262, USA","(704) 547-7444","https://www.hilton.com/en/hotels/clthuhf-hilton-charlotte-university-place/?SEO_id=GMB-AMER-HH-CLTHUHF&y_source=1_MTIyMDk2Ni03MTUtbG9jYXRpb24ud2Vic2l0ZQ%3D%3D","https://maps.google.com/?cid=12721346549008463210&g_mp=CiVnb29nbGUubWFwcy5wbGFjZXMudjEuUGxhY2VzLkdldFBsYWNlEAIYBCAA","4.2","3548","5","5","1","2","Lalatendu Mohanty","2","So far, I have stayed here twice while attending chess tournaments organized by the Charlotte Chess Center. Unfortunatel","info@hilton.com","","","","2026-04-29"
"315 @ LoSo","315 E Woodlawn Rd, Charlotte, NC 28217, USA","(704) 910-0273","http://www.315loso.com/?utm_source=google&utm_medium=organic&utm_campaign=business_listing","https://maps.google.com/?cid=13070598284126853653&g_mp=CiVnb29nbGUubWFwcy5wbGFjZXMudjEuUGxhY2VzLkdldFBsYWNlEAIYBCAA","4.3","406","5","5","0","4","Tasha","4","I booked this hotel specifically because it was out of the city, hoping to avoid the loud sound of fireworks because of","losohotel315@gmail.com","","","","2026-04-29"
"Sleep Inn Matthews - Charlotte","9900 Matthews Park Dr, Matthews, NC 28105, USA","(980) 837-7940","https://www.choicehotels.com/north-carolina/matthews/sleep-inn-hotels/nc032?mc=llgoxxpx","https://maps.google.com/?cid=14449351084065109403&g_mp=CiVnb29nbGUubWFwcy5wbGFjZXMudjEuUGxhY2VzLkdldFBsYWNlEAIYBCAA","3.8","701","5","5","0","5","Shiv Patel","5","Genuinely had a great stay at this Sleep in, the staff were very friendly, the rooms were clean and organized, and every","info@choicehotels.com","","","","2026-04-29"
"Hampton Inn & Suites Charlotte/SouthPark at Phillips Place","6700 Phillips Pl Ct, Charlotte, NC 28210, USA","(704) 319-5700","https://www.hilton.com/en/hotels/cltsphx-hampton-suites-charlotte-southpark-at-phillips-place/?SEO_id=GMB-AMER-HX-CLTSPHX&y_source=1_MjA4NDc5MC03MTUtbG9jYXRpb24ud2Vic2l0ZQ%3D%3D","https://maps.google.com/?cid=4414030494679396362&g_mp=CiVnb29nbGUubWFwcy5wbGFjZXMudjEuUGxhY2VzLkdldFBsYWNlEAIYBCAA","4.6","776","5","5","0","4","Lilian Soto","4","A few months ago we stayed at this same hotel and our experience was truly 10/10. This time, however, the room was not c","info@hilton.com","","","","2026-04-29"
"Kasa Edison House Charlotte","1921 Charlotte Dr, Charlotte, NC 28203, USA","(704) 741-7307","https://kasa.com/properties/kasa-edison-house-charlotte?utm_source=Google&utm_medium=nonpaid&utm_campaign=GMB&utm_term=VisitHotelWebsiteButton&utm_content=CHA","https://maps.google.com/?cid=6783006722384004669&g_mp=CiVnb29nbGUubWFwcy5wbGFjZXMudjEuUGxhY2VzLkdldFBsYWNlEAIYBCAA","4.7","248","5","5","0","5","sherrie portis","5","This space was so amazing for my work trip to Charlotte. Beautiful location, great communication and room was so charmin","info@kasa.com","","","","2026-04-29"
"Drury Inn & Suites Charlotte Northlake","6920 Northlake Mall Dr, Charlotte, NC 28216, USA","(704) 599-8882","https://www.druryhotels.com/locations/charlotte-nc/drury-inn-and-suites-charlotte-northlake?utm_campaign=gmb&utm_medium=organic&utm_source=local2","https://maps.google.com/?cid=4787819442088918564&g_mp=CiVnb29nbGUubWFwcy5wbGFjZXMudjEuUGxhY2VzLkdldFBsYWNlEAIYBCAA","4.5","1738","5","5","0","5","Megan L","5","We loved our stay at Drury Inn and Suites. The staff here are so welcoming and kind, rooms are clean, and location was s","info@druryhotels.com","","","","2026-04-29"
"The Dunhill Hotel","237 N Tryon St, Charlotte, NC 28202, USA","(704) 332-4141","https://www.dunhillhotel.com/","https://maps.google.com/?cid=8409202333112023129&g_mp=CiVnb29nbGUubWFwcy5wbGFjZXMudjEuUGxhY2VzLkdldFBsYWNlEAIYBCAA","4.3","961","5","5","0","5","Clarke Leighton","5","We had my sister's entire Bachelorette/Bridal Shower weekend at the Dunhill and they exceeded expectations! The rooms we","info@dunhillhotel.com","","","","2026-04-29"
"JW Marriott Charlotte","600 S College St, Charlotte, NC 28202, USA","(704) 333-1101","https://www.marriott.com/en-us/hotels/cltjw-jw-marriott-charlotte/overview/?scid=f2ae0541-1279-4f24-b197-a979c79310b0","https://maps.google.com/?cid=11169301463972905967&g_mp=CiVnb29nbGUubWFwcy5wbGFjZXMudjEuUGxhY2VzLkdldFBsYWNlEAIYBCAA","4.6","1126","5","5","0","4","Michelle L","4","Had a wonderful stay here for a quick getaway with a friend! The location is perfect—we were steps away from amazing foo","info@marriott.com","","","",""
"Supercuts","279 Newbury St, Boston, MA 02116, USA","(617) 644-0458","https://www.supercuts.com/locations/nearme/haircut/ma/boston/279-newbury-street/8679","https://maps.google.com/?cid=950486066837412554&g_mp=CiVnb29nbGUubWFwcy5wbGFjZXMudjEuUGxhY2VzLkdldFBsYWNlEAIYBCAA","4.5","1185","5","5","2","1","Nicole Taylor","1","I had a very bad experience with a hair cut from Mia on Friday 10/10/25, I saw the good reviews so I gave her a chance,","info@supercuts.com","","","","2026-04-29"
"Pathos Salon Boston","270 Newbury St, Boston, MA 02116, USA","(857) 233-4944","https://www.pathossalonboston.com/","https://maps.google.com/?cid=10949097988823951949&g_mp=CiVnb29nbGUubWFwcy5wbGFjZXMudjEuUGxhY2VzLkdldFBsYWNlEAIYBCAA","4.9","299","5","5","1","2","Isadora Goldman Leviton","2","Max cut my hair yesterday - it looks totally butchered. The bangs are tiny, and look nothing like the photos I showed hi","info@pathossalonboston.com","","","","2026-04-29"
"Salon Mario Russo","71 Park Plaza, Boston, MA 02116, USA","(617) 424-6676","https://mariorusso.com/","https://maps.google.com/?cid=3851154660733141112&g_mp=CiVnb29nbGUubWFwcy5wbGFjZXMudjEuUGxhY2VzLkdldFBsYWNlEAIYBCAA","4.8","328","5","5","1","1","Hanieh Asghari Oskoei","1","I did my hair with Rezi and she was absolutely amazing. She was good. Kind, with patience and the other staff were also","info@mariorusso.com","","","","2026-04-29"
"LAMS Boston","274 Summer St, Boston, MA 02210, USA","","https://www.lamsboston.com/","https://maps.google.com/?cid=16396296997698708056&g_mp=CiVnb29nbGUubWFwcy5wbGFjZXMudjEuUGxhY2VzLkdldFBsYWNlEAIYBCAA","4.9","134","5","5","1","2","Pham Abarzua","2","I got a pretty disappointing haircut, which is unfortunate considering the salon’s perfect rating and stellar reviews. T","info@lamsboston.com","","","","2026-04-29"
"G2O Spa + Salon","33 Exeter St, Boston, MA 02116, USA","(617) 262-2220","http://www.g2ospasalon.com/","https://maps.google.com/?cid=10880636689570226827&g_mp=CiVnb29nbGUubWFwcy5wbGFjZXMudjEuUGxhY2VzLkdldFBsYWNlEAIYBCAA","4.4","488","5","5","1","2","Stacy Nobles","2","While I have had a few lovely massages here, I have been disappointed by the phone staff and over-promised services. My","info@g2ospasalon.com","","","","2026-04-29"
"Latino Beauty Salon","3125 Washington St, Boston, MA 02119, USA","(617) 522-2055","http://www.latinobeautysalonboston.com/","https://maps.google.com/?cid=3136893237354937086&g_mp=CiVnb29nbGUubWFwcy5wbGFjZXMudjEuUGxhY2VzLkdldFBsYWNlEAIYBCAA","4.8","729","5","5","1","3","Jalika Monae","3","The website says they do cuts and color... I made a appointment went in explained i wanted a cut color and style...I had","info@latinobeautysalonboston.com","","","","2026-04-29"
"Honey & Comb Salon","56 Wareham St Suite 209, Boston, MA 02118, USA","(978) 408-8521","http://www.honeyandcomb.salon/","https://maps.google.com/?cid=8200674280161885121&g_mp=CiVnb29nbGUubWFwcy5wbGFjZXMudjEuUGxhY2VzLkdldFBsYWNlEAIYBCAA","4.8","35","5","5","1","2","Abbi","2","I went in for a full head of highlights with Kristin. I left with wet hair, and when my hair dried and I got home I real","user@domain.com","","","",""
"Viselli Salon","69 Newbury St 2nd Floor, Boston, MA 02116, USA","(857) 350-4856","http://www.vs-salon.com/","https://maps.google.com/?cid=1777529953919874786&g_mp=CiVnb29nbGUubWFwcy5wbGFjZXMudjEuUGxhY2VzLkdldFBsYWNlEAIYBCAA","4.9","2383","5","5","0","5","Olivia Driscoll","5","Ashley did such an amazing job on my hair! She gave me the most beautiful highlights they blend perfectly and look so na","info@vs-salon.com","","","","2026-04-29"
"Sky Salon","1104 Commonwealth Ave, Boston, MA 02215, USA","(617) 466-9722","https://sky-salon.square.site/","https://maps.google.com/?cid=12063126173619559840&g_mp=CiVnb29nbGUubWFwcy5wbGFjZXMudjEuUGxhY2VzLkdldFBsYWNlEAIYBCAA","4.9","538","5","5","0","4","C Kru","4","Booked a haircut with Ivy and she was wonderful, the whole process was a good experience and she took her time so I was","hi@mystore.com","","","","2026-04-29"
"Avanti Salon","20 Newbury St #4, Boston, MA 02116, USA","(617) 267-4027","https://avantisalonboston.com/","https://maps.google.com/?cid=1020578620032604959&g_mp=CiVnb29nbGUubWFwcy5wbGFjZXMudjEuUGxhY2VzLkdldFBsYWNlEAIYBCAA","4.8","592","5","5","0","5","Lourdes Maria & Jeff McLaughlin","5","Ethan is hands down the best hair stylist in Boston. I am extremely picky about blowouts and haircuts, and he always del","avantisalonboston@gmail.com","","","","2026-04-29"
"Blackroom Salon","61 Berkeley St, Boston, MA 02116, USA","(617) 426-2525","http://blackroomsalon.com/","https://maps.google.com/?cid=17551271586608050014&g_mp=CiVnb29nbGUubWFwcy5wbGFjZXMudjEuUGxhY2VzLkdldFBsYWNlEAIYBCAA","4.9","311","5","5","0","5","Mischa Skolnik Troy","5","Love Blackroom Salon! I had the same hairdresser for years until I moved to Boston and have been so happy with this new","user@domain.com","","","",""
"Commune Hair Boston | Award-Winning Hair Salon","840 Summer St Floor 3, Boston, MA 02127, USA","(617) 370-1976","https://www.communeboston.com/","https://maps.google.com/?cid=11329244740836404634&g_mp=CiVnb29nbGUubWFwcy5wbGFjZXMudjEuUGxhY2VzLkdldFBsYWNlEAIYBCAA","4.9","114","5","5","0","5","Alexus Sorina","5","I’ve been going to see Po for over a year now, and I can always count on her to do an amazing job with my hair. For this","communeboston@studiob247.com","","","","2026-04-29"
"Carbon Salon","170 Tremont St #2, Boston, MA 02111, USA","(617) 556-0044","https://carbonsalonboston.com/","https://maps.google.com/?cid=11434112281036418301&g_mp=CiVnb29nbGUubWFwcy5wbGFjZXMudjEuUGxhY2VzLkdldFBsYWNlEAIYBCAA","4.8","386","5","5","0","5","Ulviyya Turabova","5","I had an absolutely amazing experience at Carbon Hair Salon! The staff were incredibly kind, welcoming, and attentive fr","info@carbonsalonboston.com","","","","2026-04-29"
"LOVE AND MERCY Salon","403 D St, Boston, MA 02210, USA","(617) 982-6622","https://www.loveandmercysalon.com/","https://maps.google.com/?cid=6786511872606858387&g_mp=CiVnb29nbGUubWFwcy5wbGFjZXMudjEuUGxhY2VzLkdldFBsYWNlEAIYBCAA","4.9","250","5","5","0","5","Elle Kennedy","5","A truly amazing salon that is home to a talented team of people! Everyone is welcoming and friendly and the level of res","info@lamsboston.com","","","","2026-04-29"
"Alexander Safar Salon","164 Newbury St 2nd Floor, Boston, MA 02116, USA","(617) 936-4289","https://www.alexandersafar.com/","https://maps.google.com/?cid=10817739202861061447&g_mp=CiVnb29nbGUubWFwcy5wbGFjZXMudjEuUGxhY2VzLkdldFBsYWNlEAIYBCAA","4.9","851","5","5","0","5","Daniela Dávila","5","This was my second time visiting Alexander Salon to see Marthe, and once again she completely exceeded my expectations.","user@domain.com","","","",""
"Apothecary Salon","56 Wareham St Suite 205, Boston, MA 02118, USA","(617) 953-4141","http://www.apothecarysalonboston.com/?utm_source=google&utm_medium=wix_google_business_profile&utm_campaign=16801741709345693013","https://maps.google.com/?cid=2987172083834720131&g_mp=CiVnb29nbGUubWFwcy5wbGFjZXMudjEuUGxhY2VzLkdldFBsYWNlEAIYBCAA","4.8","190","5","5","0","5","Julia Newman","5","Grace is amazing! She is really passionate about her work and getting you to look your best. Really works with you to ge","info@apothecarysalonboston.com","","","","2026-04-29"
"Amaci Salon","230 Stuart St, Boston, MA 02116, USA","(617) 292-0202","http://www.amacisalon.com/","https://maps.google.com/?cid=14908266629308935461&g_mp=CiVnb29nbGUubWFwcy5wbGFjZXMudjEuUGxhY2VzLkdldFBsYWNlEAIYBCAA","4.7","308","5","5","0","5","Likhitha Mateti","5","Amaad is definitely one of the best stylists in Boston! He completely fixed a bad color job I got from another salon and","info@amacisalon.com","","","","2026-04-29"
"Blonde and Bronde Salon","207 Newbury St Suite 201, Boston, MA 02116, USA","(857) 867-5869","https://blondeandbrondesalon.com/","https://maps.google.com/?cid=3131876802495838575&g_mp=CiVnb29nbGUubWFwcy5wbGFjZXMudjEuUGxhY2VzLkdldFBsYWNlEAIYBCAA","4.9","117","5","5","0","5","Stasia","5","I found this salon through Google Maps and was impressed by the previous work and reviews. That’s especially important w","blondeandbrondesalon@gmail.com","","","","2026-04-29"
"Stilisti Salon","116 Newbury St 2nd Floor, Boston, MA 02116, USA","(617) 262-2234","https://www.stilistiboston.com/","https://maps.google.com/?cid=14665764439616295071&g_mp=CiVnb29nbGUubWFwcy5wbGFjZXMudjEuUGxhY2VzLkdldFBsYWNlEAIYBCAA","4.9","271","5","5","0","5","Jasmine Zhou","5","Had my first bridal hair and makeup trial here with Taynara and she crushed it! Showed her the inspo picture of what I w","info@stilistiboston.com","","","","2026-04-29"
"Alexander Salon & Spa","224 Harvard St, Brookline, MA 02446, USA","(617) 734-1244","http://www.alexandersamsalon.com/","https://maps.google.com/?cid=8294102375555511365&g_mp=CiVnb29nbGUubWFwcy5wbGFjZXMudjEuUGxhY2VzLkdldFBsYWNlEAIYBCAA","4.8","1328","5","5","0","5","Heliya Ahmadi","5","I came all the way from Pennsylvania just to see Nader, and honestly… I’d do it again. No one has ever cut, styled, or b","info@alexandersamsalon.com","","","","2026-04-29"
"MG Hair Artistic Salon - Boston","379 Cambridge St, Boston, MA 02134, USA","(617) 202-5218","https://mghairartistic.com/ma-boston","https://maps.google.com/?cid=18238647068086017763&g_mp=CiVnb29nbGUubWFwcy5wbGFjZXMudjEuUGxhY2VzLkdldFBsYWNlEAIYBCAA","4.7","568","5","5","0","5","Sagarina Adhikari","5","I had such an amazing experience at this hair salon! From the moment I walked in, everyone was so welcoming and professi","info@mghairartistic.com","","","","2026-04-29"
"She Is Sofie James","707 E Broadway, Boston, MA 02127, USA","(617) 269-2300","http://sheissofiejames.com/","https://maps.google.com/?cid=8644518769102163855&g_mp=CiVnb29nbGUubWFwcy5wbGFjZXMudjEuUGxhY2VzLkdldFBsYWNlEAIYBCAA","5","302","5","5","0","5","Zoe Sullivan","5","Sarah is the BEST stylist I have ever been to. Not only is her technique, coloring, and styling amazing, but she really","info@sheissofiejames.com","","","","2026-04-29"
"M Salon Boston","54 Queensberry St, Boston, MA 02215, USA","(857) 990-3167","http://www.msalonboston.com/","https://maps.google.com/?cid=9530381442356644830&g_mp=CiVnb29nbGUubWFwcy5wbGFjZXMudjEuUGxhY2VzLkdldFBsYWNlEAIYBCAA","4.7","186","5","5","0","5","Juliana Sanchez","5","I cannot say enough amazing things about my experience at M Salon! From the moment you walk in, you are blown away by ho","user@domain.com","","","",""
"HER Boston","633 Tremont St, Boston, MA 02118, USA","(617) 869-6473","http://www.hercollectiveboston.com/","https://maps.google.com/?cid=15380192183867759351&g_mp=CiVnb29nbGUubWFwcy5wbGFjZXMudjEuUGxhY2VzLkdldFBsYWNlEAIYBCAA","5","46","5","5","0","5","Emily Coffman","5","Just checked out their NEW location (opening one block down) and it’s so cute! Gina did a great job with my cut and blow","user@domain.com","","","",""
"V&O Salon","132 Newbury St floor 3, Boston, MA 02116, USA","(617) 262-0137","https://vosalonboston.com/","https://maps.google.com/?cid=17017554822431294113&g_mp=CiVnb29nbGUubWFwcy5wbGFjZXMudjEuUGxhY2VzLkdldFBsYWNlEAIYBCAA","4.7","144","5","5","0","5","Neely Lewis","5","I love getting my hair done at V&O salon! I have been coming here for almost 5 years to get hair botox. I always love th","info@vohairsalon.com","","","","2026-04-29"
"Sola Salons","3 Center Plz, Boston, MA 02108, USA","(617) 600-8202","https://www.solasalonstudios.com/locations/boston-government-center?utm_source=gmb&utm_medium=organic","https://maps.google.com/?cid=2755638836431241158&g_mp=CiVnb29nbGUubWFwcy5wbGFjZXMudjEuUGxhY2VzLkdldFBsYWNlEAIYBCAA","4.9","110","5","5","0","5","Alexis","5","Xiomara is the best hairstylist I’ve ever met. I’ve been coming to her (since before she started X Beauty Studio) for th","bostonsola@gmail.com","","","","2026-04-29"
"Haute Coiffure Salon","629 Commonwealth Ave, Boston, MA 02215, USA","(617) 236-0667","","https://maps.google.com/?cid=11126502389091165253&g_mp=CiVnb29nbGUubWFwcy5wbGFjZXMudjEuUGxhY2VzLkdldFBsYWNlEAIYBCAA","4.6","388","5","5","0","5","Y N","5","Eddie did an incredible job on my hair! It turned out even better than I imagined, and I’ve been getting nonstop complim","","","","",""
"Salon Inez","114 Newbury St, Boston, MA 02116, USA","(617) 206-2066","http://saloninez.com/","https://maps.google.com/?cid=11203385744871114324&g_mp=CiVnb29nbGUubWFwcy5wbGFjZXMudjEuUGxhY2VzLkdldFBsYWNlEAIYBCAA","5","84","5","5","0","5","Christina","5","Suzie Mello is the ONLY person that I will trust with my hair. I went to her after having a botched dye job that left my","info@saloninez.com","","","","2026-04-29"
"Collective","10 Lewis St, Boston, MA 02109, USA","","https://collectivesalonboston.com/","https://maps.google.com/?cid=882137979210955940&g_mp=CiVnb29nbGUubWFwcy5wbGFjZXMudjEuUGxhY2VzLkdldFBsYWNlEAIYBCAA","4.9","47","5","5","0","5","Tallie Hausser","5","Olivia is a STAR she helped fix my serious breakage and is a masterful highlight queen. She figured out the right blonde","collectivesalonboston@gmail.com","","","","2026-04-29"
"ZENAROSE SALON","45-49 River St, Boston, MA 02108, USA","(857) 991-1680","http://www.zenarose.com/","https://maps.google.com/?cid=3289517044394253523&g_mp=CiVnb29nbGUubWFwcy5wbGFjZXMudjEuUGxhY2VzLkdldFBsYWNlEAIYBCAA","4.7","265","5","5","0","5","Alona Iavorska","5","I had an amazing experience with Marta - truly one of the best hairstylists I’ve ever visited. I came in for an AirTouch","user@domain.com","","","",""
"House of Colour Salon","118 Milk St, Boston, MA 02109, USA","(857) 317-2400","https://houseofcoloursalon.us/","https://maps.google.com/?cid=10846206403222915535&g_mp=CiVnb29nbGUubWFwcy5wbGFjZXMudjEuUGxhY2VzLkdldFBsYWNlEAIYBCAA","4.7","91","5","5","0","5","Candou","5","Amazing experience with Jacquie! I keep coming back to get a cut and a balayage and she does the best job everytime. Her","info@houseofcoloursalon.us","","","","2026-04-29"
"Enlighten Beauty Studio","207 Newbury St Suite 206, Boston, MA 02116, USA","(781) 866-4772","http://enlightenbeautystudio.com/","https://maps.google.com/?cid=11305975398609795346&g_mp=CiVnb29nbGUubWFwcy5wbGFjZXMudjEuUGxhY2VzLkdldFBsYWNlEAIYBCAA","5","127","5","5","0","5","Adriana Farias","5","I had a great experience with Lynda. I got a Brazilian blowout and a haircut, and she was super friendly and professiona","enlightenbeautystudio01@gmail.com","","","","2026-04-29"
"SAFAR SALON BOSTON","235 Newbury St, Boston, MA 02116, USA","(617) 247-3933","https://safarboston.com/","https://maps.google.com/?cid=10569356152559298159&g_mp=CiVnb29nbGUubWFwcy5wbGFjZXMudjEuUGxhY2VzLkdldFBsYWNlEAIYBCAA","4.7","211","5","5","0","5","Molly Falconer","5","Horacio is a hair magician! He’s done 2 “total hair makeovers” on me now and they were both incredible. He really unders","info@safarboston.com","","","","2026-04-29"
"Cleo Salon","1 Henshaw St, Boston, MA 02135, USA","(617) 987-2009","http://www.cleosalonboston.com/","https://maps.google.com/?cid=6634071268104427470&g_mp=CiVnb29nbGUubWFwcy5wbGFjZXMudjEuUGxhY2VzLkdldFBsYWNlEAIYBCAA","5","201","5","5","0","5","Kathleen Whalen","5","Absolutely loved my experience at Cleo Salon! I was a first time client and had an appointment with Kayce for a custom c","info@cleosalonboston.com","","","","2026-04-29"
"Del Ara Salon","26 Parmenter St, Boston, MA 02113, USA","(617) 726-1511","http://www.delarasalon.com/","https://maps.google.com/?cid=13335580318922144366&g_mp=CiVnb29nbGUubWFwcy5wbGFjZXMudjEuUGxhY2VzLkdldFBsYWNlEAIYBCAA","4.9","83","5","5","0","5","Ashley Maningas","5","Wow! I had the best up do ever by JC Rea! This was my first time at Del Ara and I will definitely be back. JC Rea added","beauty@delarasalon.com","","","","2026-04-29"
"Roffi Salon & Day Spa Boston","10 Newbury St, Boston, MA 02116, USA","(617) 536-9600","https://www.roffisalon.com/","https://maps.google.com/?cid=14733244151009726330&g_mp=CiVnb29nbGUubWFwcy5wbGFjZXMudjEuUGxhY2VzLkdldFBsYWNlEAIYBCAA","4.9","54","5","5","0","5","Tracy Kelleher","5","I love Roffi Salon & Day Spa.  I have been a client of Michael Roffi for 35 plus years.  I feel as though I have grown w","info@roffisalon.com","","","","2026-04-29"
"First Class Hair Salon & Blowdry Bar","121 Maverick St, Boston, MA 02128, USA","(617) 669-1465","https://firstclasssalon.wixsite.com/maggielopez","https://maps.google.com/?cid=10254142866631439684&g_mp=CiVnb29nbGUubWFwcy5wbGFjZXMudjEuUGxhY2VzLkdldFBsYWNlEAIYBCAA","4.5","217","5","5","0","5","Madelyn Hammond","5","The owner is so talented and very kind! I came in for a wash and dry after having a scalp cyst surgery. I was very anxio","info@firstclasssalon.wixsite.com","","","","2026-04-29"
"Salon George De Mello","123 Newbury St, Boston, MA 02116, USA","(617) 536-1290","http://salongd.com/","https://maps.google.com/?cid=9947802869106404759&g_mp=CiVnb29nbGUubWFwcy5wbGFjZXMudjEuUGxhY2VzLkdldFBsYWNlEAIYBCAA","5","43","5","5","0","5","Anne Fitzgibbon","5","I’m so happy I found George De Mello Salon in Boston. I constantly get compliments on my hair. I do color, root touch up","info@salongd.com","","","","2026-04-29"
"X Beauty Studio","3 Center Plz Studio 7, Boston, MA 02108, USA","(978) 943-4007","https://www.xbeautystudio.com/","https://maps.google.com/?cid=8191438896008466753&g_mp=CiVnb29nbGUubWFwcy5wbGFjZXMudjEuUGxhY2VzLkdldFBsYWNlEAIYBCAA","5","121","5","5","0","5","Samantha Bell","5","Xiomara is my go to girl for all things hair & make-up! I received my usual gloss/tone with Xiomara.. but this time arou","user@domain.com","","","",""
"Salon Eva Michelle","37 Newbury St 4 FL, Boston, MA 02116, USA","(617) 262-8118","http://www.salonevamichelle.com/","https://maps.google.com/?cid=14380371079746519626&g_mp=CiVnb29nbGUubWFwcy5wbGFjZXMudjEuUGxhY2VzLkdldFBsYWNlEAIYBCAA","4.4","107","5","5","0","5","Mariam Shatberashvili","5","I truly couldn’t ask for a better place to make my hair dreams come true. Eva Michelle Salon is such a special place, an","info@salonevamichelle.com","","","","2026-04-29"
"Philip's Salon","437 Hanover St, Boston, MA 02113, USA","(617) 523-8356","http://www.philipssalon.com/","https://maps.google.com/?cid=6921698641709440601&g_mp=CiVnb29nbGUubWFwcy5wbGFjZXMudjEuUGxhY2VzLkdldFBsYWNlEAIYBCAA","4.9","104","5","5","0","5","Okima T.","5","Saw Eugena for a haircut. Haven’t gotten a haircut since September due to my previous hairstylist relocating. She’s amaz","info@philipssalon.com","","","","2026-04-29"
"Spoke & Weal","75 Newbury St floor 2, Boston, MA 02116, USA","(857) 248-1624","http://spokeandweal.com/","https://maps.google.com/?cid=16709940886497208293&g_mp=CiVnb29nbGUubWFwcy5wbGFjZXMudjEuUGxhY2VzLkdldFBsYWNlEAIYBCAA","4.9","45","5","5","0","5","Sarah McGillicuddy","5","I recently went to Spoke & Weal on the recommendation of a trusted friend. After 17 years with my hair stylist it was ti","info@spokeandweal.com","","","","2026-04-29"
"Katy Brown, Hairstylist","56 Wareham St, Boston, MA 02118, USA","(617) 668-1567","https://hairbykatybrown.com/","https://maps.google.com/?cid=6690674538193538037&g_mp=CiVnb29nbGUubWFwcy5wbGFjZXMudjEuUGxhY2VzLkdldFBsYWNlEAIYBCAA","5","54","5","5","0","5","Kerri Donnelly","5","Katy is as great as every review says. She remembers every detail from one appointment to the next and has managed to gi","info@hairbykatybrown.com","","","","2026-04-29"
"Coco Head Hair Studio","9 Knapp St, Boston, MA 02111, USA","(617) 426-3888","http://www.cocoheadhairstudio.com/","https://maps.google.com/?cid=15141824427126276087&g_mp=CiVnb29nbGUubWFwcy5wbGFjZXMudjEuUGxhY2VzLkdldFBsYWNlEAIYBCAA","4.7","132","5","5","0","5","Jessica Zhou","5","Joey's been cutting my hair for the past year and now I find it hard to go to anyone else. He's always very gentle with","info@cocoheadhairstudio.com","","","","2026-04-29"
"Salon 428","428 Massachusetts Ave, Boston, MA 02118, USA","(617) 818-5456","","https://maps.google.com/?cid=14952618555156390116&g_mp=CiVnb29nbGUubWFwcy5wbGFjZXMudjEuUGxhY2VzLkdldFBsYWNlEAIYBCAA","4.8","78","5","5","0","5","Leah","5","Omg, I wish I had found this place earlier! I haven't been getting a haircut for over a year because I couldn't find a p","","","","",""
"Hair Seaport","74 Pier 4 Blvd., Boston, MA 02210, USA","(617) 697-6674","http://www.hairseaport.com/","https://maps.google.com/?cid=15854187603219943520&g_mp=CiVnb29nbGUubWFwcy5wbGFjZXMudjEuUGxhY2VzLkdldFBsYWNlEAIYBCAA","4.8","50","5","5","0","5","Anna yellis","5","As soon as I walked in, the receptionist/assistant(?) greeted me immediately with a smile - it made me feel welcome and","hello@hairseaport.com","","","","2026-04-29"
"333 Salon","55 Waltham St, Boston, MA 02118, USA","(857) 277-1352","http://www.333boston.com/","https://maps.google.com/?cid=8222492450706565715&g_mp=CiVnb29nbGUubWFwcy5wbGFjZXMudjEuUGxhY2VzLkdldFBsYWNlEAIYBCAA","4.8","83","5","5","0","5","Stelios Papapanagiotou","5","I came to 333 Salon after a terrible experience at another barbershop, and Mike completely saved my hair. I got an appoi","info@333boston.com","","","","2026-04-29"
"Studio No. 4","129 Newbury St studio 406, Boston, MA 02116, USA","(781) 309-6811","http://www.studiono4newbury.com/","https://maps.google.com/?cid=18183799910719303924&g_mp=CiVnb29nbGUubWFwcy5wbGFjZXMudjEuUGxhY2VzLkdldFBsYWNlEAIYBCAA","5","21","5","5","0","5","Cathy Moreira","5","Tammy & Erica are so skilled that my hair has never looked or felt healthier! From the vibrant burgundy color to the mas","user@domain.com","","","",""
"WorKsHOp82","82 Essex St, Boston, MA 02111, USA","(617) 357-8282","http://www.workshop82.com/","https://maps.google.com/?cid=12342596309995273801&g_mp=CiVnb29nbGUubWFwcy5wbGFjZXMudjEuUGxhY2VzLkdldFBsYWNlEAIYBCAA","4.9","87","5","5","0","5","Elise","5","I’ve been coming here for about 2 years now and I keep going back. I don’t trust just anyone with my hair but Steven has","info@workshop82.com","","","","2026-04-29"
"Darling Starling Salon","4 Lexington St, Boston, MA 02128, USA","(617) 752-1046","http://darlingstarlingsalon.com/","https://maps.google.com/?cid=11952502932332847969&g_mp=CiVnb29nbGUubWFwcy5wbGFjZXMudjEuUGxhY2VzLkdldFBsYWNlEAIYBCAA","5","87","5","5","0","5","Donna H","5","Frank gave me a haircut yesterday and made me feel so beautiful! He’s so friendly and professional and great to chat wit","impallari@gmail.com","","","",""
"Zhen Hair & Beauty","2 Boylston St suite 1, Boston, MA 02116, USA","(914) 656-3099","https://stylistzhenc.glossgenius.com/","https://maps.google.com/?cid=11585800796193208236&g_mp=CiVnb29nbGUubWFwcy5wbGFjZXMudjEuUGxhY2VzLkdldFBsYWNlEAIYBCAA","5","106","5","5","0","5","Leharika Chiriki","5","I had wavy hair and wanted to get it straightened, so I got the Japanese hair straightening done. It's lasted so long so","stylistzhen@gmail.com","","","","2026-04-29"
"Salon West","120 W Broadway, Boston, MA 02127, USA","(617) 315-7440","http://eastwestsalonco.com/","https://maps.google.com/?cid=16085264467946400009&g_mp=CiVnb29nbGUubWFwcy5wbGFjZXMudjEuUGxhY2VzLkdldFBsYWNlEAIYBCAA","4.9","70","5","5","0","5","Madi Asgeirsson","5","I worked with Taylor to create my dream hair for my wedding in October 2025 and I couldn't have been happier with how it","user@domain.com","","","",""
"SKA Hair | Color | Design","185 Essex St, Boston, MA 02111, USA","(857) 991-1118","http://www.skahair.com/","https://maps.google.com/?cid=10577716766498092814&g_mp=CiVnb29nbGUubWFwcy5wbGFjZXMudjEuUGxhY2VzLkdldFBsYWNlEAIYBCAA","4.8","282","5","5","0","5","Yuri Kim","5","Visited SKA for the first time and had the good fortune of having my hair taken care of by Luna; feeling like a million","user@domain.com","","","",""
"Boston Hairnista®","1690 Dorchester Ave, Dorchester, MA 02122, USA","(617) 265-0828","http://www.bostonhairnista.com/","https://maps.google.com/?cid=12813453245410159856&g_mp=CiVnb29nbGUubWFwcy5wbGFjZXMudjEuUGxhY2VzLkdldFBsYWNlEAIYBCAA","4.8","62","5","5","0","5","Tayler Christian","5","I was so pleased with how well Lisa managed my hair today. She was patient, kind and thorough, and helped me maintain th","team@bostonhairnista.com","","","","2026-04-29"
"Hair Sessions Inc.","Inside Pathos Salon, 270 Newbury St, Boston, MA 02116, USA","(617) 872-9719","http://www.hairsessionsinc.com/","https://maps.google.com/?cid=12160836554217390916&g_mp=CiVnb29nbGUubWFwcy5wbGFjZXMudjEuUGxhY2VzLkdldFBsYWNlEAIYBCAA","4.9","56","5","5","0","5","meg bourque","5","I am from out of state and I found this fabulous salon! Lance was absolutely on point with his hair game! For the longes","info@hairsessionsinc.com","","","","2026-04-29"
"Blonded in Boston","10 Lewis St, Boston, MA 02109, USA","(781) 835-9204","http://blondedinboston.com/","https://maps.google.com/?cid=6296470163337655480&g_mp=CiVnb29nbGUubWFwcy5wbGFjZXMudjEuUGxhY2VzLkdldFBsYWNlEAIYBCAA","5","27","5","5","0","5","gsugrue7","5","I’ve been going to Victoria for almost 10 years and she is INCREDIBLE. We first met when she not only salvaged the most","info@blondedinboston.com","","","","2026-04-29"
"Ochoa Salon","423 W Broadway, Boston, MA 02127, USA","(617) 752-3880","https://ochoaforhair.com/","https://maps.google.com/?cid=3971848398741936770&g_mp=CiVnb29nbGUubWFwcy5wbGFjZXMudjEuUGxhY2VzLkdldFBsYWNlEAIYBCAA","4.9","144","5","5","0","5","Hope Pettengill","5","This salon is just doing it better than most. You walk in and it’s just a really nice, kept up salon. The lighting in th","info@ochoaforhair.com","","","","2026-04-29"
"Kent Newton Salon","1315 Washington St, Boston, MA 02118, USA","(617) 426-2640","http://www.kentnewtonsalon.com/","https://maps.google.com/?cid=8070312280176514178&g_mp=CiVnb29nbGUubWFwcy5wbGFjZXMudjEuUGxhY2VzLkdldFBsYWNlEAIYBCAA","4.8","124","5","5","0","5","Anna Goldenheim","5","My kids have been going to Kent Newton for several years, and we always have a wonderful experience. It is so nice to ha","info@kentnewtonsalon.com","","","","2026-04-29"
"Maven A Collect","119 Newbury St Suite 300, Boston, MA 02116, USA","","https://www.mavenacollect.com/","https://maps.google.com/?cid=9702786061663488162&g_mp=CiVnb29nbGUubWFwcy5wbGFjZXMudjEuUGxhY2VzLkdldFBsYWNlEAIYBCAA","5","74","5","5","0","5","Sarah Hodgens","5","I have been working with Kelly for nearly 10 years and I wouldn’t trust anyone else with my hair. She’s taken me from da","user@domain.com","","","",""
"So Salon Boston","129 Newbury St Suite 405, 4th floor, Boston, MA 02116, USA","(617) 644-7044","http://sosalonboston.com/","https://maps.google.com/?cid=13804889082020238370&g_mp=CiVnb29nbGUubWFwcy5wbGFjZXMudjEuUGxhY2VzLkdldFBsYWNlEAIYBCAA","5","47","5","5","0","5","Brynn Macaulay","5","10/10 recommend. Kerri works miracles. I’m growing my bangs out and had really dry, gross summer hair (see photos for pr","info@sosalonboston.com","","","","2026-04-29"
"Trinity Brothers Automotive","8347 Pendleton Pike, Indianapolis, IN 46226, USA","(317) 890-8675","http://www.trinitybrothersautorepair.com/","https://maps.google.com/?cid=586691508458515212&g_mp=CiVnb29nbGUubWFwcy5wbGFjZXMudjEuUGxhY2VzLkdldFBsYWNlEAIYBCAA","4.5","459","5","5","3","1","Law Gram","1","I got a call from Trinity Brothers stating my car was vandalized while waiting to be serviced. My driver's and passenger","trintyauto2@att.net","","","","2026-04-29"
"Sharps Automotive","3522 W 30th St, Indianapolis, IN 46222, USA","(317) 925-7423","https://www.sharpsautomotive.com/","https://maps.google.com/?cid=829016872216494299&g_mp=CiVnb29nbGUubWFwcy5wbGFjZXMudjEuUGxhY2VzLkdldFBsYWNlEAIYBCAA","4.5","171","5","5","3","1","Anthony Williams","1","Took my car up there to see why I was overheating and they told me it was the radiator cap and they completely missed th","info@sharpsautomotive.com","","","","2026-04-29"
"McKinney Auto Service & Transmission","4451 Lafayette Blvd, Indianapolis, IN 46254, USA","(317) 297-1474","http://autoandfleetrepair.com/","https://maps.google.com/?cid=2676571947822847408&g_mp=CiVnb29nbGUubWFwcy5wbGFjZXMudjEuUGxhY2VzLkdldFBsYWNlEAIYBCAA","3.7","277","5","5","3","1","Jade Robbins","1","I’m here for a part says they close at 5 at I’m here at 4:36 to pick up a small part they don’t answer they’re phone and","info@autoandfleetrepair.com","","","","2026-04-29"
"Discount Auto Repair Inc.","12114 E Washington St, Indianapolis, IN 46229, USA","(317) 894-4000","http://discountautorepairin.com/","https://maps.google.com/?cid=17042543937530481191&g_mp=CiVnb29nbGUubWFwcy5wbGFjZXMudjEuUGxhY2VzLkdldFBsYWNlEAIYBCAA","4.6","142","5","5","2","1","Mr Wright","1","Dont take your vehicle here if you are black they will over charge you and trash your vehicle like they did me...wasted","info@discountautorepairin.com","","","","2026-04-29"
"Indy Automotive Repair Center","6155 E 86th St Suite A, Castleton, IN 46250, USA","(317) 596-0000","","https://maps.google.com/?cid=10333113591809079206&g_mp=CiVnb29nbGUubWFwcy5wbGFjZXMudjEuUGxhY2VzLkdldFBsYWNlEAIYBCAA","4.3","91","5","5","2","1","Alexa P","1","We brought our car here for what should have been a straightforward repair, but our experience was extremely disappointi","","","","",""
"Malless Auto Service - a Main Street Auto shop","4525 W 71st St, Indianapolis, IN 46268, USA","(317) 349-4671","https://mainstreetauto.com/location/malless-automotive/","https://maps.google.com/?cid=11926814801904904998&g_mp=CiVnb29nbGUubWFwcy5wbGFjZXMudjEuUGxhY2VzLkdldFBsYWNlEAIYBCAA","4.8","845","5","5","1","3","Aaron Walker","3","I’ve had my car in and out of this shop since November for multiple issues, and I’ve spent over $3,000 in repairs in jus","blessyourheart@msauto.com","","","","2026-04-29"
"West Side Auto Care","7501 W 10th St, Indianapolis, IN 46214, USA","(317) 273-9111","","https://maps.google.com/?cid=16560131631618485906&g_mp=CiVnb29nbGUubWFwcy5wbGFjZXMudjEuUGxhY2VzLkdldFBsYWNlEAIYBCAA","4.5","164","5","5","1","1","Cheshire Kitty","1","They got my car running sure, but they left me with an overtightened serpentine belt, missing valve cover bolt and a lea","","","","",""
"South Indy Auto Repair","8301 Lake Rd, Indianapolis, IN 46217, USA","(317) 418-0709","","https://maps.google.com/?cid=11328310935035260930&g_mp=CiVnb29nbGUubWFwcy5wbGFjZXMudjEuUGxhY2VzLkdldFBsYWNlEAIYBCAA","4.9","55","5","5","1","3","Lone Wolf SRH","3","For $95 an hr the least he could’ve done was put it back together, ended up driving back like this and didn’t notice til","","","","",""
"All Star Tire & Auto Service","534 N Capitol Ave, Indianapolis, IN 46204, USA","(317) 269-0500","https://astires.com/","https://maps.google.com/?cid=3935018598269669601&g_mp=CiVnb29nbGUubWFwcy5wbGFjZXMudjEuUGxhY2VzLkdldFBsYWNlEAIYBCAA","4.4","372","5","5","1","1","Nicole Poletika","1","I LOVE a small business, which is why I’ve been so disappointed with this shop. I had a screw in my tire, so I dropped i","info@astires.com","","","",""
"OB Auto Repair And Roadside","117 Herman St, Indianapolis, IN 46202, USA","(317) 619-4123","","https://maps.google.com/?cid=11470476920178204638&g_mp=CiVnb29nbGUubWFwcy5wbGFjZXMudjEuUGxhY2VzLkdldFBsYWNlEAIYBCAA","4.8","31","5","5","1","1","Matt D'Amico","1","I called and scheduled a mobile tire replacement, and after confirming they were on the way, I got complete radio silenc","","","","",""
"Carmel Auto Repair","488 Gradle Dr, Carmel, IN 46032, USA","(317) 669-6523","https://carmelautorepair.com/","https://maps.google.com/?cid=12179328147456336710&g_mp=CiVnb29nbGUubWFwcy5wbGFjZXMudjEuUGxhY2VzLkdldFBsYWNlEAIYBCAA","5","207","5","5","1","1","Travis Vance","1","This place has 137 reviews and all are 5 stars!? No way. I took my SUV in for rotors and calipers (they were rusty and u","care@carmelautorepair.com","","","",""
"Castleton Auto Repair","7201 E 86th St, Indianapolis, IN 46250, USA","(317) 825-7126","https://castletonautorepair.net/","https://maps.google.com/?cid=2473588631598534571&g_mp=CiVnb29nbGUubWFwcy5wbGFjZXMudjEuUGxhY2VzLkdldFBsYWNlEAIYBCAA","4.3","160","5","5","1","1","Danielle Halliday","1","My daughter’s car was towed here after a transmission issue. The car arrived close to closing time and the driver left t","service@castletonautorepair.net","","","",""
"Integrity Automotive","40 S Rangeline Rd, Carmel, IN 46032, USA","(317) 573-0107","https://integrityautomotive.net/","https://maps.google.com/?cid=16188303513447687728&g_mp=CiVnb29nbGUubWFwcy5wbGFjZXMudjEuUGxhY2VzLkdldFBsYWNlEAIYBCAA","4.8","274","5","5","1","1","Dustin Bowers","1","Well first they could improve their pricing and service. Came in and was automatically turned down due to lack of availa","integrityautomotive@mechanicnet.com","","","",""
"Pete's Service Center","2525 E 56th St, Indianapolis, IN 46220, USA","(317) 779-2164","https://petesservicecenter.com/","https://maps.google.com/?cid=10326399283413366478&g_mp=CiVnb29nbGUubWFwcy5wbGFjZXMudjEuUGxhY2VzLkdldFBsYWNlEAIYBCAA","4.4","543","5","5","1","2","Stephen Yakaitis","2","I’ve been associated for years with this garage. Some things good, most things bad…who says your car is ready yet even t","info@petesservicecenter.com","","","",""
"Michigan Road Auto Center","5835 N Michigan Rd, Indianapolis, IN 46228, USA","(317) 257-6377","","https://maps.google.com/?cid=5446795189554137626&g_mp=CiVnb29nbGUubWFwcy5wbGFjZXMudjEuUGxhY2VzLkdldFBsYWNlEAIYBCAA","4.6","103","5","5","1","1","Anetta Arnett","1","Pathetic! Don you’re full of it and I’m ashamed to realize how many times I’ve taken my vehicle to you to consistently b","","","","",""
"Dentons Auto Repair Llc","8070 E Washington St, Indianapolis, IN 46219, USA","(317) 833-4139","https://www.facebook.com/share/18oafcwxog/","https://maps.google.com/?cid=16250143755479605339&g_mp=CiVnb29nbGUubWFwcy5wbGFjZXMudjEuUGxhY2VzLkdldFBsYWNlEAIYBCAA","4.6","178","5","5","1","1","Farrah Pruskauer","1","Denton caused more issues to my car (confirmed with 2nd opinion),  lied about, recommended work that I didn't need, and","info@facebook.com","","","",""
"Indy Auto Man Service Center Indianapolis","3130 Madison Ave, Indianapolis, IN 46227, USA","(317) 814-7520","https://www.indyautoman.com/#","https://maps.google.com/?cid=3546462498433645742&g_mp=CiVnb29nbGUubWFwcy5wbGFjZXMudjEuUGxhY2VzLkdldFBsYWNlEAIYBCAA","4.6","129","5","5","1","3","Connie Stratton","3","Well it was alright but tha waiting for the final sign was extremely long The eliminate payment plan was no where near t","info@indyautoman.com","","","",""
"Ramsey Automotive","4139 S Emerson Ave, Indianapolis, IN 46203, USA","(317) 353-0039","http://ramseyautomotiveinc.com/","https://maps.google.com/?cid=8521525290685957364&g_mp=CiVnb29nbGUubWFwcy5wbGFjZXMudjEuUGxhY2VzLkdldFBsYWNlEAIYBCAA","4.6","95","5","5","1","1","Branden Evans","1","We bought our car from this shop. Less than a week later the car continuously would breakdown immediately after getting","info@ramseyautomotiveinc.com","","","",""
"Kidwell Automotive","1202 Shadeland Ave, Indianapolis, IN 46219, USA","(317) 449-1180","https://kidwellautomotive.com/","https://maps.google.com/?cid=1477443552257219958&g_mp=CiVnb29nbGUubWFwcy5wbGFjZXMudjEuUGxhY2VzLkdldFBsYWNlEAIYBCAA","4.8","197","5","5","1","3","Harry Hawkins","3","I am editing this review. I did wait a week after speaking with employee there to bring my vehicle in. I brought the veh","kidwellauto@gmail.com","","","",""
"Thompsons Auto & Diesel Repair LLC","3709 Madison Ave, Indianapolis, IN 46227, USA","(317) 601-2483","https://thompsonsautoanddieselrepair.com/","https://maps.google.com/?cid=6298070230073219711&g_mp=CiVnb29nbGUubWFwcy5wbGFjZXMudjEuUGxhY2VzLkdldFBsYWNlEAIYBCAA","4.5","52","5","5","1","1","Heather Wallace","1","DO NOT RECOMMEND!!! My ex took my car here. They called 5 times in one day changing the total of the repairs. I went to","thompsonsautomotive391@gmail.com","","","",""
"American Auto Repair","5860 Brookville Rd, Indianapolis, IN 46219, USA","(317) 493-1492","https://www.americanautorepairs.com/","https://maps.google.com/?cid=9674384283936433781&g_mp=CiVnb29nbGUubWFwcy5wbGFjZXMudjEuUGxhY2VzLkdldFBsYWNlEAIYBCAA","4.9","226","5","5","0","5","Abigail Rose","5","I cannot recommend Sunny and his team enough! I have been coming here for years and they take amazing care of me. As a f","info@americanautorepairs.com","","","",""
"Downtown Car Care Center","725 N Capitol Ave, Indianapolis, IN 46204, USA","(317) 637-2419","http://downtowncarcarecenter.com/","https://maps.google.com/?cid=7812539945694862131&g_mp=CiVnb29nbGUubWFwcy5wbGFjZXMudjEuUGxhY2VzLkdldFBsYWNlEAIYBCAA","4.8","370","5","5","0","5","Cheryl West","5","I have been getting my car worked on since Downtown Auto Care was located in Fletcher Place, back in the early 90’s. You","info@downtowncarcarecenter.com","","","",""
"Professional Automotive Inc","7013 E 86th St, Indianapolis, IN 46250, USA","(317) 596-0898","http://professionalautomotiveinc.com/","https://maps.google.com/?cid=10010657609000054768&g_mp=CiVnb29nbGUubWFwcy5wbGFjZXMudjEuUGxhY2VzLkdldFBsYWNlEAIYBCAA","4.8","610","5","5","0","5","Kristine Primrose","5","A coworker recommended Professional Automotive and I’m so glad they did! The service is incredibly fast, friendly, and f","info@professionalautomotiveinc.com","","","",""
"Tyler Automotive","2801 E 62nd St, Indianapolis, IN 46220, USA","(317) 255-6759","https://www.tylerautoindy.com/","https://maps.google.com/?cid=15549542320225570739&g_mp=CiVnb29nbGUubWFwcy5wbGFjZXMudjEuUGxhY2VzLkdldFBsYWNlEAIYBCAA","4.8","637","5","5","0","5","Chelsea Vonderlieth","5","This was my second visit to Tyler Automotive. I went to subpar mechanics recently that I just didn’t trust and my car st","info@tylerautoindy.com","","","",""
"Martin Automotive LLC","5360 N Tacoma Ave, Indianapolis, IN 46220, USA","(317) 982-7281","http://www.martinautomotiverepair.com/","https://maps.google.com/?cid=3712920004825015811&g_mp=CiVnb29nbGUubWFwcy5wbGFjZXMudjEuUGxhY2VzLkdldFBsYWNlEAIYBCAA","5","159","5","5","0","5","Lauren","5","Highly recommend. I found Martin recommended through Reddit and glad I did. He's incredibly knowledgable, friendly, and","info@martinautomotiverepair.com","","","",""
"Dave's Mechanic Shop (DMS)","601 S Tibbs Ave, Indianapolis, IN 46241, USA","(317) 516-7349","https://www.daveshopindy.com/","https://maps.google.com/?cid=6771236542099587995&g_mp=CiVnb29nbGUubWFwcy5wbGFjZXMudjEuUGxhY2VzLkdldFBsYWNlEAIYBCAA","4.9","199","5","5","0","5","shariff","5","I don’t usually leave reviews, at all, but I felt like I definitely needed to share my insight on DMS. I’m not from the","info@daveshopindy.com","","","",""
"Ty's Automotive","5050 N Keystone Ave, Indianapolis, IN 46205, USA","(317) 283-7400","http://tysauto.com/","https://maps.google.com/?cid=18133743788722713735&g_mp=CiVnb29nbGUubWFwcy5wbGFjZXMudjEuUGxhY2VzLkdldFBsYWNlEAIYBCAA","4.7","252","5","5","0","5","Brian Orr","5","I was very pleased with the service here. I had a tire center mess up one of the lug nuts and they outsourced the repair","info@tysauto.com","","","",""
"THE AUTO CENTER","7006 Southeastern Ave, Indianapolis, IN 46239, USA","(317) 409-5377","","https://maps.google.com/?cid=5856834405696475507&g_mp=CiVnb29nbGUubWFwcy5wbGFjZXMudjEuUGxhY2VzLkdldFBsYWNlEAIYBCAA","4.9","640","5","5","0","4","DeVon Grundy","4","Great service! Cheap and saved me a lot of money on repairs. I drive a Mercedes, so finding someone who is able to do re","","","","",""
"Northeast Auto Service","5155 E 65th St, Indianapolis, IN 46220, USA","(317) 475-1846","https://www.autorepairindy.com/","https://maps.google.com/?cid=910829370616056231&g_mp=CiVnb29nbGUubWFwcy5wbGFjZXMudjEuUGxhY2VzLkdldFBsYWNlEAIYBCAA","4.6","215","5","5","0","4","steve vanderver","4","Even though this place was out of our way a bit. I am glad we had our van towed here. They helped us troubleshoot the is","info@autorepairindy.com","","","",""
"A & Z Auto Repair & Tires","1930 Lafayette Rd, Indianapolis, IN 46222, USA","(317) 979-2773","","https://maps.google.com/?cid=14268228348886214495&g_mp=CiVnb29nbGUubWFwcy5wbGFjZXMudjEuUGxhY2VzLkdldFBsYWNlEAIYBCAA","4.8","224","5","5","0","5","Markeez Stocking","5","Ali and Juan are beyond fantastic. They displayed great patience and took the time to really find my issue and fix them","","","","",""
"Indy Auto Repairs – Affordable Car Care","7615 Crawfordsville Rd, Indianapolis, IN 46214, USA","(463) 224-7863","https://indyautorepairs.co/","https://maps.google.com/?cid=8530517354749024370&g_mp=CiVnb29nbGUubWFwcy5wbGFjZXMudjEuUGxhY2VzLkdldFBsYWNlEAIYBCAA","4.8","49","5","5","0","5","D Stalling","5","This place is absolutely  wonderful! My new choice for car repair if I  ever need it. Let me tell  you from the booking","%20indyautorepairs1@gmail.com","","","",""
"Kevin's Auto Repair","3125 E Thompson Rd, Indianapolis, IN 46227, USA","(317) 788-9740","","https://maps.google.com/?cid=16098569115626803490&g_mp=CiVnb29nbGUubWFwcy5wbGFjZXMudjEuUGxhY2VzLkdldFBsYWNlEAIYBCAA","4.7","181","5","5","0","5","Julia Huffman","5","I had my Nissan Altima serviced by them!!! I am super happy! They were fast, communicated pricing prior to work being do","","","","",""
"Hortons Garage Indy, LLC","1111 Nelson Ave, Indianapolis, IN 46203, USA","(317) 690-3494","","https://maps.google.com/?cid=16696251525123000613&g_mp=CiVnb29nbGUubWFwcy5wbGFjZXMudjEuUGxhY2VzLkdldFBsYWNlEAIYBCAA","4.9","231","5","5","0","5","Amber","5","I had a great experience with Horton’s Garage Indy LLC. My truck was having issues, and they diagnosed and fixed it quic","","","","",""
"Glendale Automotive","2802 E 62nd St, Indianapolis, IN 46220, USA","(317) 257-2492","","https://maps.google.com/?cid=4536314797287562976&g_mp=CiVnb29nbGUubWFwcy5wbGFjZXMudjEuUGxhY2VzLkdldFBsYWNlEAIYBCAA","4.7","128","5","5","0","5","Brooke Langlais","5","I cannot thank Fred and Jeremy enough!! I have a 2013 Toyota Prius and soon after I purchased it, I discovered that it c","","","","",""
"Yocar Auto Services","1828 E Washington St #2, Indianapolis, IN 46201, USA","(317) 625-8160","https://m.facebook.com/pg/Yocar-Auto-Services-1537991033144662/photos/?mt_nav=1","https://maps.google.com/?cid=13358016538669881033&g_mp=CiVnb29nbGUubWFwcy5wbGFjZXMudjEuUGxhY2VzLkdldFBsYWNlEAIYBCAA","4.8","164","5","5","0","5","Morgan Wilson","5","I finally found my go to auto shop! Staff were very nice and efficient. I was surprised they were able to fix my car so","info@m.facebook.com","","","",""
"Rightway Automotive","411 S Shortridge Rd, Indianapolis, IN 46219, USA","(317) 356-3897","https://www.rightwayindy.com/","https://maps.google.com/?cid=7019602573252945602&g_mp=CiVnb29nbGUubWFwcy5wbGFjZXMudjEuUGxhY2VzLkdldFBsYWNlEAIYBCAA","4.8","275","5","5","0","5","Jason Denny","5","They replaced our daughter's transmission last year.  They had it less than a week.  Did a great job.  When the car acte","info@rightwayindy.com","","","",""
"Auto-Lab Complete Car Care Centers Indianapolis","7014 W Washington St, Indianapolis, IN 46241, USA","(317) 860-8098","https://www.auto-labindianapolis.com/","https://maps.google.com/?cid=7732269525112495057&g_mp=CiVnb29nbGUubWFwcy5wbGFjZXMudjEuUGxhY2VzLkdldFBsYWNlEAIYBCAA","4.8","133","5","5","0","5","Bob dillehay","5","Everybody was real helpful, explained everything in detail very trustworthy Most of the guys that worked there I go to c","info@auto-labindianapolis.com","","","",""
"Ress Motor Works","724 N Capitol Ave, Indianapolis, IN 46204, USA","(317) 635-3201","http://www.ressmotorworks.com/","https://maps.google.com/?cid=8465808978185715035&g_mp=CiVnb29nbGUubWFwcy5wbGFjZXMudjEuUGxhY2VzLkdldFBsYWNlEAIYBCAA","4.7","121","5","5","0","5","Jarrod Johnson","5","I had a great experience with Ress. This was my first time needing more than an oil change or tires on my used BMW. So g","info@ressmotorworks.com","","","",""
"Autohaus Merkle","3663 W Michigan St, Indianapolis, IN 46222, USA","(317) 632-7000","http://www.autohausmerkle.com/","https://maps.google.com/?cid=1567095747729130424&g_mp=CiVnb29nbGUubWFwcy5wbGFjZXMudjEuUGxhY2VzLkdldFBsYWNlEAIYBCAA","4.7","279","5","5","0","4","Rondell Allman","4","Ok so they serviced my BMW 330 CI left by my dad when he passed. They put a new transmission in. It was more expensive t","service@autohausmerkle.com","","","",""
"Sincere Auto Care Inc","7150 E Washington St, Indianapolis, IN 46219, USA","(317) 354-1740","http://sincereautocare.com/","https://maps.google.com/?cid=13215682902022696924&g_mp=CiVnb29nbGUubWFwcy5wbGFjZXMudjEuUGxhY2VzLkdldFBsYWNlEAIYBCAA","4.2","203","5","5","0","5","Harry Hawkins","5","Took my vehicle into sincere Auto Care today and received great service. They did great work at a good price. They're ve","info@sincereautocare.com","","","",""
"Hobbs Automotive Services","46 S Post Rd, Indianapolis, IN 46219, USA","(317) 898-0644","http://www.hobbsauto1.com/","https://maps.google.com/?cid=14839342175960430273&g_mp=CiVnb29nbGUubWFwcy5wbGFjZXMudjEuUGxhY2VzLkdldFBsYWNlEAIYBCAA","4.7","326","5","5","0","5","Zach Hyatt","5","We recently started working with Hobbs as our fleet services provider. We have been impressed with their speed of servic","transport@hobbyindy.com","","","",""
"John's Automotive","5697 Michigan Rd, Indianapolis, IN 46228, USA","(317) 722-0442","http://johnsautomotive.yolasite.com/","https://maps.google.com/?cid=10793006373957589362&g_mp=CiVnb29nbGUubWFwcy5wbGFjZXMudjEuUGxhY2VzLkdldFBsYWNlEAIYBCAA","4.7","124","5","5","0","5","Alanna Williams","5","Had the best experience going with John’s Automotive. He was able to get my car issues figured out and fixed the day aft","info@johnsautomotive.yolasite.com","","","",""
"Plainfield Auto Repair","10107 Old National Rd, Indianapolis, IN 46231, USA","(317) 779-8742","https://plainfieldautorepair.com/","https://maps.google.com/?cid=18115659757359213706&g_mp=CiVnb29nbGUubWFwcy5wbGFjZXMudjEuUGxhY2VzLkdldFBsYWNlEAIYBCAA","4.8","90","5","5","0","5","Tiffany Trevino","5","Our car wouldn’t start at our hotel while we were on a road trip, and after calling many places, Plainsfield Auto Repair","info@plainfieldautorepair.com","","","",""
"Michaels Automotive","1011 N Emerson Ave #2927, Indianapolis, IN 46219, USA","(317) 351-1072","","https://maps.google.com/?cid=3037106716044494663&g_mp=CiVnb29nbGUubWFwcy5wbGFjZXMudjEuUGxhY2VzLkdldFBsYWNlEAIYBCAA","4.9","127","5","5","0","5","Alex Cannon","5","Such a great experience at Michael’s Automotive! The staff were kind, the service was quick, and the price was excellent","","","","",""
"Apex Auto Repair LLC","4931 Norwaldo Ave, Indianapolis, IN 46205, USA","(317) 643-1907","http://apexautorepair.llc/","https://maps.google.com/?cid=10490830226862843305&g_mp=CiVnb29nbGUubWFwcy5wbGFjZXMudjEuUGxhY2VzLkdldFBsYWNlEAIYBCAA","5","32","5","5","0","5","Chad Bowers","5","We had a coolant leak and a valve cover gasket leaking a little oil.  Sam made it convenient for us.  He came out to our","apexautorepair317@gmail.com","","","",""
"ASG Automotive","5841 Thunderbird Rd Ste.3, Indianapolis, IN 46236, USA","(317) 826-2906","https://asgindy.com/?utm_campaign=gmb&utm_medium=traffic&utm_source=gmb","https://maps.google.com/?cid=18408299838970099988&g_mp=CiVnb29nbGUubWFwcy5wbGFjZXMudjEuUGxhY2VzLkdldFBsYWNlEAIYBCAA","4.7","540","5","5","0","5","James Hill","5","I’m a Tesla owner if you want another option other than the Tesla dealership considered ASG for your Tesla needs. They d","cdouglas@asgindy.com","","","",""
"Quick auto repair","3401 N Illinois St, Indianapolis, IN 46208, USA","(317) 409-2986","","https://maps.google.com/?cid=10146958429264048648&g_mp=CiVnb29nbGUubWFwcy5wbGFjZXMudjEuUGxhY2VzLkdldFBsYWNlEAIYBCAA","5","10","5","5","0","5","Lisa Kay Hall","5","This was a wonderful place to get your car fixed!! They was really fast and did a great job!! Thanks guys","","","","",""
"Quick Fix Auto LLC","2727 E New York St, Indianapolis, IN 46201, USA","(317) 796-3686","","https://maps.google.com/?cid=12069987383277590745&g_mp=CiVnb29nbGUubWFwcy5wbGFjZXMudjEuUGxhY2VzLkdldFBsYWNlEAIYBCAA","5","5","5","5","0","5","Tamara Love","5","Such great service!! Very kind, hardworking, and honest! Plus he has the best prices in town I definitely won’t be going","","","","",""
"Euro Motorworks","7314 E 90th St, Indianapolis, IN 46256, USA","(463) 223-1332","https://euromotorworks.com/","https://maps.google.com/?cid=12130542998290848959&g_mp=CiVnb29nbGUubWFwcy5wbGFjZXMudjEuUGxhY2VzLkdldFBsYWNlEAIYBCAA","4.8","903","5","5","0","4","Gregory Middleton","4","The customer service with Euro Motorworks was phenomenal. They placed me in a clean late model loaner vehicle with a ful","info@euromotorworks.com","","","",""
"Grewal's Automotive","5210 Commerce Cir Suite C, Indianapolis, IN 46237, USA","(317) 886-7501","http://www.grewalsautomotive.com/","https://maps.google.com/?cid=14678748912533908664&g_mp=CiVnb29nbGUubWFwcy5wbGFjZXMudjEuUGxhY2VzLkdldFBsYWNlEAIYBCAA","4.6","228","5","5","0","5","Jessica Wilson","5","I have been coming here for a long time and I am very pleased with the consideration and care they provide me. I am alwa","info@grewalsautomotive.com","","","",""
"Makeshift Garage","3508 E Raymond St, Indianapolis, IN 46203, USA","(317) 426-2884","","https://maps.google.com/?cid=8599266805982294557&g_mp=CiVnb29nbGUubWFwcy5wbGFjZXMudjEuUGxhY2VzLkdldFBsYWNlEAIYBCAA","5","111","5","5","0","5","Amber Beach","5","They were absolutely top notch. I was quoted 1800 at the dealer and as a single mother i told them I needed to get the b","","","","",""
"Khalid’s Auto Care","WV97+Q2W, E 91st St, Indianapolis, IN 46240, USA","(317) 799-6094","https://www.khalidsautocare.com/","https://maps.google.com/?cid=6310953537576991308&g_mp=CiVnb29nbGUubWFwcy5wbGFjZXMudjEuUGxhY2VzLkdldFBsYWNlEAIYBCAA","5","25","5","5","0","5","Vinamra Tapadiya","5","Khalid’s Auto Care is top-notch! He’s been on point with his car diagnostics and quickly solved the issues I was having","info@khalidsautocare.com","","","",""
"M.G.I Auto","3702 W 16th St Suite D, Indianapolis, IN 46222, USA","(317) 982-9848","","https://maps.google.com/?cid=14268281792972974261&g_mp=CiVnb29nbGUubWFwcy5wbGFjZXMudjEuUGxhY2VzLkdldFBsYWNlEAIYBCAA","4.3","78","5","5","0","5","P S","5","Dave and Ron were great. They helped me out with a pre-inspection for a used vehicle I was purchasing. Dave's feedback w","","","","",""
"Swift Auto Service Inc.","4300 S Meridian St, Indianapolis, IN 46217, USA","(317) 791-1000","https://www.swiftautoserviceinc.com/","https://maps.google.com/?cid=7615507352827892776&g_mp=CiVnb29nbGUubWFwcy5wbGFjZXMudjEuUGxhY2VzLkdldFBsYWNlEAIYBCAA","4.6","161","5","5","0","5","Lorraine F.","5","Joe is an excellent master mechanic and his work is reasonably priced. I took my Lincoln in for the shift interlock sole","swiftauto@sbcglobal.net","","","",""
"Beach Automotive LLC","5823 S Harding St, Indianapolis, IN 46217, USA","(317) 879-5840","","https://maps.google.com/?cid=14597279889111863998&g_mp=CiVnb29nbGUubWFwcy5wbGFjZXMudjEuUGxhY2VzLkdldFBsYWNlEAIYBCAA","4.9","91","5","5","0","4","DP SII","4","My household has used Beach Automotive on two separate occasions for two rather extensive repairs on two different vehic","","","","",""
"Matthews Auto Repair","725 E 106th St, Indianapolis, IN 46280, USA","(317) 846-5569","http://matthewsautorepairinc.com/","https://maps.google.com/?cid=2489211571672935750&g_mp=CiVnb29nbGUubWFwcy5wbGFjZXMudjEuUGxhY2VzLkdldFBsYWNlEAIYBCAA","4.7","101","5","5","0","5","Jim Reamer","5","My first review, but yet again stellar service!  Matthews is a great example of how this is a relationship business.  My","user@domain.com","","","",""
"Carreto Auto Repair","1502 W Washington St, Indianapolis, IN 46222, USA","(317) 635-7307","","https://maps.google.com/?cid=17784316381696939950&g_mp=CiVnb29nbGUubWFwcy5wbGFjZXMudjEuUGxhY2VzLkdldFBsYWNlEAIYBCAA","4.7","72","5","5","0","5","Brandon Clark","5","They fixed the death wobble in my truck, I brought the part and the vehicle, they was finished with it in a timely manne","","","","",""
"Ramon Auto Repair","4343 38th St Suite C, Indianapolis, IN 46254, USA","(317) 979-1587","","https://maps.google.com/?cid=12623588696332156208&g_mp=CiVnb29nbGUubWFwcy5wbGFjZXMudjEuUGxhY2VzLkdldFBsYWNlEAIYBCAA","4.8","47","5","5","0","5","Devin Cannon","5","Called and immediately got in and got my car done within a few hours. Their customer service is great they're good peopl","","","","",""
"1320 Garage Indy","1722 Southeastern Ave, Indianapolis, IN 46201, USA","(317) 795-7708","https://www.tiktok.com/@garaje1320indy","https://maps.google.com/?cid=16738166807705439001&g_mp=CiVnb29nbGUubWFwcy5wbGFjZXMudjEuUGxhY2VzLkdldFBsYWNlEAIYBCAA","5","4","4","4","0","5","Jesus Alexis Vivas Ruiz","5","Excelente taller y muy eficientes gran equipo de trabajo lo recomiendo","info@tiktok.com","","","",""
"Lucky’s Automotive","4226 E 10th St, Indianapolis, IN 46201, USA","(317) 437-6200","https://luckysautomotive.org/","https://maps.google.com/?cid=7401342432866691538&g_mp=CiVnb29nbGUubWFwcy5wbGFjZXMudjEuUGxhY2VzLkdldFBsYWNlEAIYBCAA","5","1","1","1","0","5","Alfred Sang","5","Very good service","alkashefahmad14@gmail.com","","","",""
"Alossi Renewal Spa","245 New Fidelity Ct, Garner, NC 27529, USA","(919) 662-5090","http://www.alossispa.com/","https://maps.google.com/?cid=7189023996578163343&g_mp=CiVnb29nbGUubWFwcy5wbGFjZXMudjEuUGxhY2VzLkdldFBsYWNlEAIYBCAA","4.6","135","5","5","2","1","Mikayla H","1","I made an appt for today at 4pm, I get a call in the middle of my work for them to try to change my appt, I offered a ti","info@alossispa.com","","","",""
"Royal Crown Head & Beard Spa","208 Fayetteville St Ste. 309, Raleigh, NC 27601, USA","(984) 331-9113","https://royalcrownheadandbeardspa.com/","https://maps.google.com/?cid=15241239935776951159&g_mp=CiVnb29nbGUubWFwcy5wbGFjZXMudjEuUGxhY2VzLkdldFBsYWNlEAIYBCAA","4.9","76","5","5","2","1","Brenna Mitchiner","1","Purchased a gift certificate on line (12/29) for my sister for Christmas. She never received it, I have called and email","info@royalcrownheadandbeardspa.com","","","",""
"The Umstead Hotel and Spa","100 Woodland Pond Dr, Cary, NC 27513, USA","(866) 877-4141","http://www.theumstead.com/?utm_source=google-local&utm_medium=organic&utm_campaign=gmb","https://maps.google.com/?cid=6962213559273546905&g_mp=CiVnb29nbGUubWFwcy5wbGFjZXMudjEuUGxhY2VzLkdldFBsYWNlEAIYBCAA","4.7","2034","5","5","1","2","Peter Russell","2","Wife and I only stayed one night. A lovely hotel that accepts dogs which was great for us with 2. However, we arrived la","info@theumstead.com","","","",""
"Adara Spa","608 W Peace St, Raleigh, NC 27605, USA","(919) 834-9886","http://www.adaraspa.com/","https://maps.google.com/?cid=17623698269261808059&g_mp=CiVnb29nbGUubWFwcy5wbGFjZXMudjEuUGxhY2VzLkdldFBsYWNlEAIYBCAA","4.9","412","5","5","1","2","Siobhan E","2","My experience getting a manicure at the spa was not great. As I sat down, the manicurist immediately began peppering me","info@adaraspa.com","","","",""
"Life Energy Spa","4701 Atlantic Ave Suite 143, Raleigh, NC 27604, USA","(919) 910-8666","http://www.lifeenergyspanc.com/","https://maps.google.com/?cid=6187444168326266959&g_mp=CiVnb29nbGUubWFwcy5wbGFjZXMudjEuUGxhY2VzLkdldFBsYWNlEAIYBCAA","5","200","5","5","1","2","Sunshine Owens","2","The massage was great me and my friend got a massage for $178. I don’t like the fact that when we tipped them $10 dollar","506394752@qq.com","","","",""
"Sunrise Bodycare Massage & Spa","8015 Creedmoor Rd # 105, Raleigh, NC 27613, USA","(919) 322-5035","https://sunrisebodycareraleigh.onbuildhealth.com/","https://maps.google.com/?cid=17999864284977316199&g_mp=CiVnb29nbGUubWFwcy5wbGFjZXMudjEuUGxhY2VzLkdldFBsYWNlEAIYBCAA","5","962","5","5","1","2","Lauren K.","2","The people here are kind, welcoming and hard working. The atmosphere is relaxing. While it's not resort-level design, th","info@sunrisebodycareraleigh.onbuildhealth.com","","","",""
"Soak Haus Scalp Spa","950 Windy Rd Suite 109, Apex, NC 27502, USA","(919) 601-9979","http://www.soakhausnc.com/","https://maps.google.com/?cid=890200373091989613&g_mp=CiVnb29nbGUubWFwcy5wbGFjZXMudjEuUGxhY2VzLkdldFBsYWNlEAIYBCAA","4.9","50","5","5","1","3","Nathan Seals","3","The experience was relaxing enough and the results were clear based on the before and after microscope review but I just","support@webador.com","","","",""
"Massage Envy","141 Park at N Hills St Ste 104, Raleigh, NC 27609, USA","(919) 398-6499","https://locations.massageenvy.com/north-carolina/raleigh/141-park-at-north-hills-st.html?utm_source=GMB&utm_medium=useractions&utm_campaign=website","https://maps.google.com/?cid=7075114919799180730&g_mp=CiVnb29nbGUubWFwcy5wbGFjZXMudjEuUGxhY2VzLkdldFBsYWNlEAIYBCAA","4.5","708","5","5","1","2","Angie Roebuck","2","My first experience there was okay the only thing I didn’t like was that they take ten minutes off of your massage time","info@locations.massageenvy.com","","","",""
"True REST Float Spa • Raleigh","9660 Falls of Neuse Rd #165, Raleigh, NC 27615, USA","(919) 890-5007","https://truerest.com/locations/raleigh/?utm_source=google&utm_medium=maps&utm_campaign=gmb&utm_content=raleigh-nc","https://maps.google.com/?cid=4845519946631485334&g_mp=CiVnb29nbGUubWFwcy5wbGFjZXMudjEuUGxhY2VzLkdldFBsYWNlEAIYBCAA","4.8","80","5","5","1","3","Shakyra Edwards","3","The location is great, the suite is very quaint and nice. I think the entire process is great as well. However, my bigge","info@truerest.com","","","",""
"Skin Essence a Day Spa","8340 Bandford Way #107, Raleigh, NC 27615, USA","(919) 848-0199","http://www.skinessenceadayspa.com/","https://maps.google.com/?cid=10340318212130050494&g_mp=CiVnb29nbGUubWFwcy5wbGFjZXMudjEuUGxhY2VzLkdldFBsYWNlEAIYBCAA","4.6","182","5","5","1","3","Shaniece","3","This was my 1st time here because I’m trying to find a spa that I really like so this one was on my list to checkout ……","bestfacial@gmail.com","","","",""
"Relax Foot Spa","7851 Alexander Prom Pl #105, Raleigh, NC 27617, USA","(919) 596-4400","http://www.relaxfootspa.me/","https://maps.google.com/?cid=2055264000680977590&g_mp=CiVnb29nbGUubWFwcy5wbGFjZXMudjEuUGxhY2VzLkdldFBsYWNlEAIYBCAA","4.7","459","5","5","1","1","Jade S.K.","1","Never again. I decided to finally take some time for myself today after my family and I recently moved to the area. Afte","info@relaxfootspa.me","","","",""
"Woodhouse Spa - North Hills","4204 Six Forks Rd Suite 102, Raleigh, NC 27609, USA","(919) 755-8111","https://northhills.woodhousespas.com/?utm_source=google&utm_medium=yext","https://maps.google.com/?cid=154585990878887258&g_mp=CiVnb29nbGUubWFwcy5wbGFjZXMudjEuUGxhY2VzLkdldFBsYWNlEAIYBCAA","4.7","437","5","5","0","5","Latia Bedenbaugh","5","It was a really nice place. The staff was very accommodating and friendly. I took my daughter for her 18th birthday. We","info@northhills.woodhousespas.com","","","",""
"Lorena Luca MED + SPA - RALEIGH","412-201 Woodburn Rd, Raleigh, NC 27605, USA","(919) 977-0090","https://www.lorenaluca.com/?utm_source=GMBlisting&utm_medium=organic&utm_campaign=gmb","https://maps.google.com/?cid=12233518760577830666&g_mp=CiVnb29nbGUubWFwcy5wbGFjZXMudjEuUGxhY2VzLkdldFBsYWNlEAIYBCAA","4.8","672","5","5","0","4","Caroline Lassiter","4","My husband got me a Lorena Luca gift card for Christmas and I finally got to use it. Its not the fanciest spa and some o","info@lorenaluca.com","","","",""
"Skin Sense A Day Spa","6801 Falls of Neuse Rd #130, Raleigh, NC 27615, USA","(919) 870-0700","https://www.skinsense.com/","https://maps.google.com/?cid=16072483322698661569&g_mp=CiVnb29nbGUubWFwcy5wbGFjZXMudjEuUGxhY2VzLkdldFBsYWNlEAIYBCAA","4.4","995","5","5","0","5","Imani J.","5","Love it! Staff is friendly and welcoming! Very professional. The relaxation room is just that with cozy chairs, snacks a","user@domain.com","","","",""
"Willow Head Spa","3225 Blue Ridge Rd Suite 109, Raleigh, NC 27612, USA","(919) 439-5589","https://www.willowheadspa.com/","https://maps.google.com/?cid=15351578129458177699&g_mp=CiVnb29nbGUubWFwcy5wbGFjZXMudjEuUGxhY2VzLkdldFBsYWNlEAIYBCAA","4.7","40","5","5","0","5","Megan Gillikin","5","Willow Head Spa is truly such a special experience! From the moment I walked in, I felt my wholllllle body relax. The am","info@willowheadspa.com","","","",""
"Tao Day Spa","2012 Fairview Rd #B, Raleigh, NC 27608, USA","(919) 896-6515","https://www.taodayspanc.com/","https://maps.google.com/?cid=15768768577056494925&g_mp=CiVnb29nbGUubWFwcy5wbGFjZXMudjEuUGxhY2VzLkdldFBsYWNlEAIYBCAA","4.7","171","5","5","0","4","El Cardenal","4","Overall, I can’t wait to go back. JUNE IS AMAZING. She’s so knowledgeable about skin; i felt like I got so much useful i","info@taodayspanc.com","","","",""
"Spa Retreat Cary","200 Cornerstone Dr, Cary, NC 27519, USA","(919) 439-4777","http://www.sparetreatcary.com/","https://maps.google.com/?cid=1961734726804580979&g_mp=CiVnb29nbGUubWFwcy5wbGFjZXMudjEuUGxhY2VzLkdldFBsYWNlEAIYBCAA","4.8","281","5","5","0","5","Cindy Tyson","5","I loved the relaxing atmosphere, both rooms were super inviting, my favorite was the butter mints for my tea & my masseu","info@sparetreatcary.com","","","",""
"Blue Water Spa","10941 Raven Ridge Rd STE 103, Raleigh, NC 27614, USA","(919) 870-6066","https://www.bluewaterspa.com/","https://maps.google.com/?cid=7405057291092846843&g_mp=CiVnb29nbGUubWFwcy5wbGFjZXMudjEuUGxhY2VzLkdldFBsYWNlEAIYBCAA","4.7","705","5","5","0","5","Jackie Pritchett","5","Five Stars Isn’t Enough for Bluewater Spa or Hannah Bates!  If you’re thinking about booking at Bluewater Spa — DO IT!!!","info@bluewaterspa.com","","","",""
"White Dahlia Massage and Wellness","8351 Standonshire Way #109, Raleigh, NC 27615, USA","(919) 845-5525","http://www.whitedahlia.com/","https://maps.google.com/?cid=11194631493229575934&g_mp=CiVnb29nbGUubWFwcy5wbGFjZXMudjEuUGxhY2VzLkdldFBsYWNlEAIYBCAA","4.9","720","5","5","0","5","Dawn Pappas","5","Marie did an amazing job with my massage tonight. She took time to talk to me before she started to learn what I liked a","info@whitedahlia.com","","","",""
"Spavia Day Spa - MacGregor Village","107 Edinburgh S Dr Suite 155, Cary, NC 27511, USA","(919) 377-9599","https://carync.spaviadayspa.com/","https://maps.google.com/?cid=3680588667780816033&g_mp=CiVnb29nbGUubWFwcy5wbGFjZXMudjEuUGxhY2VzLkdldFBsYWNlEAIYBCAA","4.8","473","5","5","0","5","Megan Sorley","5","Such a relaxing environment and the therapists were amazing for our couples massage. I had Melanie and she had the perfe","info@carync.spaviadayspa.com","","","",""
"MassageLuXe-Raleigh","7436 Creedmoor Rd, Raleigh, NC 27613, USA","(919) 249-5244","https://massageluxe.com/locations/raleigh-nc","https://maps.google.com/?cid=16045081790645675553&g_mp=CiVnb29nbGUubWFwcy5wbGFjZXMudjEuUGxhY2VzLkdldFBsYWNlEAIYBCAA","4.6","404","5","5","0","5","T W","5","Omg! This is our first experience at the Raleigh location and everything was just awesome 💯❤️From the two pleasant, kin","info@massageluxe.com","","","",""
"SweatHouz Seaboard Station Contrast Therapy Studio","710 Seaboard Station Dr Suite 215, Raleigh, NC 27604, USA","(919) 910-1265","https://sweathouz.com/seaboard-station-book-now/","https://maps.google.com/?cid=5278425836461727752&g_mp=CiVnb29nbGUubWFwcy5wbGFjZXMudjEuUGxhY2VzLkdldFBsYWNlEAIYBCAA","4.9","341","5","5","0","5","Melinda Rodriguez","5","Staff was super friendly and explained in detail the benefits of each section. In the private suite, it really is privat","info@sweathouz.com","","","",""
"BodyLase Med Spa | Raleigh","6531 Creedmoor Rd STE 102, Raleigh, NC 27613, USA","(919) 954-2288","http://getbodylase.com/?y_source=1_MjA2Mjc2MzMtNzE1LWxvY2F0aW9uLndlYnNpdGU%3D","https://maps.google.com/?cid=5366416918706886953&g_mp=CiVnb29nbGUubWFwcy5wbGFjZXMudjEuUGxhY2VzLkdldFBsYWNlEAIYBCAA","4.9","1107","5","5","0","5","Michelle Carias","5","Is always an amazing experience to come to Bodylase. I had an amazing facial treatment  with Rita! She is so sweet, gent","info@bodylase.wpenginepowered.com","","","",""
"The Aesthetics Lounge & Spa Raleigh","6501 Six Forks Rd Suite A, Raleigh, NC 27615, USA","(919) 813-0043","https://raleigh.theaestheticsloungeandspa.com/","https://maps.google.com/?cid=5761250573875482991&g_mp=CiVnb29nbGUubWFwcy5wbGFjZXMudjEuUGxhY2VzLkdldFBsYWNlEAIYBCAA","5","127","5","5","0","5","Mattia Asciutto","5","I’ve been going to Alexandra for laser hair removal, and I couldn’t be happier with the results. From the very first ses","info@raleigh.theaestheticsloungeandspa.com","","","",""
"Le Nu Spa","3434 Kildaire Farm Rd #126, Cary, NC 27518, USA","(919) 999-2772","https://www.lenuspa.com/","https://maps.google.com/?cid=7668200055638240193&g_mp=CiVnb29nbGUubWFwcy5wbGFjZXMudjEuUGxhY2VzLkdldFBsYWNlEAIYBCAA","4.7","561","5","5","0","5","Deanna Foley","5","I was very impressed with the SQT Microneedling service I received from Collette. She made me feel comfortable, and was","booking@lenuspa.com","","","",""
"beem® Light Sauna Raleigh","615 W Peace St, Raleigh, NC 27605, USA","(984) 383-8900","https://beemlightsauna.com/raleigh/","https://maps.google.com/?cid=8453008746432712562&g_mp=CiVnb29nbGUubWFwcy5wbGFjZXMudjEuUGxhY2VzLkdldFBsYWNlEAIYBCAA","4.9","81","5","5","0","5","Razz “R.A.F” F.","5","My first time at Beem was great! Liz and Lindsay made me feel really welcomed. I walked out feeling amazing. I had no id","raleigh@beemlightsauna.com","","","",""
"Glo de Vie Med Spa","4209 Lassiter Mill Rd STE 133, Raleigh, NC 27609, USA","(919) 510-5919","https://www.glodevie.com/","https://maps.google.com/?cid=8672378586151910424&g_mp=CiVnb29nbGUubWFwcy5wbGFjZXMudjEuUGxhY2VzLkdldFBsYWNlEAIYBCAA","4.9","199","5","5","0","5","Jessica Rivezzo","5","I lhave always lovedAmanda and always will. She has always made me feel so welcome and never pressures me to get more th","info@glodevie.com","","","",""
"Zea Day Spa","2515 Fairview Rd #202, Raleigh, NC 27608, USA","(919) 610-5577","http://www.zeadayspa.com/","https://maps.google.com/?cid=14464892251235693084&g_mp=CiVnb29nbGUubWFwcy5wbGFjZXMudjEuUGxhY2VzLkdldFBsYWNlEAIYBCAA","5","23","5","5","0","5","Holly W.","5","Leslie is very professional, accommodating, and so so talented. Her studio space is incredibly calming, and she has such","leslie@zeadayspa.com","","","",""
"The NOW Massage Midtown Raleigh","1100 Mercantile Dr STE 120, Raleigh, NC 27609, USA","(919) 341-5669","https://thenowmassage.com/midtown-raleigh","https://maps.google.com/?cid=8897434745971435741&g_mp=CiVnb29nbGUubWFwcy5wbGFjZXMudjEuUGxhY2VzLkdldFBsYWNlEAIYBCAA","4.7","281","5","5","0","5","Shanah Bell","5","My kids got me the 80 minute Stretch massage with the deep tissue add on here for my birthday. Upon entering, I immediat","midtownraleigh@thenowmassage.com","","","",""
"Blissful Day Spa","2801 Spring Forest Rd STE 101, Raleigh, NC 27616, USA","(984) 223-0604","http://blissfuldayspa.glossgenius.com/","https://maps.google.com/?cid=16704928633499154773&g_mp=CiVnb29nbGUubWFwcy5wbGFjZXMudjEuUGxhY2VzLkdldFBsYWNlEAIYBCAA","5","110","5","5","0","5","Zari Scott","5","I had an amazing experience with Naima! From the moment I arrived, she was warm, attentive, and incredibly professional.","naima.sidds@gmail.com","","","",""
"Blue Water Spa Brier Creek","4205 Corners Pkwy Suite 110, Raleigh, NC 27617, USA","(919) 324-3357","https://www.bluewaterspa.com/brier-creek-med-spa","https://maps.google.com/?cid=1345205833917183410&g_mp=CiVnb29nbGUubWFwcy5wbGFjZXMudjEuUGxhY2VzLkdldFBsYWNlEAIYBCAA","4.9","152","5","5","0","5","Katie Cardone","5","I’ve been coming to the Brier Creek location for quite some time, and I couldn’t be happier with my experiences. Every p","info@bluewaterspa.com","","","",""
"New Horizon Spa & Therapy","6320 Capital Blvd #108, Raleigh, NC 27616, USA","(919) 752-5040","https://www.massagetherapyraleigh.com/","https://maps.google.com/?cid=3531261347647160569&g_mp=CiVnb29nbGUubWFwcy5wbGFjZXMudjEuUGxhY2VzLkdldFBsYWNlEAIYBCAA","4.8","167","5","5","0","5","Xiaoying Xi","5","I had an amazing massage experience with Ava. She is very professional, attentive, and skilled. She listened carefully t","info@massagetherapyraleigh.com","","","",""
"The MedSpa at Raleigh Plastic Surgery Center","1112 Dresser Ct, Raleigh, NC 27609, USA","(919) 333-4418","https://themedsparaleigh.com/","https://maps.google.com/?cid=12086786358131565865&g_mp=CiVnb29nbGUubWFwcy5wbGFjZXMudjEuUGxhY2VzLkdldFBsYWNlEAIYBCAA","4.9","75","5","5","0","5","Andrea Lopez","5","I’ve visited several med spas in the area, but this was hands down the best facial I’ve ever had. The staff really took","info@themedsparaleigh.com","","","",""
"Touch of Sam Lymphatic Massage Spa","2231 E Millbrook Rd #121, Raleigh, NC 27616, USA","(919) 817-8824","https://touchofsam.com/","https://maps.google.com/?cid=2178233154131876572&g_mp=CiVnb29nbGUubWFwcy5wbGFjZXMudjEuUGxhY2VzLkdldFBsYWNlEAIYBCAA","4.9","166","5","5","0","5","Candace Fiedler","5","I had a 90 min massage with Samantha and it was the best massage I’ve ever had! I’m a dentist and have regular massages","info@touchofsam.com","","","",""
"Sauna House Raleigh","324 Dupont Cir, Raleigh, NC 27603, USA","(919) 348-2177","https://www.saunahouse.com/pages/raleigh","https://maps.google.com/?cid=4475775984160105668&g_mp=CiVnb29nbGUubWFwcy5wbGFjZXMudjEuUGxhY2VzLkdldFBsYWNlEAIYBCAA","4.9","78","5","5","0","5","Lindsey T","5","This place is exactly what Raleigh needed!! It is so inviting with natural lighting, great ambiance, and plants everywhe","info@saunahouse.com","","","",""
"Cristabel Spa & Wellness","3200 Blue Ridge Rd Suite 222, Raleigh, NC 27612, USA","(984) 212-7155","http://cristabelspa.skincaretherapy.net/","https://maps.google.com/?cid=13749138089697264837&g_mp=CiVnb29nbGUubWFwcy5wbGFjZXMudjEuUGxhY2VzLkdldFBsYWNlEAIYBCAA","4.9","101","5","5","0","5","Erika Walker","5","I wanted to find an aesthetician that was within my budget because the previous location I went to was getting too expen","info@cristabelspa.skincaretherapy.net","","","",""
"Yans’ spa","5120 Bur Oak Cir, Raleigh, NC 27612, USA","(919) 917-7039","http://yanssparaleigh.com/","https://maps.google.com/?cid=9970187069532074032&g_mp=CiVnb29nbGUubWFwcy5wbGFjZXMudjEuUGxhY2VzLkdldFBsYWNlEAIYBCAA","4.8","250","5","5","0","5","Savanna Poole","5","Amazing massage! Very happy with every therapist I have had here. Very nice staff. Easy to book.  My only negative is th","info@yanssparaleigh.com","","","",""
"Restore Hyper Wellness","2038 Clark Ave, Raleigh, NC 27605, USA","(984) 459-8686","https://www.restore.com/locations/nc-raleigh-village-district-nc005?utm_source=gmb&utm_medium=Yext&y_source=1_MzE2Mjk4ODYtNzE1LWxvY2F0aW9uLndlYnNpdGU%3D","https://maps.google.com/?cid=10322289215208066234&g_mp=CiVnb29nbGUubWFwcy5wbGFjZXMudjEuUGxhY2VzLkdldFBsYWNlEAIYBCAA","4.9","262","5","5","0","5","Nicole Owens","5","Restore Hyper Wellness has been a great experience! Appointments are easy to make, you can call in, book on the website,","frontdesknc005@restore.com","","","",""
"Whole World Massage & Lymphatics","3509 Haworth Dr UNIT 205, Raleigh, NC 27609, USA","(252) 213-4478","https://www.wholeworldmassage.com/","https://maps.google.com/?cid=995526718452487100&g_mp=CiVnb29nbGUubWFwcy5wbGFjZXMudjEuUGxhY2VzLkdldFBsYWNlEAIYBCAA","4.8","449","5","5","0","5","Isabella N","5","⭐️⭐️⭐️⭐️⭐️ I had an incredible experience with Tracy! From the moment I walked in, she made me feel comfortable and care","wholeworldmassage@gmail.com","","","",""
"Hand & Stone Massage and Facial Spa","6625 Falls of Neuse Rd, Raleigh, NC 27615, USA","(984) 338-2201","https://handandstone.com/locations/raleigh/?utm_source=google&utm_medium=organic&utm_campaign=businesslisting","https://maps.google.com/?cid=4334472778235741075&g_mp=CiVnb29nbGUubWFwcy5wbGFjZXMudjEuUGxhY2VzLkdldFBsYWNlEAIYBCAA","4.1","329","5","5","0","5","Lovely Leslie","5","Treated myself to a much needed facial today at Hand and Stone. I called in the am and was able to get a same day appoin","info@handandstone.com","","","",""
"University of Detroit Mercy School of Dentistry Dental Clinic","2700 Martin Luther King Jr Blvd, Detroit, MI 48208, USA","(313) 494-6700","http://dental.udmercy.edu/","https://maps.google.com/?cid=4678668255442461093&g_mp=CiVnb29nbGUubWFwcy5wbGFjZXMudjEuUGxhY2VzLkdldFBsYWNlEAIYBCAA","3.5","174","5","5","5","1","Kevin B","1","I came here a few years ago to have a white filling redone everything seemed to be okay and then they decided if I wante","info@dental.udmercy.edu","","","",""
"Nolan Family Health Center","111 W Seven Mile Rd, Detroit, MI 48203, USA","(313) 369-2600","http://dchcquality.org/","https://maps.google.com/?cid=5065414292484943556&g_mp=CiVnb29nbGUubWFwcy5wbGFjZXMudjEuUGxhY2VzLkdldFBsYWNlEAIYBCAA","3.3","39","5","5","5","1","Crystal Rucker","1","This place has went downhill over the years. I’ve been going to this DCHC for 27 years and I’ve never dealt with such un","info@dchcquality.org","","","",""
"Gentle Dental at Gratiot Avenue","11180 Gratiot Ave, Detroit, MI 48213, USA","(313) 486-3379","https://www.gentledental-mi.com/dentist-office/detroit-mi-48213?utm_source=Google&utm_medium=KnowledgePanel&utm_campaign=Website","https://maps.google.com/?cid=6970263959330617534&g_mp=CiVnb29nbGUubWFwcy5wbGFjZXMudjEuUGxhY2VzLkdldFBsYWNlEAIYBCAA","4.2","678","5","5","4","1","McKayla Turner","1","Completely misleading, mildew smell upon arrival cold an unpleasant waiting area. made it to the back the person immedia","info@gentledental-mi.com","","","",""
"Covenant Family Dental Center","5716 Michigan Ave, Detroit, MI 48210, USA","(313) 554-3880","http://covenantcommunitycare.org/dental/","https://maps.google.com/?cid=13331064188393856082&g_mp=CiVnb29nbGUubWFwcy5wbGFjZXMudjEuUGxhY2VzLkdldFBsYWNlEAIYBCAA","2.9","21","5","5","4","1","Alsalami A","1","Worst place ever been waiting over a month to book a appointment called 3times they keep telling me to call next month c","info@covenantcommunitycare.org","","","",""
"Detroit Dental Specialists","14351 Livernois, Detroit, MI 48238, USA","(313) 863-2800","http://www.detroitdentalnow.com/","https://maps.google.com/?cid=14188726242296911252&g_mp=CiVnb29nbGUubWFwcy5wbGFjZXMudjEuUGxhY2VzLkdldFBsYWNlEAIYBCAA","4.4","1298","5","5","3","1","LaVell Lust (Mr.Lust)","1","I call their office at 12:45 PM on October 29, 2024, and the receptionist who answered asked how could she help then tur","info@detroitdentalnow.com","","","",""
"DETROIT MERCY DENTAL CENTER","2700 Martin Luther King Jr Blvd, Detroit, MI 48208, USA","(313) 494-6700","http://dental.udmercy.edu/","https://maps.google.com/?cid=10355871272295861531&g_mp=CiVnb29nbGUubWFwcy5wbGFjZXMudjEuUGxhY2VzLkdldFBsYWNlEAIYBCAA","4.1","87","5","5","3","1","Fay Noel","1","front desk receptionist Morgan was extremely rude and had the nastiest attitude at 8am with her AirPods in.  We all have","info@dental.udmercy.edu","","","",""
"Brushery","2700 Brush St, Detroit, MI 48201, USA","(313) 228-6822","http://www.brusherydetroit.com/","https://maps.google.com/?cid=1711475606154758334&g_mp=CiVnb29nbGUubWFwcy5wbGFjZXMudjEuUGxhY2VzLkdldFBsYWNlEAIYBCAA","4.6","93","5","5","3","1","Christiona Davis","1","My experience with Brushery has been extremely frustrating and unprofessional.  Throughout my time as a patient, they re","info@brusherydetroit.com","","","",""
"Destiny Dental - Detroit Grand River","21427 Grand River Ave, Detroit, MI 48219, USA","(313) 412-2100","http://destinydentalcare.com/","https://maps.google.com/?cid=10034501210716972930&g_mp=CiVnb29nbGUubWFwcy5wbGFjZXMudjEuUGxhY2VzLkdldFBsYWNlEAIYBCAA","3.4","148","5","5","3","1","falecia SINGLETARY","1","The actual dentist and dental assistants where very nice and professional, however the building/office suit is Absolutel","contact@destinydentalcare.com","","","",""
"Destiny Dental - Detroit - Mack/Alter","14736 Mack Ave, Detroit, MI 48215, USA","(313) 939-2127","http://destinydentalcare.com/","https://maps.google.com/?cid=5667028279824493584&g_mp=CiVnb29nbGUubWFwcy5wbGFjZXMudjEuUGxhY2VzLkdldFBsYWNlEAIYBCAA","3.5","69","5","5","3","1","Gabby Bryan","1","This is a 0 star dentist, only giving one because it's required to rate & say what I want to say! I arrive on time for m","contact@destinydentalcare.com","","","",""
"PCM Dental","13874 W Grand River Ave, Detroit, MI 48227, USA","(313) 834-4900","http://mdsdetroit.com/","https://maps.google.com/?cid=4738390173884417947&g_mp=CiVnb29nbGUubWFwcy5wbGFjZXMudjEuUGxhY2VzLkdldFBsYWNlEAIYBCAA","4.4","166","5","5","3","1","Jeana Hamm","1","This office is horrible!! They pulled the wrong tooth and then proceeded to get the correct one. The cleaning hurt sever","info@mdsdetroit.com","","","",""
"Affordable Dentistry","2219 Springwells St, Detroit, MI 48209, USA","(313) 554-8900","","https://maps.google.com/?cid=12517405774547689914&g_mp=CiVnb29nbGUubWFwcy5wbGFjZXMudjEuUGxhY2VzLkdldFBsYWNlEAIYBCAA","3.7","32","5","5","3","1","Andrea Hernandez","1","My mom and I called to get some information as to when her last X-rays were taken and the girl on the phone had a nasty","","","","",""
"Destiny Dental - Dearborn","Fairlane Meadows, 16201 Ford Rd, Dearborn, MI 48126, USA","(313) 451-8304","http://destinydentalcare.com/","https://maps.google.com/?cid=11866256952110600729&g_mp=CiVnb29nbGUubWFwcy5wbGFjZXMudjEuUGxhY2VzLkdldFBsYWNlEAIYBCAA","4","262","5","5","3","1","Wicked K","1","Made an appointment for today, back in October. Confirmed that appointment with the doctor and the receptionist. Got out","contact@destinydentalcare.com","","","",""
"Great Smiles Family Dentistry","10720 W Seven Mile Rd, Detroit, MI 48221, USA","(313) 345-4444","","https://maps.google.com/?cid=15509445503953048221&g_mp=CiVnb29nbGUubWFwcy5wbGFjZXMudjEuUGxhY2VzLkdldFBsYWNlEAIYBCAA","3.9","22","5","5","3","1","Randy McNeil","1","They removed my first review.. my rating is based on the fact that multiple persons including dentist examined by ex-ray","","","","",""
"Oral & Maxillofacial Surgery","4201 St. Antoine St, Detroit, MI 48201, USA","(313) 745-4622","http://www.dmc.org/","https://maps.google.com/?cid=2703511982595743658&g_mp=CiVnb29nbGUubWFwcy5wbGFjZXMudjEuUGxhY2VzLkdldFBsYWNlEAIYBCAA","3","14","5","5","3","1","brandon spradlin","1","This place will literally kill you. There unorganized uninformitive unprofessional and dont even try to make an appointm","info@dmc.org","","","",""
"Livernois Dental Care","17170 Livernois, Detroit, MI 48221, USA","(313) 340-9709","https://livernoisdentalcare.com/","https://maps.google.com/?cid=16367648263297850538&g_mp=CiVnb29nbGUubWFwcy5wbGFjZXMudjEuUGxhY2VzLkdldFBsYWNlEAIYBCAA","3.5","58","5","5","2","1","Charmane Emerson","1","Very unprofessional dentistry, I had a tooth extraction that took two hours because he Examine  4 to 5 patients in betwe","info@livernoisdentalcare.com","","","",""
"Jewell Dental","19135 Grand River Ave, Detroit, MI 48223, USA","(313) 535-7770","http://www.jewelldental.com/","https://maps.google.com/?cid=17378641687783194561&g_mp=CiVnb29nbGUubWFwcy5wbGFjZXMudjEuUGxhY2VzLkdldFBsYWNlEAIYBCAA","4.7","553","5","5","2","1","Tez Black","1","The issue I had issue I had was the filling itself. After the procedure, my bite felt completely off and I had pain when","jewelldental77@gmail.com","","","",""
"Park Dental Care","18935 Grand River Ave, Detroit, MI 48223, USA","(313) 835-8280","http://www.parkdentalcarepc.com/","https://maps.google.com/?cid=9986166416575634274&g_mp=CiVnb29nbGUubWFwcy5wbGFjZXMudjEuUGxhY2VzLkdldFBsYWNlEAIYBCAA","4.5","138","5","5","2","1","Faynese Robinsonlawo","1","Total waste of time I knew from the moment I made the appointment it was something(not good)but I decided to still give","info@parkdentalcarepc.com","","","",""
"Contemporary Dentistry","5211 Schaefer Rd Ste 100, Dearborn, MI 48126, USA","(313) 581-4884","https://www.contemporarydental.com/locations/dearborn","https://maps.google.com/?cid=1591688867477096792&g_mp=CiVnb29nbGUubWFwcy5wbGFjZXMudjEuUGxhY2VzLkdldFBsYWNlEAIYBCAA","4.8","996","5","5","2","1","jennie Days","1","I paid about $7,000 for braces, and my experience was extremely frustrating.  During a visit that was supposed to be for","info@contemporarydental.com","","","",""
"Southwest Dental Group","8028 Vernor Hwy, Detroit, MI 48209, USA","(313) 841-7700","http://mytoothimplant.com/","https://maps.google.com/?cid=3428914229880160191&g_mp=CiVnb29nbGUubWFwcy5wbGFjZXMudjEuUGxhY2VzLkdldFBsYWNlEAIYBCAA","3.8","5","5","5","2","1","Jay Big","1","","impallari@gmail.com","","","",""
"Hamtramck Dental Center","9541 Joseph Campau Ave, Hamtramck, MI 48212, USA","(313) 972-4700","","https://maps.google.com/?cid=10180290333939746739&g_mp=CiVnb29nbGUubWFwcy5wbGFjZXMudjEuUGxhY2VzLkdldFBsYWNlEAIYBCAA","2.6","51","5","5","2","1","Desie B","1","The worse Dentist I've ever been To. I went to get my tooth pulled, they pulled out other tooth and filed my tooth too L","","","","",""
"My Community Dental Centers ~ Detroit","5555 Conner St, Detroit, MI 48213, USA","(313) 571-2648","https://www.mydental.org/clinic-location/detroit/?utm_source=GMB&utm_medium=Detroit&utm_campaign=website","https://maps.google.com/?cid=8058680485239711051&g_mp=CiVnb29nbGUubWFwcy5wbGFjZXMudjEuUGxhY2VzLkdldFBsYWNlEAIYBCAA","4.7","875","5","5","1","1","UniverseProtected7","1","Please choose wisely for your dental care...Had previous dental work done here before which was pretty ok so I decided t","info@mydental.org","","","",""
"Great Expressions Dental Centers- Detroit Midtown","3670 Woodward Ave #101b, Detroit, MI 48201, USA","(313) 202-9398","https://www.greatexpressions.com/dental-offices/dentist-in-detroit-michigan-woodward-ave/","https://maps.google.com/?cid=869730475531525054&g_mp=CiVnb29nbGUubWFwcy5wbGFjZXMudjEuUGxhY2VzLkdldFBsYWNlEAIYBCAA","4.7","515","5","5","1","2","TaKia Reed","2","Receptionist were uneducated and money hungry. I am still getting annoying calls from them! Though, the Dr. was outstand","info@greatexpressions.com","","","",""
"Detroit Dental Specialty Center","430 Mack Ave, Detroit, MI 48201, USA","(313) 818-0308","http://www.detroitdentalspecialtycenter.com/","https://maps.google.com/?cid=14617475047360376544&g_mp=CiVnb29nbGUubWFwcy5wbGFjZXMudjEuUGxhY2VzLkdldFBsYWNlEAIYBCAA","3.4","17","5","5","1","1","A S","1","I held off on writing a review of this establishment for awhile after several ongoing complications with a crown they re","info@detroitdentalspecialtycenter.com","","","",""
"Metro Dental Specialists","13874 Grand River Ave, Detroit, MI 48227, USA","(313) 834-4900","http://mdsdetroit.com/","https://maps.google.com/?cid=13362779743415854378&g_mp=CiVnb29nbGUubWFwcy5wbGFjZXMudjEuUGxhY2VzLkdldFBsYWNlEAIYBCAA","3.7","180","5","5","1","1","Ops Manager","1","I was referred here by another dentist to get a tooth pulled. All I can say is this place is disorganized and fraudulent","info@mdsdetroit.com","","","",""
"Detroit Dental Specialists","511 West M-102, Highland Park, MI 48203, USA","(313) 454-4800","https://detroitdentalnow.com/","https://maps.google.com/?cid=570851811744466372&g_mp=CiVnb29nbGUubWFwcy5wbGFjZXMudjEuUGxhY2VzLkdldFBsYWNlEAIYBCAA","4.7","403","5","5","1","2","Joseph Hunter","2","I am all paid up on my ortho account and it’s been impossible to get this office on the phone to schedule an appointment","info@detroitdentalnow.com","","","",""
"Vernor Dental Care","8044 W Vernor Hwy, Detroit, MI 48209, USA","(313) 474-8994","http://www.vernordentalcare.com/?utm_campaign=gmb","https://maps.google.com/?cid=6182458277743042956&g_mp=CiVnb29nbGUubWFwcy5wbGFjZXMudjEuUGxhY2VzLkdldFBsYWNlEAIYBCAA","4.8","259","5","5","1","1","Esmeralda Sanchez","1","My experience with Dr. Bernice has been HORRIBLE, I had to come back to get my fillings done because they fell out in le","vernordentalcare@gmail.com","","","",""
"Harbortown Dental Care","3374 E Jefferson Ave, Detroit, MI 48207, USA","(313) 259-2410","https://www.harbortowndentalcare.com/","https://maps.google.com/?cid=795074312002731242&g_mp=CiVnb29nbGUubWFwcy5wbGFjZXMudjEuUGxhY2VzLkdldFBsYWNlEAIYBCAA","4.8","183","5","5","1","1","Just Baked by Steph","1","I have been a patient of this dental practice for nearly 26 years, and unfortunately my most recent experience has left","info@harbortowndentalcare.com","","","",""
"Detroit Caring Dentistry","3031 W Grand Blvd #360, Detroit, MI 48202, USA","(313) 832-0800","http://detroitcaringdentistry.com/","https://maps.google.com/?cid=1957010943996055279&g_mp=CiVnb29nbGUubWFwcy5wbGFjZXMudjEuUGxhY2VzLkdldFBsYWNlEAIYBCAA","4.4","70","5","5","1","1","Mr Mr","1","Horrible experiences with the young female front desk attendant. She was very nasty and snide completely unnecessarily.","info@detroitcaringdentistry.com","","","",""
"Crescent Dental","18901 W Warren Ave, Detroit, MI 48228, USA","(313) 271-4500","","https://maps.google.com/?cid=10833983392296720007&g_mp=CiVnb29nbGUubWFwcy5wbGFjZXMudjEuUGxhY2VzLkdldFBsYWNlEAIYBCAA","4.3","11","5","5","1","1","Erica Vega","1","They tell you to come in, even if they don't have time for you just to build your medicaid.Do not go to this dentist was","","","","",""
"Downtown Detroit Dental","645 Griswold St #224, Detroit, MI 48226, USA","(313) 263-0230","","https://maps.google.com/?cid=9770824909838608844&g_mp=CiVnb29nbGUubWFwcy5wbGFjZXMudjEuUGxhY2VzLkdldFBsYWNlEAIYBCAA","3.8","16","5","5","1","1","Amanda Hassan","1","Nurses were great!  I was in a lot of pain and came there to have a tooth pulled. The doctor was extremely disrespectful","","","","",""
"Elmwood Park Dental Center PC","1547 E Lafayette St, Detroit, MI 48207, USA","(313) 567-6200","http://elmwoodparkdentalcenter.com/","https://maps.google.com/?cid=5506086083252264422&g_mp=CiVnb29nbGUubWFwcy5wbGFjZXMudjEuUGxhY2VzLkdldFBsYWNlEAIYBCAA","4.7","83","5","5","1","1","Zinghlei Vang","1","I normally don’t write reviews especially a bad one. But this clinic is the worst. Start from receptionist to Assistant","marshaclement@sbcglobal.net","","","",""
"Malta Dental and Medical Clinic","10301 Woodward Ave, Detroit, MI 48202, USA","(313) 894-2240","https://www.maltaclinic.org/","https://maps.google.com/?cid=7915743701677118886&g_mp=CiVnb29nbGUubWFwcy5wbGFjZXMudjEuUGxhY2VzLkdldFBsYWNlEAIYBCAA","4.7","13","5","5","1","1","Shojal Miah","1","Don't go here please, I usually don't leave reviews but I had to with this place as a medical professional, I had a very","info@maltaclinic.org","","","",""
"Eight Mile Dental Center","18201 M-102, Detroit, MI 48219, USA","(313) 535-5200","","https://maps.google.com/?cid=320840088566890143&g_mp=CiVnb29nbGUubWFwcy5wbGFjZXMudjEuUGxhY2VzLkdldFBsYWNlEAIYBCAA","4.1","7","5","5","1","1","Ra'Chelle Limmitt","1","Very very unprofessional, if I could give zero stars I would. I found out they really do not fix your teeth it is just s","","","","",""
"St. John Oral Surgery and Dental Clinic","HENRY FORD, 22201 Moross Rd STE 155 STE 155, Detroit, MI 48236, USA","(313) 499-4775","","https://maps.google.com/?cid=4845635691093435297&g_mp=CiVnb29nbGUubWFwcy5wbGFjZXMudjEuUGxhY2VzLkdldFBsYWNlEAIYBCAA","2.8","53","5","5","1","1","Jazzmen Mon'A","1","Whatever you do don’t let them cut on you!! Mouth was cut twice while pregnant for a drainage tube and nothing drained.","","","","",""
"Shine Dental Adults & Kids","9301 Conant, Hamtramck, MI 48212, USA","(313) 818-3188","https://shinedentalclinics.com/","https://maps.google.com/?cid=8057974427718260049&g_mp=CiVnb29nbGUubWFwcy5wbGFjZXMudjEuUGxhY2VzLkdldFBsYWNlEAIYBCAA","4.6","318","5","5","1","1","Humayun Rashid","1","My appointment was canceled multiple times after I had already waited for a long period and stopped taking my medication","info@shinedentalclinics.com","","","",""
"Caring Dentistry of Detroit","1001 W Seven Mile Rd, Detroit, MI 48203, USA","(313) 305-7045","http://caringdentistrypc.com/","https://maps.google.com/?cid=11516250683545225732&g_mp=CiVnb29nbGUubWFwcy5wbGFjZXMudjEuUGxhY2VzLkdldFBsYWNlEAIYBCAA","4.3","28","5","5","1","1","simplykarenly","1","Had a wisdom tooth pulled. One that I’m 100% positive I should’ve been sedated for. Had four shots and still felt everyt","info@caringdentistrypc.com","","","",""
"Detroit Dental Spa","2130 Trumbull, Detroit, MI 48216, USA","(313) 216-4232","http://www.detroitdentalspa.com/","https://maps.google.com/?cid=14412738292252557174&g_mp=CiVnb29nbGUubWFwcy5wbGFjZXMudjEuUGxhY2VzLkdldFBsYWNlEAIYBCAA","4.9","142","5","5","0","5","Elle","5","My experience has been top tier. Dr Nancy and her staff embody the full concept of astounding customer service! I have b","user@domain.com","","","",""
"Emergency Dental of Detroit","28755 Schoenherr Rd, Warren, MI 48088, USA","(313) 513-4119","https://emergencydentalofdetroit.com/","https://maps.google.com/?cid=5102599137610148459&g_mp=CiVnb29nbGUubWFwcy5wbGFjZXMudjEuUGxhY2VzLkdldFBsYWNlEAIYBCAA","4.8","2071","5","5","0","5","AnnMarie Turdo","5","Wow they got me in within an hour of calling and cemented my tooth back in, minimal pain and minimal cost! The facility","contactus@emergencydentalusa.com","","","",""
"Detroit Dental Specialists","20720 Plymouth Rd, Detroit, MI 48228, USA","(313) 342-1997","https://detroitdentalnow.com/","https://maps.google.com/?cid=5316172340180380216&g_mp=CiVnb29nbGUubWFwcy5wbGFjZXMudjEuUGxhY2VzLkdldFBsYWNlEAIYBCAA","4.6","473","5","5","0","5","CLINTON TOPP JR","5","Yes, the dentist office I went to the today on park has gave me a very good visit. Help me find out more about my teeth.","","","","",""
"My Detroit Dentist","7411 John R St, Detroit, MI 48202, USA","(313) 483-6260","https://mydetroitdentist.com/?utm_source=GMBListing&utm_medium=Organic&utm_campaign=GMBListing","https://maps.google.com/?cid=8160113712065660340&g_mp=CiVnb29nbGUubWFwcy5wbGFjZXMudjEuUGxhY2VzLkdldFBsYWNlEAIYBCAA","4.9","501","5","5","0","5","Conner Devenney","5","Great staff, Great doctors/Dentists, Great atmosphere. Everyone was so kind and helpful, which was great because it was","mydetroitdentist1@gmail.com","","","",""
"Grand River Family Dentistry","24366 Grand River Ave, Detroit, MI 48219, USA","(313) 535-2273","http://www.grfamilydentistry.com/","https://maps.google.com/?cid=8947633237638512040&g_mp=CiVnb29nbGUubWFwcy5wbGFjZXMudjEuUGxhY2VzLkdldFBsYWNlEAIYBCAA","4.8","653","5","5","0","4","Terrance James","4","I must share my experience with you guys the most important person that I saw was the x-ray technician I seen that anyon","grfamilydentistry@gmail.com","","","",""
"Wow Dental","18525 Moross Rd, Detroit, MI 48224, USA","(313) 371-9880","https://www.wowdentalmi.com/?utm_source=organic&utm_medium=gbp&utm_id=local","https://maps.google.com/?cid=6626400421433713214&g_mp=CiVnb29nbGUubWFwcy5wbGFjZXMudjEuUGxhY2VzLkdldFBsYWNlEAIYBCAA","4.9","2018","5","5","0","5","Teshonda Seymour","5","Bobbi cleans my family’s teeth. My mom my sister and brother and I  only see Bobbi. She’s the best. We love her. She’s k","info@wowdentalmi.com","","","",""
"Campbell Dental & Orthodontics","5705 Vernor Hwy, Detroit, MI 48209, USA","(313) 921-5516","http://campbelldental1.com/?utm_campaign=gmb","https://maps.google.com/?cid=15075960569193725118&g_mp=CiVnb29nbGUubWFwcy5wbGFjZXMudjEuUGxhY2VzLkdldFBsYWNlEAIYBCAA","4.7","850","5","5","0","5","Paloma Muniz","5","As someone who hasn’t been to any dentist in the last 6 years my visit and treatment at Campell Dental was absolutely ph","campbelldental1@gmail.com","","","",""
"WOW Dental","22341 Eight Mile W Suite 200, Detroit, MI 48219, USA","(313) 371-9880","https://www.wowdentalmi.com/","https://maps.google.com/?cid=8129803555823986641&g_mp=CiVnb29nbGUubWFwcy5wbGFjZXMudjEuUGxhY2VzLkdldFBsYWNlEAIYBCAA","4.9","505","5","5","0","5","Flo Gabriella","5","Wonderful staff. Raaf is excellent with his patients. Everything is new and very clean. Everyone here made me feel very","info@wowdentalmi.com","","","",""
"Great Expressions Dental Centers - Detroit Ren Cen","600 Renaissance Center Suite R610, Detroit, MI 48243, USA","(313) 202-9410","https://www.greatexpressions.com/dental-offices/dentist-in-detroit-michigan-renaissance-center/","https://maps.google.com/?cid=4708758148035850130&g_mp=CiVnb29nbGUubWFwcy5wbGFjZXMudjEuUGxhY2VzLkdldFBsYWNlEAIYBCAA","4.9","830","5","5","0","5","RENEA SMITH","5","Dr Kase is 20 ⭐️ s. Her staff, the office, its clean, their prompt, attentive and VERY KNOWLEDGEABLE! In addition to my","info@greatexpressions.com","","","",""
"Detroit Sterling Dental","17200 E Warren Ave Ste. A, Detroit, MI 48224, USA","(313) 882-6635","","https://maps.google.com/?cid=17037752192677774895&g_mp=CiVnb29nbGUubWFwcy5wbGFjZXMudjEuUGxhY2VzLkdldFBsYWNlEAIYBCAA","4.8","274","5","5","0","5","Diamond Mason","5","I’ve been going here since a child and I now bring my son here too. Dr. B is very informative and fast! Kori was a blast","","","","",""
"DiPilla Dentistry of Detroit","1 Woodward Ave #1625, Detroit, MI 48226, USA","(313) 246-8288","http://www.drdipilla.com/","https://maps.google.com/?cid=6605162261946220576&g_mp=CiVnb29nbGUubWFwcy5wbGFjZXMudjEuUGxhY2VzLkdldFBsYWNlEAIYBCAA","4.9","434","5","5","0","5","Kevin Neuman","5","I have gone to DiPilla Dentistry of Detroit for a number of years and have always been very happy with the exceptional l","info@drdipilla.com","","","",""
"Dental Studio","6501 Greenfield Rd, Detroit, MI 48228, USA","(313) 424-4470","https://www.2032dentists.com/","https://maps.google.com/?cid=3961406042543036937&g_mp=CiVnb29nbGUubWFwcy5wbGFjZXMudjEuUGxhY2VzLkdldFBsYWNlEAIYBCAA","4.9","145","5","5","0","5","Kenneth Mack","5","It was a pleasure to be seen here the staff was so friendly and polite and beautiful too the doctor told me what had to","hello@2032dentists.com","","","",""
"Diamond Smiles Dentistry","6455 Gratiot Ave, Detroit, MI 48207, USA","(313) 422-1282","https://www.diamondsmilesdentistry.com/?utm_source=google&utm_medium=gbp&utm_campaign=gbp&utm_content=20260303","https://maps.google.com/?cid=6739384332247424333&g_mp=CiVnb29nbGUubWFwcy5wbGFjZXMudjEuUGxhY2VzLkdldFBsYWNlEAIYBCAA","4.4","146","5","5","0","5","andrea edwards","5","10 out of 10 HIGHLY RECOMMEND!!!!!!! I enjoyed every minute of my visit. The staff was so friendly, patient, and caring.","info23diamondsmiles@gmail.com","","","",""
"Conant Gardens Dental Center","2430 Seven Mile E, Detroit, MI 48234, USA","(313) 893-9310","","https://maps.google.com/?cid=14812513822495041410&g_mp=CiVnb29nbGUubWFwcy5wbGFjZXMudjEuUGxhY2VzLkdldFBsYWNlEAIYBCAA","4.6","189","5","5","0","5","Kamaria Mickles","5","I can’t recommend this dental office enough! My childhood friend, Akeem went above and beyond to help my mom, getting he","","","","",""
"Motor City Dental Group","6061 Vernor Hwy, Detroit, MI 48209, USA","(313) 841-1010","https://www.motorcitydentalgroup.com/","https://maps.google.com/?cid=1014199836062968073&g_mp=CiVnb29nbGUubWFwcy5wbGFjZXMudjEuUGxhY2VzLkdldFBsYWNlEAIYBCAA","4.5","16","5","5","0","5","Gelin Arabo","5","It was amazing fantastic doctor, I went in with so much pain I needed a root canal. She has gentle hands. Didn’t feel th","info@motorcitydentalgroup.com","","","",""
"Eva Karmo, DDS","4607 Vernor Hwy, Detroit, MI 48209, USA","(313) 554-3300","","https://maps.google.com/?cid=3431314182695160998&g_mp=CiVnb29nbGUubWFwcy5wbGFjZXMudjEuUGxhY2VzLkdldFBsYWNlEAIYBCAA","4.9","541","5","5","0","5","Rabih Faraj","5","The lady at the front desk was super sweet and helpful. Dr. Karmo was great! Took out what was left of my tooth patched","","","","",""
"Detroit Dentist Dentures & Implants","31700 Telegraph Rd #100, Bingham Farms, MI 48025, USA","(313) 314-2520","http://detdentist.com/","https://maps.google.com/?cid=564636465254090432&g_mp=CiVnb29nbGUubWFwcy5wbGFjZXMudjEuUGxhY2VzLkdldFBsYWNlEAIYBCAA","4.8","316","5","5","0","5","Juanita Morgan","5","I’m new to the area and was looking for a new dentist for myself and family. As a fellow dental professional I must say","info@detdentist.com","","","",""
"Family Dental Center","14807 W McNichols Rd, Detroit, MI 48235, USA","(313) 493-0110","","https://maps.google.com/?cid=6346905522062755796&g_mp=CiVnb29nbGUubWFwcy5wbGFjZXMudjEuUGxhY2VzLkdldFBsYWNlEAIYBCAA","4.6","11","5","5","0","5","Tela Turner","5","Everyone had great attitudes , they seen me right away! Gave me options and was genuinely concerned and helpful!","","","","",""
"Brandon H. Barton Jr. D.D.S, P.C","11200 E McNichols Rd, Detroit, MI 48234, USA","(313) 521-6400","https://www.bartondental.net/","https://maps.google.com/?cid=2627596770245796768&g_mp=CiVnb29nbGUubWFwcy5wbGFjZXMudjEuUGxhY2VzLkdldFBsYWNlEAIYBCAA","4.9","208","5","5","0","5","SHERRY","5","Great Dentist who for years have given to his community.  I love ❤️ him and have seen how he takes care of his patients.","schedule1@bartondental.net","","","",""
"Fuller General Dentistry","334 Livernois St, Ferndale, MI 48220, USA","(313) 864-9110","http://www.fullergeneraldentistry.com/","https://maps.google.com/?cid=4883176722040381403&g_mp=CiVnb29nbGUubWFwcy5wbGFjZXMudjEuUGxhY2VzLkdldFBsYWNlEAIYBCAA","4.9","461","5","5","0","5","Kristen Dacres","5","My mom has been taking me here since I was 2 (I'm now 14) and we still come here to get my teeth cleaned. My whole famil","info@fullergeneraldentistry.com","","","",""
"Aesthetic Dental Clinique","17701 W McNichols Rd, Detroit, MI 48235, USA","(313) 533-6500","http://www.adentalclinique.com/","https://maps.google.com/?cid=14823954045150057137&g_mp=CiVnb29nbGUubWFwcy5wbGFjZXMudjEuUGxhY2VzLkdldFBsYWNlEAIYBCAA","5","14","5","5","0","5","Regene Mckinney","5","My experience with Aesthetic Dental Clinique has been nothing short of amazing. While being a new patient but made to fe","info@adentalclinique.com","","","",""
"ADVANCED DENTISTRY","5831 Vernor Hwy, Detroit, MI 48209, USA","(313) 749-9000","","https://maps.google.com/?cid=17136968013489500187&g_mp=CiVnb29nbGUubWFwcy5wbGFjZXMudjEuUGxhY2VzLkdldFBsYWNlEAIYBCAA","4.6","10","5","5","0","5","Debbie Vega","5","This clinic is a must go too. Everyone is so polite very good vibe and so professional. The work is so outstanding. I am","","","","",""
"Dr. Faber Dental Center","2610, 8191 E Jefferson Ave, Detroit, MI 48214, USA","(313) 822-8680","http://drfaberdental.weebly.com/","https://maps.google.com/?cid=7048095292532523257&g_mp=CiVnb29nbGUubWFwcy5wbGFjZXMudjEuUGxhY2VzLkdldFBsYWNlEAIYBCAA","4.7","16","5","5","0","5","David Wilson","5","I've been seeing Dr Faber now for around two years. He's very professional. And a true craftsman. I really enjoy the atm","info@drfaberdental.weebly.com","","","",""
"Dental Health and Wellness Center - Detroit","7433 Michigan Ave, Detroit, MI 48210, USA","(313) 842-4255","http://www.dentalhwc.com/","https://maps.google.com/?cid=15314305295120338575&g_mp=CiVnb29nbGUubWFwcy5wbGFjZXMudjEuUGxhY2VzLkdldFBsYWNlEAIYBCAA","5","3","3","3","0","5","Gabriel Lemoine","5","I love coming to this place. Never over packed. Always attentive. I've visited since moving back from Minnesota.  It has","info@dentalhwc.com","","","",""
"Cincinnati Sports Club","3950 Red Bank Rd, Cincinnati, OH 45227, USA","(513) 527-4000","http://www.cincinnatisportsclub.com/","https://maps.google.com/?cid=6038465458168665985&g_mp=CiVnb29nbGUubWFwcy5wbGFjZXMudjEuUGxhY2VzLkdldFBsYWNlEAIYBCAA","4.2","414","5","5","4","2","Kali Pearce","2","Please beware of joining this club. $700 fee to join and then $139/month, which increases yearly. You are not able to pa","info@cincinnatisportsclub.com","","","",""
"Bee Fit Health Club","1192 W Kemper Rd, Cincinnati, OH 45240, USA","(513) 850-2050","https://beefitcincy.com/","https://maps.google.com/?cid=13755596926638428153&g_mp=CiVnb29nbGUubWFwcy5wbGFjZXMudjEuUGxhY2VzLkdldFBsYWNlEAIYBCAA","4.7","224","5","5","4","1","Trayli Monroe","1","My boyfriend tried to cancel our membership for weeks by calling, submitting a form on the website, and emailing. Couldn","info@beefitcincy.com","","","",""
"Snap Fitness Cincinnati West","6701 Ruwes Oak Dr Suite 12, Cincinnati, OH 45248, USA","(513) 574-7627","https://www.snapfitness.com/us/gyms/cincinnati-west-oh/?utm_source=gmb&utm_medium=yext","https://maps.google.com/?cid=5619946648091991209&g_mp=CiVnb29nbGUubWFwcy5wbGFjZXMudjEuUGxhY2VzLkdldFBsYWNlEAIYBCAA","3.6","34","5","5","3","1","Leslie Fultz","1","Snap Fitness Cincinnati West I complained about the cleanliness of the facility on multiple occasions. I left many notes","cincinnatiwest@snapfitness.com","","","",""
"Mercy Health - Queen City HealthPlex","3131 Queen City Ave, Cincinnati, OH 45238, USA","(513) 389-5600","https://www.mercy.com/locations/fitness-healthplex/cincinnati/mercy-health-queen-city-healthplex","https://maps.google.com/?cid=1333648537434864247&g_mp=CiVnb29nbGUubWFwcy5wbGFjZXMudjEuUGxhY2VzLkdldFBsYWNlEAIYBCAA","4.5","212","5","5","3","1","rashaad smith","1","I waited four hours for literally nothing your whole staff sucks. Then I get prescribed no medicine when clear as fat yo","todell@mercyhealthplex.com","","","",""
"Crunch Fitness - Newport","1751 Monmouth St, Newport, KY 41071, USA","(859) 360-5238","https://www.crunch.com/locations/newport","https://maps.google.com/?cid=13749797092688652341&g_mp=CiVnb29nbGUubWFwcy5wbGFjZXMudjEuUGxhY2VzLkdldFBsYWNlEAIYBCAA","4.6","1049","5","5","2","1","Kelsey Vincent","1","The must uncomfortable gym environment I’ve experienced, gym bros yelling between sets, slamming weights and 4 people st","manager@crunchnewport.com","","","",""
"Anytime Fitness Cincinnati","3537 Columbia Pkwy, Cincinnati, OH 45226, USA","(513) 871-2424","https://www.anytimefitness.com/locations/cincinnati-ohio-1973/?utm_source=google&utm_medium=organic-businesslisting&utm_campaign=gbp-listing&utm_content=1973","https://maps.google.com/?cid=5491629990808235009&g_mp=CiVnb29nbGUubWFwcy5wbGFjZXMudjEuUGxhY2VzLkdldFBsYWNlEAIYBCAA","4.5","102","5","5","2","1","Elliot Hollis","1","I was working out per usual, first time at this location, and a worker started complaining about the way I worked out, c","mediainquiries@sebrands.com","","","",""
"Crunch Fitness - Kenwood","5901 E Galbraith Rd Suite 250, Cincinnati, OH 45236, USA","(513) 984-0348","https://www.crunch.com/locations/kenwood","https://maps.google.com/?cid=16312613676424267732&g_mp=CiVnb29nbGUubWFwcy5wbGFjZXMudjEuUGxhY2VzLkdldFBsYWNlEAIYBCAA","4.5","808","5","5","2","1","Anna E","1","I don’t necessarily place the one star on crunch fitness as a whole, but moreso the kenwood location. I first signed up","manager@crunchkenwood.com","","","",""
"Planet Fitness","6186 Glenway Ave, Cincinnati, OH 45211, USA","(513) 429-4102","https://www.planetfitness.com/gyms/cincinnati-western-hills-oh?utm_medium=organic&utm_source=extnet","https://maps.google.com/?cid=11147361657819298543&g_mp=CiVnb29nbGUubWFwcy5wbGFjZXMudjEuUGxhY2VzLkdldFBsYWNlEAIYBCAA","4.2","1019","5","5","2","1","schottel0127","1","The only thing good about this place is the hours it’s open. Otherwise it’s a joke ! Half the people that go here sit on","info@planetfitness.com","","","",""
"Recreation Center","1723 Cleneay Ave, Cincinnati, OH 45207, USA","(513) 745-3208","http://www.xavier.edu/recreational-sports/","https://maps.google.com/?cid=730356247796294060&g_mp=CiVnb29nbGUubWFwcy5wbGFjZXMudjEuUGxhY2VzLkdldFBsYWNlEAIYBCAA","3.8","28","5","5","2","1","Dre NYC","1","ONLY FOR XAVIER STUDENTS","wileyd@xavier.edu","","","",""
"Kingdom Fitness","327 W 4th St, Cincinnati, OH 45202, USA","(513) 604-4041","https://kingdomfitness.us/","https://maps.google.com/?cid=16036583807371027421&g_mp=CiVnb29nbGUubWFwcy5wbGFjZXMudjEuUGxhY2VzLkdldFBsYWNlEAIYBCAA","4.9","86","5","5","1","1","Jack Waldon","1","Out dated gym, outdated equipment. Got a membership here and my key fob never worked I only went once and had to be let","kingdomfitnessus@gmail.com","","","",""
"Delhi Athletic Club","5027 Delhi Rd, Cincinnati, OH 45238, USA","(513) 278-4060","https://www.delhiathleticclub.com/","https://maps.google.com/?cid=18276308438413511686&g_mp=CiVnb29nbGUubWFwcy5wbGFjZXMudjEuUGxhY2VzLkdldFBsYWNlEAIYBCAA","4.7","50","5","5","1","1","Mimi D","1","Frustrating Customer Service Experience The communication at Delhi Athletic Club has been terrible. I’ve had to chase do","info@delhiathleticclub.com","","","",""
"World Gym Cincinnati","9481 Princeton Glendale Rd, Hamilton, OH 45011, USA","(513) 288-1480","https://www.worldgym.com/cincinnati","https://maps.google.com/?cid=10060766693807106955&g_mp=CiVnb29nbGUubWFwcy5wbGFjZXMudjEuUGxhY2VzLkdldFBsYWNlEAIYBCAA","4.6","238","5","5","1","1","Adrian","1","My review is based on my personal experience here at this gym. My hope is that yours will be better than mine but I will","info@worldgym.com","","","",""
"Fitnext: The Jungle Gym","803 Sycamore St, Cincinnati, OH 45202, USA","(513) 721-0055","http://www.cincyfitnext.com/","https://maps.google.com/?cid=11249434243712851988&g_mp=CiVnb29nbGUubWFwcy5wbGFjZXMudjEuUGxhY2VzLkdldFBsYWNlEAIYBCAA","4.7","20","5","5","1","1","Brian Ellis","1","Too expensive. You can get into great shape for 10 dollars a month. Silly people will pay this much for a gym but whine","criston@cincyfitnext.com","","","",""
"Paramount Fitness","6306 Harrison Ave, Cincinnati, OH 45247, USA","(513) 451-6509","https://www.facebook.com/pages/Paramount-Fitness-Center/176627119035614","https://maps.google.com/?cid=24685426898422693&g_mp=CiVnb29nbGUubWFwcy5wbGFjZXMudjEuUGxhY2VzLkdldFBsYWNlEAIYBCAA","4.6","40","5","5","1","3","Mark Shots","3","Every single bench in the gym is ripped up. Water fountain dispenses lukewarm water. If you go any day during the week f","info@facebook.com","","","",""
"Workout Anytime Monfort Heights","5441 N Bend Rd Ste 106, Cincinnati, OH 45247, USA","(513) 481-8746","https://workoutanytime.com/location/monfort-heights/","https://maps.google.com/?cid=11693950675325000260&g_mp=CiVnb29nbGUubWFwcy5wbGFjZXMudjEuUGxhY2VzLkdldFBsYWNlEAIYBCAA","4.6","119","5","5","1","3","Drew Whitmire","3","It's a very nice gym and the staff have always been nice. But as of the time of writing, it's regularly too busy for my","monfortheights@workoutanytime.com","","","",""
"Planet Fitness","4503 Marburg Ave, Cincinnati, OH 45209, USA","(513) 351-0457","https://www.planetfitness.com/gyms/cincinnati-oakley-oh?utm_medium=organic&utm_source=extnet","https://maps.google.com/?cid=16287154642941615487&g_mp=CiVnb29nbGUubWFwcy5wbGFjZXMudjEuUGxhY2VzLkdldFBsYWNlEAIYBCAA","4.4","659","5","5","1","2","Learni Back","2","Please clean your showers as often. I’ve been to many PF and this one by far the less clean shower. I know they’re not b","info@planetfitness.com","","","",""
"LA Fitness","8129 Montgomery Rd, Cincinnati, OH 45236, USA","(513) 791-4444","https://www.lafitness.com/Pages/clubhome.aspx?clubid=996&utm_source=google&utm_medium=googlemaps&utm_campaign=maps","https://maps.google.com/?cid=17855785534860441692&g_mp=CiVnb29nbGUubWFwcy5wbGFjZXMudjEuUGxhY2VzLkdldFBsYWNlEAIYBCAA","4.2","303","5","5","1","3","Brookelynne Jade","3","I’ve been an LA fitness member for 20 years. I also go to bodybuilding gyms but have kept an LA membership too for the a","info@lafitness.com","","","",""
"Crunch Fitness - Anderson","7520 Beechmont Ave, Cincinnati, OH 45255, USA","(513) 233-0348","https://www.crunch.com/locations/anderson","https://maps.google.com/?cid=5602801208227463229&g_mp=CiVnb29nbGUubWFwcy5wbGFjZXMudjEuUGxhY2VzLkdldFBsYWNlEAIYBCAA","4.2","898","5","5","1","1","L. Branham Thomas","1","1 Star - Poorly Maintained Facility with Safety Concerns I've been a member at this location for some time now, and the","manager@crunchanderson.com","","","",""
"Anytime Fitness","7247 Wooster Pike, Cincinnati, OH 45227, USA","(513) 340-7269","https://www.anytimefitness.com/locations/mariemont-ohio-3251/?utm_source=google&utm_medium=organic-businesslisting&utm_campaign=gbp-listing&utm_content=3251","https://maps.google.com/?cid=11886664592693903941&g_mp=CiVnb29nbGUubWFwcy5wbGFjZXMudjEuUGxhY2VzLkdldFBsYWNlEAIYBCAA","4.5","47","5","5","1","1","Robert Bruyer","1","The hours are great. The set up is big. The location is convenient.  Unfortunately, the manager, whose name is Jarrod, i","mediainquiries@sebrands.com","","","",""
"The University of Cincinnati Campus Recreation Center","2820 Bearcat Way, Cincinnati, OH 45221, USA","(513) 556-0604","https://www.uc.edu/campusrec.html","https://maps.google.com/?cid=635042954280861387&g_mp=CiVnb29nbGUubWFwcy5wbGFjZXMudjEuUGxhY2VzLkdldFBsYWNlEAIYBCAA","4.7","597","5","5","1","1","KeenissDog Gaming","1","The officials they use for basketball are so iffy some of them can be great a lot of the younger guys they have are real","campusrec@uc.edu","","","",""
"Orangetheory Fitness","185 Pavilion Pkwy, Newport, KY 41071, USA","(859) 838-4555","https://www.orangetheory.com/en-us/locations/newport-kentucky-0505?utm_medium=seo&utm_source=gg&utm_term=corporate&utm_campaign=soci","https://maps.google.com/?cid=14100036884957546302&g_mp=CiVnb29nbGUubWFwcy5wbGFjZXMudjEuUGxhY2VzLkdldFBsYWNlEAIYBCAA","4.9","294","5","5","1","1","Michael Ryan","1","Orangetheory is currently under several lawsuits regarding the contractual details of their membership agreements. I and","info@orangetheory.com","","","",""
"Gymbo's Personal Training And Fitness Center","6037 Harrison Ave, Cincinnati, OH 45248, USA","(513) 922-4967","http://www.gymbostraining.com/","https://maps.google.com/?cid=12982296004364823966&g_mp=CiVnb29nbGUubWFwcy5wbGFjZXMudjEuUGxhY2VzLkdldFBsYWNlEAIYBCAA","4.6","66","5","5","1","1","Ben King","1","Originally requested for a 3 month membership as I was moving. Paid, worked out, moved... was billed again 3 months afte","info@gymbostraining.com","","","",""
"Orangetheory Fitness","3202 Vandercar Way, Cincinnati, OH 45209, USA","(513) 808-4882","https://www.orangetheory.com/en-us/locations/cincinnati-ohio-0371?utm_medium=seo&utm_source=gg&utm_term=corporate&utm_campaign=soci","https://maps.google.com/?cid=4514034617975784149&g_mp=CiVnb29nbGUubWFwcy5wbGFjZXMudjEuUGxhY2VzLkdldFBsYWNlEAIYBCAA","4.8","313","5","5","1","2","C D (Ma)","2","Not so welcoming at all. I am new to the area and this is my 2nd or 3rd orangetheory I have visited. I'm just trying to","info@orangetheory.com","","","",""
"Eleven Fitness Club","1 W 4th St #200, Cincinnati, OH 45202, USA","(513) 996-0196","https://elevenfitnessclub.com/","https://maps.google.com/?cid=11661478991274251599&g_mp=CiVnb29nbGUubWFwcy5wbGFjZXMudjEuUGxhY2VzLkdldFBsYWNlEAIYBCAA","4.9","25","5","5","0","4","Christopher Mozer","4","Joined to use the open gym and meet people.  Sadly, not too many people use the open gym. It is weird. I could have a he","user@domain.com","","","",""
"Vine Fitness","441 Vine St, Cincinnati, OH 45202, USA","(513) 800-0260","http://www.thevinefitness.com/","https://maps.google.com/?cid=12975570831577869762&g_mp=CiVnb29nbGUubWFwcy5wbGFjZXMudjEuUGxhY2VzLkdldFBsYWNlEAIYBCAA","4.9","165","5","5","0","5","emmanuel Remy","5","Great Fitness center. Make your new year resolution. Good variety of equipment and plenty of room for various workout pr","contact@vinefitness.net","","","",""
"RTS Barbell","2411 Symmes St, Cincinnati, OH 45206, USA","(513) 706-1548","http://www.rtsbarbell.com/","https://maps.google.com/?cid=10900758133089080551&g_mp=CiVnb29nbGUubWFwcy5wbGFjZXMudjEuUGxhY2VzLkdldFBsYWNlEAIYBCAA","4.9","126","5","5","0","5","Amy Boshell","5","By far, the best gym I’ve ever been a member of. I’ve gone to CrossFit, 24 hour fitness; I even worked at Gold’s Gym and","risktosucceed@gmail.com","","","",""
"Crunch Fitness - Oakley","3401 Ibsen Ave, Cincinnati, OH 45209, USA","(513) 351-0976","https://www.crunch.com/locations/oakley","https://maps.google.com/?cid=4205639584803483499&g_mp=CiVnb29nbGUubWFwcy5wbGFjZXMudjEuUGxhY2VzLkdldFBsYWNlEAIYBCAA","4.3","950","5","5","0","4","Colin Lavelle","4","Fine gym, pretty standard. Very busy but expected for a gym, so not an issue for me. Good cardio section and free weight","manager@crunchoakley.com","","","",""
"The Dave Herche Cincinnati Athletic Club","111 Shillito Pl, Cincinnati, OH 45202, USA","(513) 241-0096","http://www.cincinnatiathleticclub.com/","https://maps.google.com/?cid=1640992951014369400&g_mp=CiVnb29nbGUubWFwcy5wbGFjZXMudjEuUGxhY2VzLkdldFBsYWNlEAIYBCAA","4.8","48","5","5","0","5","Bryson Biehl","5","One of the best decisions you will make is joining the CAC. Historic building, Great amenities such as the cold plunge,","info@cincinnatiathleticclub.com","","","",""
"Hero Gym","3932 Spring Grove Ave Ste. A, Cincinnati, OH 45223, USA","","https://www.herogym.com/?utm_source=Google&utm_medium=GBP&utm_campaign=Hero+Gym","https://maps.google.com/?cid=5659384051593415718&g_mp=CiVnb29nbGUubWFwcy5wbGFjZXMudjEuUGxhY2VzLkdldFBsYWNlEAIYBCAA","5","61","5","5","0","5","Brad McFaddin","5","I’m an advanced lifter and have trained in a lot of different environments over the years, so I have a high standard whe","user@domain.com","","","",""
"Trilogy Fitness Systems","5373 Ridge Ave, Cincinnati, OH 45213, USA","(513) 993-1016","https://www.trilogyfitnesssystems.com/","https://maps.google.com/?cid=4497303071685686187&g_mp=CiVnb29nbGUubWFwcy5wbGFjZXMudjEuUGxhY2VzLkdldFBsYWNlEAIYBCAA","5","162","5","5","0","5","Cassie Burba","5","I love Trilogy Fitness! I’m at a point in my life where I want to be intentional about taking time for myself and in doi","info@trilogyfitnesssystems.com","","","",""
"Carter Fitness","671 Wilmer Ave, Cincinnati, OH 45226, USA","(513) 633-1187","http://www.carterfit.com/","https://maps.google.com/?cid=13825357782139660867&g_mp=CiVnb29nbGUubWFwcy5wbGFjZXMudjEuUGxhY2VzLkdldFBsYWNlEAIYBCAA","4.9","79","5","5","0","5","Jeffrey Overberg","5","My wife and I have been proud members of Carter Fitness since day one—over 10 years ago! We’ve watched the gym grow in i","info@carterfit.com","","","",""
"Delhi Fitness Club","5259 Delhi Rd, Cincinnati, OH 45238, USA","(513) 951-1781","http://delhifitnessclub.org/","https://maps.google.com/?cid=10376231894678504174&g_mp=CiVnb29nbGUubWFwcy5wbGFjZXMudjEuUGxhY2VzLkdldFBsYWNlEAIYBCAA","4.5","234","5","5","0","5","christal islas","5","I’ve had my membership for 2 years now and absolutely love this gym. The gym staff are great people, awesome to work wit","management@delhifitnessclub.org","","","",""
"Imperium Fitness","218 Main St, Addyston, OH 45001, USA","(513) 429-2009","http://www.imperiumfitness513.com/","https://maps.google.com/?cid=1649172770960295488&g_mp=CiVnb29nbGUubWFwcy5wbGFjZXMudjEuUGxhY2VzLkdldFBsYWNlEAIYBCAA","5","25","5","5","0","5","Jason Boeh","5","A gym built for RESULTS. Every workout feels intentional, every machine has a purpose, and the atmosphere keeps you focu","info@imperiumfitness513.com","","","",""
"Cincinnati Functional Fitness","5005 Barrow Ave # 100, Cincinnati, OH 45209, USA","(513) 351-1640","http://www.cincyfit.com/","https://maps.google.com/?cid=654374900344994422&g_mp=CiVnb29nbGUubWFwcy5wbGFjZXMudjEuUGxhY2VzLkdldFBsYWNlEAIYBCAA","4.9","142","5","5","0","5","Matthew Kite","5","I am working with Grace.  She is very attentive, totally knowledgeable of training options while adaptive to my limitati","info@cincyfit.com","","","",""
"Five Thirteen Strength","1220 Harrison Ave Suite 1B, Cincinnati, OH 45214, USA","(513) 557-6433","https://fivethirteenstrength.com/","https://maps.google.com/?cid=608262083325498628&g_mp=CiVnb29nbGUubWFwcy5wbGFjZXMudjEuUGxhY2VzLkdldFBsYWNlEAIYBCAA","4.9","68","5","5","0","5","Brian Jerszynski","5","Great new strength training facility near downtown Cincy. Equipment is top notch & has specific items for the powerlifti","info@fivethirteenstrength.com","","","",""
"Central Parkway YMCA","1105 Elm St, Cincinnati, OH 45202, USA","(513) 362-9622","https://myy.org/location/central-parkway-ymca/","https://maps.google.com/?cid=12602668881548715871&g_mp=CiVnb29nbGUubWFwcy5wbGFjZXMudjEuUGxhY2VzLkdldFBsYWNlEAIYBCAA","4.5","311","5","5","0","4","KP G","4","Lovely facility, with several floors of equipment and spaces to exercise, including a pool on the lowest floor.  I used","jestael@myy.org","","","",""
"Cincy 360 Fitness","3833 Eastern Ave #2104, Cincinnati, OH 45226, USA","(513) 271-1729","http://www.cincy360fitness.com/","https://maps.google.com/?cid=7794060022942975926&g_mp=CiVnb29nbGUubWFwcy5wbGFjZXMudjEuUGxhY2VzLkdldFBsYWNlEAIYBCAA","5","70","5","5","0","5","Kevin Corea","5","I’ve been training at Cincy 360 for the better part of a decade, and I’m so grateful to continue to be a part of the com","info@cincy360fitness.com","","","",""
"Southside Strength Co.","319 Madison Ave, Covington, KY 41011, USA","(513) 467-8644","https://southsidestrengthco.com/","https://maps.google.com/?cid=2946625942552270574&g_mp=CiVnb29nbGUubWFwcy5wbGFjZXMudjEuUGxhY2VzLkdldFBsYWNlEAIYBCAA","5","27","5","5","0","5","Cortney Carnes","5","Southside Strength is a very welcoming and aesthetically inspiring space to meet and grow your fitness goals. I immediat","user@domain.com","","","",""
"Paradise Gym","6019 Vine St, Cincinnati, OH 45216, USA","(513) 479-0040","","https://maps.google.com/?cid=15351712280713392553&g_mp=CiVnb29nbGUubWFwcy5wbGFjZXMudjEuUGxhY2VzLkdldFBsYWNlEAIYBCAA","4.8","11","5","5","0","5","B. Ellis","5","If you’re looking for amazing results and ready to get your fitness goals accomplished, then this is the gym for you!","","","","",""
"Anytime Fitness","7721 Beechmont Ave, Cincinnati, OH 45255, USA","(513) 440-5150","https://www.anytimefitness.com/locations/cincinnati-ohio-5510/","https://maps.google.com/?cid=16697612788675500861&g_mp=CiVnb29nbGUubWFwcy5wbGFjZXMudjEuUGxhY2VzLkdldFBsYWNlEAIYBCAA","4.7","26","5","5","0","5","Conner Nowicki","5","Literally my entire family belongs here!! We love this gym. Ryan and Jackie are the best. Amazing equipment selection an","mediainquiries@sebrands.com","","","",""
"BEAT Personal Training & Fitness","5140 Kennedy Ave, Cincinnati, OH 45213, USA","(513) 621-2328","https://beatfitnesscincy.com/","https://maps.google.com/?cid=14470431597939227736&g_mp=CiVnb29nbGUubWFwcy5wbGFjZXMudjEuUGxhY2VzLkdldFBsYWNlEAIYBCAA","4.9","185","5","5","0","4","Kiki Tillis","4","I joined BEAT two months ago and it’s been a great experience. Zach signed me up and everyone is very friendly and helpf","info@beatfitnesscincy.com","","","",""
"MADabolic Cincy","2543 Woodburn Ave, Cincinnati, OH 45206, USA","(513) 440-3575","https://madabolic.com/oh/cincinnati/","https://maps.google.com/?cid=8825695803549212577&g_mp=CiVnb29nbGUubWFwcy5wbGFjZXMudjEuUGxhY2VzLkdldFBsYWNlEAIYBCAA","5","54","5","5","0","5","Anna Harley","5","I’m 15 classes in and this is the best strength training gym I’m ever joined. As a mom of 2 it can be hard to find a gym","info@madabolic.com","","","",""
"Planet Fitness","82 Carothers Rd, Newport, KY 41071, USA","(859) 360-1029","https://www.planetfitness.com/gyms/newport-ky?utm_medium=organic&utm_source=extnet","https://maps.google.com/?cid=1396615703817939067&g_mp=CiVnb29nbGUubWFwcy5wbGFjZXMudjEuUGxhY2VzLkdldFBsYWNlEAIYBCAA","4.3","762","5","5","0","4","Nexus_Field_Audits_NkyCinn","4","Nexus Field Audit: A 24/7 Sanctuary with a Hardware Hurdle  **The standout feature of this location is the 24/7 access.","info@planetfitness.com","","","",""
"FITNKY (Newport)","111 Beech St, Newport, KY 41071, USA","(859) 376-5474","http://fitnky.com/","https://maps.google.com/?cid=16670294184473591128&g_mp=CiVnb29nbGUubWFwcy5wbGFjZXMudjEuUGxhY2VzLkdldFBsYWNlEAIYBCAA","5","295","5","5","0","5","Chrissy B","5","I love this place so much!! They have childcare. Adam is my absolute favorite coach he’s so funny and so helpful and enc","info@fitnky.com","","","",""
"Mighty Vine Wellness Club","2347 Vine St, Cincinnati, OH 45219, USA","(513) 241-9355","http://mightyvine.org/","https://maps.google.com/?cid=14373273800080086318&g_mp=CiVnb29nbGUubWFwcy5wbGFjZXMudjEuUGxhY2VzLkdldFBsYWNlEAIYBCAA","4.7","11","5","5","0","4","Denise Crayon","4","Smaller neighborhood gym. Cozy, basic, familiar...","info@mightyvine.org","","","",""
"J2FIT Strength and Conditioning","2411 Symmes St, Cincinnati, OH 45206, USA","","http://j2fit.com/","https://maps.google.com/?cid=4143289889951601700&g_mp=CiVnb29nbGUubWFwcy5wbGFjZXMudjEuUGxhY2VzLkdldFBsYWNlEAIYBCAA","5","64","5","5","0","5","Naomi Matley","5","Training with Mike has been an absolute pleasure! Mike is welcoming, knowledgeable, and committed to ensuring his client","team@j2fit.com","","","",""
"Findlay Movement Fitness Club","124 Findlay St, Cincinnati, OH 45202, USA","(513) 655-6545","http://findlaymovement.com/","https://maps.google.com/?cid=10780568158810995498&g_mp=CiVnb29nbGUubWFwcy5wbGFjZXMudjEuUGxhY2VzLkdldFBsYWNlEAIYBCAA","5","50","5","5","0","5","Carrie Fuesel","5","Truly the best gym! No need to be perfect or an expert here. All levels are welcome and will fit right in. I joined Find","user@domain.com","","","",""
"Cincinnati Fitness Boxing","2929 Spring Grove Ave, Cincinnati, OH 45225, USA","(513) 429-2766","http://www.cincinnatifitnessboxing.com/","https://maps.google.com/?cid=17391038701236888071&g_mp=CiVnb29nbGUubWFwcy5wbGFjZXMudjEuUGxhY2VzLkdldFBsYWNlEAIYBCAA","5","50","5","5","0","5","Kirsten Potter","5","I really can’t say enough good things about this gym. I’ve been going for one month officially and I’ve seen a huge chan","info@cincinnatifitnessboxing.com","","","",""
"Next Level Fitness","8352 Colerain Ave, Groesbeck, OH 45239, USA","(513) 873-1902","http://www.nextlevelfitness1.com/","https://maps.google.com/?cid=12354656167750689897&g_mp=CiVnb29nbGUubWFwcy5wbGFjZXMudjEuUGxhY2VzLkdldFBsYWNlEAIYBCAA","4.2","158","5","5","0","5","Issa Nurse","5","I started going with a friend and eventually purchased my own membership. It’s always clean and has an abundance of equi","info@nextlevelfitness1.com","","","",""
"Finish Strong 1","4865 Duck Creek Rd, Cincinnati, OH 45227, USA","(513) 417-9811","https://www.finishstrong1.com/","https://maps.google.com/?cid=9291889385651811638&g_mp=CiVnb29nbGUubWFwcy5wbGFjZXMudjEuUGxhY2VzLkdldFBsYWNlEAIYBCAA","4.9","86","5","5","0","5","robert thomas","5","The owner, Steve, is our trainer.  Not sure about your experience elsewhere but here he takes the time to get to know yo","user@domain.com","","","",""
"Cincinnati Fit Body Fitness","7923 Blue Ash Rd, Cincinnati, OH 45236, USA","(513) 254-6449","https://cincinnatifitbody.com/","https://maps.google.com/?cid=6375965372664863439&g_mp=CiVnb29nbGUubWFwcy5wbGFjZXMudjEuUGxhY2VzLkdldFBsYWNlEAIYBCAA","4.9","41","5","5","0","5","Lindsey Burton","5","I began going to Cincinnati Fit Body Boot Camp after I had my second child and needed some motivation and push to get ba","info@cincinnatifitbody.com","","","",""
"HossFit","2210 Beechmont Ave Unit G, Cincinnati, OH 45230, USA","(513) 231-4677","http://www.hossfit.com/","https://maps.google.com/?cid=5233284157018758296&g_mp=CiVnb29nbGUubWFwcy5wbGFjZXMudjEuUGxhY2VzLkdldFBsYWNlEAIYBCAA","5","30","5","5","0","5","Mary Preston","5","Are you looking for a phenomenal gym where transformation takes place daily? Where people genuinely encourage you to bec","info@hossfit.com","","","",""
"VISION FITNESS & MMA","3470 Cardiff Ave, Cincinnati, OH 45209, USA","(513) 202-3109","http://www.visionmma.com/","https://maps.google.com/?cid=12649626254816334035&g_mp=CiVnb29nbGUubWFwcy5wbGFjZXMudjEuUGxhY2VzLkdldFBsYWNlEAIYBCAA","5","83","5","5","0","5","Lauren LaRocca","5","This gym is awesome - such an integrative approach to fitness.  They offer jiu-jitsu, MMA, and fitness classes. The gym","info@visionmma.com","","","",""
"Living Fitness","4308 Bridgetown Rd, Cincinnati, OH 45211, USA","(513) 918-2042","http://mylivingfitness.com/","https://maps.google.com/?cid=16798318370714428541&g_mp=CiVnb29nbGUubWFwcy5wbGFjZXMudjEuUGxhY2VzLkdldFBsYWNlEAIYBCAA","5","31","5","5","0","5","Natali Giourtis","5","This gym truly stands out. There’s something for every fitness level and goal, which keeps workouts fun and motivating.","user@domain.com","","","",""
"It's Working Out","3602 Eastern Ave, Cincinnati, OH 45226, USA","(513) 207-6933","http://www.itsworkingout.com/?utm_source=gmb&utm_medium=organic","https://maps.google.com/?cid=5361689504605462949&g_mp=CiVnb29nbGUubWFwcy5wbGFjZXMudjEuUGxhY2VzLkdldFBsYWNlEAIYBCAA","5","123","5","5","0","5","Abby Ober","5","It's Working Out is the best thing I’ve done for my fitness in years. I've never been able to stick to a consistent work","user@domain.com","","","",""
"Body Alive Kenwood","8110 Montgomery Rd #3, Cincinnati, OH 45236, USA","(513) 337-9830","https://bodyalivefitness.com/","https://maps.google.com/?cid=18004265269297646158&g_mp=CiVnb29nbGUubWFwcy5wbGFjZXMudjEuUGxhY2VzLkdldFBsYWNlEAIYBCAA","4.9","1503","5","5","0","5","Jenn Blackmon","5","Each class instructor brings their own vibe, energy and flow to the practice. I love the mindfulness of warmup and cool","info@bodyalivefitness.com","","","",""
"CrossRiver Fitness","1002 Park Ave, Newport, KY 41071, USA","(859) 620-7989","http://www.crossriverfitness.com/","https://maps.google.com/?cid=539252730073643434&g_mp=CiVnb29nbGUubWFwcy5wbGFjZXMudjEuUGxhY2VzLkdldFBsYWNlEAIYBCAA","5","18","5","5","0","5","John Perentesis","5","This is the perfect neighborhood gym. Nice range of Arsenal and Technogym equipment with friendly and helpful staff and","info@crossriverfitness.com","","","",""
"Dixie Fitness","2443 Alexandria Pike, Highland Heights, KY 41076, USA","(859) 441-2292","","https://maps.google.com/?cid=16499661997256037102&g_mp=CiVnb29nbGUubWFwcy5wbGFjZXMudjEuUGxhY2VzLkdldFBsYWNlEAIYBCAA","4.8","40","5","5","0","5","Hunter O'Brien","5","Awesome gym, great environment, even better equipment. Vern keeps everything in tip top shape. Won't find a better gym a","","","","",""
"Lion's Pride Weightlifting/ Wellness","1213 York St, Cincinnati, OH 45214, USA","(513) 401-5530","http://teamlpw.com/","https://maps.google.com/?cid=14847224829122568487&g_mp=CiVnb29nbGUubWFwcy5wbGFjZXMudjEuUGxhY2VzLkdldFBsYWNlEAIYBCAA","5","34","5","5","0","5","J H","5","TL;DR David at LPW is one of the best trainers ever, for you or for your young athlete!  There are trainers that just fo","david@teamlpw.com","","","",""
"SAINTS FIT CO","1118 Sycamore St STE B, Cincinnati, OH 45202, USA","(513) 503-1753","https://www.saintsfitco.com/","https://maps.google.com/?cid=1938596865176887026&g_mp=CiVnb29nbGUubWFwcy5wbGFjZXMudjEuUGxhY2VzLkdldFBsYWNlEAIYBCAA","5","2","2","2","0","5","Brookelynne Jade","5","Not officially opened yet but already the BEST gym in the city. Arsenal equipment galore (leg day HEAVEN — reverse squat","info@saintsfitco.com","","","",""