business_name,address,phone,website,google_maps_url,rating,total_reviews,reviews_sampled,unanswered_count,unanswered_low_rating,worst_unanswered_stars,sample_reviewer,sample_review_stars,sample_review_snippet,email,email_sent,replied,notes
"The Factory Kitchen","1300 Factory Pl, Los Angeles, CA 90013, USA","(213) 996-6000","https://thefactorykitchen.com/","https://maps.google.com/?cid=5883647778288816441&g_mp=CiVnb29nbGUubWFwcy5wbGFjZXMudjEuUGxhY2VzLkdldFBsYWNlEAIYBCAA","4.5","1063","5","5","3","2","Doug Robbins","2","The Factory Kitchen is absolutely overpriced for underwhelming food. I hoped for a nice dinner with my girlfriend at a 4","info@thefactorykitchen.com","","",""
"BADMAASH Downtown LA","108 W 2nd St APT 104, Los Angeles, CA 90012, USA","(213) 221-7466","http://www.badmaashla.com/","https://maps.google.com/?cid=6203232972313248096&g_mp=CiVnb29nbGUubWFwcy5wbGFjZXMudjEuUGxhY2VzLkdldFBsYWNlEAIYBCAA","4.1","1779","5","5","3","1","Amit Naik","1","Someone recommended this restaurant after seeing it on Instagram. I was skeptical from the start because many social med","info@badmaashla.com","","",""
"Girl & the Goat Los Angeles","555-3 Mateo St, Los Angeles, CA 90013, USA","(213) 799-4628","http://girlandthegoat.com/","https://maps.google.com/?cid=8526069136656805243&g_mp=CiVnb29nbGUubWFwcy5wbGFjZXMudjEuUGxhY2VzLkdldFBsYWNlEAIYBCAA","4.8","3625","5","5","1","3","Arash","3","Had been wanting to try Girl & the Goat LA for a while and finally made it in for a double birthday dinner. The space is","info@girlandthegoat.com","","",""
"Bacari Silverlake","3626 Sunset Blvd, Los Angeles, CA 90026, USA","(323) 986-6763","https://www.eatwithbacari.com/silverlake","https://maps.google.com/?cid=15759891190649939146&g_mp=CiVnb29nbGUubWFwcy5wbGFjZXMudjEuUGxhY2VzLkdldFBsYWNlEAIYBCAA","4.5","1616","5","5","1","1","Christopher M","1","I definitely expected to be writing a 5 star review. Unfortunately that’s not the case. I will definitely give credit wh","info@eatwithbacari.com","","",""
"Urth Caffe","459 S Hewitt St, Los Angeles, CA 90013, USA","(213) 797-4534","https://www.urthcaffe.com/","https://maps.google.com/?cid=6200198368856357791&g_mp=CiVnb29nbGUubWFwcy5wbGFjZXMudjEuUGxhY2VzLkdldFBsYWNlEAIYBCAA","4.5","5711","5","5","1","3","Tariana Cox","3","Felt like a late bloomer, but I finally experienced Urth Cafe for the first time today 😮‍💨 I can understand what makes","info@urthcaffe.com","","",""
"71Above","633 W 5th St 71st floor, Los Angeles, CA 90071, USA","(213) 712-2683","https://www.71above.la/","https://maps.google.com/?cid=3565751723328692397&g_mp=CiVnb29nbGUubWFwcy5wbGFjZXMudjEuUGxhY2VzLkdldFBsYWNlEAIYBCAA","4.5","2774","5","5","0","4","Valentine Villaluz","4","⭐️⭐️⭐️⭐️ 4/5 – Incredible Views & Service, but Food Needs a Few Tweaks  71Above is one of the most visually stunning din","info@71above.la","","",""
"Perch","448 S Hill St, Los Angeles, CA 90013, USA","(213) 802-1770","http://perchla.com/","https://maps.google.com/?cid=3866628448079004996&g_mp=CiVnb29nbGUubWFwcy5wbGFjZXMudjEuUGxhY2VzLkdldFBsYWNlEAIYBCAA","4.4","7490","5","5","0","4","Arsalan E","4","Overall a good restaurant with a nice patio with great views and great cocktails and wine list. Tried a number of dishes","info@perchla.com","","",""
"Bottega Louie","700 S Grand Ave, Los Angeles, CA 90017, USA","(213) 802-1470","http://www.bottegalouie.com/","https://maps.google.com/?cid=1773934679941021267&g_mp=CiVnb29nbGUubWFwcy5wbGFjZXMudjEuUGxhY2VzLkdldFBsYWNlEAIYBCAA","4.5","7648","5","5","0","5","Enchanted Citrine","5","The experience was amazing. Firstly, we arrived earlier than our reservation time but they still seated us right away. T","info@bottegalouie.com","","",""
"JOEY DTLA","700 W 7th St Ste S430, Los Angeles, CA 90017, USA","(213) 372-5335","https://joeyrestaurants.com/location/joey-dtla","https://maps.google.com/?cid=12586880607528883189&g_mp=CiVnb29nbGUubWFwcy5wbGFjZXMudjEuUGxhY2VzLkdldFBsYWNlEAIYBCAA","4.7","4748","5","5","0","4","JRay Eats","4","I had a lot of fun going here. Parking was like $44 for overnight or all night maximum. I got it validated at Joey DTLA","accessibility@joeyrestaurants.com","","",""
"Maccheroni Republic","332 S Broadway, Los Angeles, CA 90013, USA","(213) 346-9725","http://www.maccheronirepublic.com/","https://maps.google.com/?cid=10713702449749472098&g_mp=CiVnb29nbGUubWFwcy5wbGFjZXMudjEuUGxhY2VzLkdldFBsYWNlEAIYBCAA","4.6","3075","5","5","0","4","Anna","4","I went on the last day of Dine LA for lunch and there was no wait! I was honestly prepared for the worst. I got three co","info@maccheronirepublic.com","","",""
"République","624 S La Brea Ave, Los Angeles, CA 90036, USA","(310) 362-6115","http://www.republiquela.com/","https://maps.google.com/?cid=11146942846194704924&g_mp=CiVnb29nbGUubWFwcy5wbGFjZXMudjEuUGxhY2VzLkdldFBsYWNlEAIYBCAA","4.5","7074","5","5","0","4","AC9","4","My friend says this is one of her fave foodie spots. So let’s see if they’re pretty good eh or ew. They were on the Mich","info@republiquela.com","","",""
"Holbox","3655 S Grand Ave c9, Los Angeles, CA 90007, USA","(213) 986-9972","http://www.holboxla.com/","https://maps.google.com/?cid=3469853530423318204&g_mp=CiVnb29nbGUubWFwcy5wbGFjZXMudjEuUGxhY2VzLkdldFBsYWNlEAIYBCAA","4.8","2654","5","5","0","5","Matthew Bourhis","5","Iconic LA restaurant for fresh sea food. Ceviche and aguachiles are special dishes. Also great tostadas and tacos. They","info@holboxla.com","","",""
"Redbird","114 E 2nd St, Los Angeles, CA 90012, USA","(213) 788-1191","http://www.redbird.la/","https://maps.google.com/?cid=10616096124520627723&g_mp=CiVnb29nbGUubWFwcy5wbGFjZXMudjEuUGxhY2VzLkdldFBsYWNlEAIYBCAA","4.6","1810","5","5","0","4","Helen Kim","4","I never really make it to DTLA anymore but if one does, Redbird is pretty great for an intimate dinner, drinks at the ba","info@redbird.la","","",""
"Water Grill","544 S Grand Ave, Los Angeles, CA 90071, USA","(213) 891-0900","https://www.watergrill.com/la","https://maps.google.com/?cid=3087664812393171324&g_mp=CiVnb29nbGUubWFwcy5wbGFjZXMudjEuUGxhY2VzLkdldFBsYWNlEAIYBCAA","4.5","2213","5","5","0","4","Kim Nara","4","If you’re looking for excellent dining in LA, this is a great option. However, the service is extremely slow—our lemonad","jperaza@kingsseafood.com","","",""
"San Laurel","100 S Grand Ave, Los Angeles, CA 90012, USA","(213) 349-8585","https://www.sanlaurel.com/","https://maps.google.com/?cid=7828775555345993792&g_mp=CiVnb29nbGUubWFwcy5wbGFjZXMudjEuUGxhY2VzLkdldFBsYWNlEAIYBCAA","4.4","305","5","5","0","5","Alison Su","5","The view is absolutely amazing and the food did not disappoint. The octopus was perfectly cooked and very tender, the ba","laxav.pdr@conradhotels.com.make","","",""
"Cali Chilli Downtown LA","200 S Los Angeles St Suit B, Los Angeles, CA 90012, USA","(213) 266-8999","https://www.cali-chilli.com/","https://maps.google.com/?cid=11016714371540867587&g_mp=CiVnb29nbGUubWFwcy5wbGFjZXMudjEuUGxhY2VzLkdldFBsYWNlEAIYBCAA","4.6","219","5","5","0","4","PS","4","We were in that area for the game at Crypto Arena and thought to try this one . Nice ambiance with yummy food .though ,","user@domain.com","","",""
"The Butcher's Daughter","1205 Abbot Kinney Blvd, Venice, CA 90291, USA","(310) 981-3004","https://www.thebutchersdaughter.com/?utm_source=google&utm_medium=organic&utm_campaign=business-profile&utm_term=venice","https://maps.google.com/?cid=2173408008187024863&g_mp=CiVnb29nbGUubWFwcy5wbGFjZXMudjEuUGxhY2VzLkdldFBsYWNlEAIYBCAA","4.4","2896","5","5","0","5","Heather Boswick","5","Such a beautifulllllllll place! From the outside to the inside, such a stunning place with plants, accented wood & just","events@thebutchersdaughter.com","","",""
"Nick + Stef's Steakhouse","330 S Hope St, Los Angeles, CA 90071, USA","(213) 680-0330","https://www.nickandstefs.com/","https://maps.google.com/?cid=12764470815249894035&g_mp=CiVnb29nbGUubWFwcy5wbGFjZXMudjEuUGxhY2VzLkdldFBsYWNlEAIYBCAA","4.5","1133","5","5","0","5","funning","5","I went here from a recommendation from a coworker because she raved about the scallop crudo, so we checked it out.  Firs","info@nickandstefs.com","","",""
"Eggslut","317 S Broadway, Los Angeles, CA 90013, USA","(213) 625-0292","https://grandcentralmarket.com/vendors/eggslut/","https://maps.google.com/?cid=9542565228212065267&g_mp=CiVnb29nbGUubWFwcy5wbGFjZXMudjEuUGxhY2VzLkdldFBsYWNlEAIYBCAA","4.4","4662","5","5","0","4","JUSTIN CHEN 俊佳","4","It's on our must try list I'm grand central market!  It didn't disappoint much! We had brunch here and it was great. Alt","info@grandcentralmarket.com","","",""
"West Restaurant & Lounge","170 N Church Ln, Los Angeles, CA 90049, USA","(310) 481-7878","http://www.westrestaurantla.com/","https://maps.google.com/?cid=10933946822026617957&g_mp=CiVnb29nbGUubWFwcy5wbGFjZXMudjEuUGxhY2VzLkdldFBsYWNlEAIYBCAA","4.2","371","5","5","0","4","M Chiquete","4","I stayed at this hotel—and ate at this restaurant—a few years ago, so when I received an email about their Thanksgiving","info@westrestaurantla.com","","",""
"Miller & Lux Restaurant","700 Terry A Francois Blvd, San Francisco, CA 94158, USA","(415) 872-6699","http://www.millerandluxrestaurant.com/","https://maps.google.com/?cid=498485797938547268&g_mp=CiVnb29nbGUubWFwcy5wbGFjZXMudjEuUGxhY2VzLkdldFBsYWNlEAIYBCAA","4.5","402","5","5","2","2","Green Man","2","I made reservations well in advance so we could enjoy dinner before a comedy show at Chase Center. Unfortunately, the ex","info@millerandluxrestaurant.com","","",""
"Absinthe Brasserie & Bar","398 Hayes St, San Francisco, CA 94102, USA","(415) 551-1590","http://www.absinthe.com/","https://maps.google.com/?cid=6425557835396706278&g_mp=CiVnb29nbGUubWFwcy5wbGFjZXMudjEuUGxhY2VzLkdldFBsYWNlEAIYBCAA","4.4","1801","5","5","2","2","L Oliver","2","People who work here are really nice and friendly hence the 2 stars overall. 5+ stars for them! Unfortunately, food left","talk@absinthe.com","","",""
"Zuni Café","1658 Market St, San Francisco, CA 94102, USA","(415) 552-2522","http://www.zunicafe.com/","https://maps.google.com/?cid=11491213088621274249&g_mp=CiVnb29nbGUubWFwcy5wbGFjZXMudjEuUGxhY2VzLkdldFBsYWNlEAIYBCAA","4.4","2575","5","5","2","3","Michelle Kim","3","Here's an honest review for Zuni, which had been on my list for over a year, but I tried my best not to get myself hyped","info@zunicafe.com","","",""
"Delancey Street Restaurant","600 The Embarcadero, San Francisco, CA 94107, USA","(415) 512-5179","http://www.delanceystreetfoundation.org/enterrestaurant.php","https://maps.google.com/?cid=10080162167051074226&g_mp=CiVnb29nbGUubWFwcy5wbGFjZXMudjEuUGxhY2VzLkdldFBsYWNlEAIYBCAA","4.5","1600","5","5","1","3","Brandon","3","I went to Delancey Street Restaurant with my friend, and we’re both in ninth grade. The food was amazing and surprisingl","info@delanceystreetfoundation.org","","",""
"Seven Hills","1896 Hyde St, San Francisco, CA 94109, USA","(415) 775-1550","https://sevenhillssf.com/","https://maps.google.com/?cid=4292125742157162842&g_mp=CiVnb29nbGUubWFwcy5wbGFjZXMudjEuUGxhY2VzLkdldFBsYWNlEAIYBCAA","4.7","905","5","5","1","1","Tomya","1","My friend and I made a reservation for here, it was mid. Our waiter was nice. They informed me that I wasn’t able to mod","info@sevenhillssf.com","","",""
"Sisterita","669 Commercial St, San Francisco, CA 94111, USA","(415) 649-1919","http://www.sisterita.com/","https://maps.google.com/?cid=3435342571408571843&g_mp=CiVnb29nbGUubWFwcy5wbGFjZXMudjEuUGxhY2VzLkdldFBsYWNlEAIYBCAA","4.5","699","5","5","1","3","Simone Alexis Sonnier-Jang","3","I was late to my reservation due to a BART delay and they graciously moved my time for me. When I arrived, I had my bag","user@domain.com","","",""
"Tartine Bakery","600 Guerrero St, San Francisco, CA 94110, USA","(415) 487-2600","http://www.tartinebakery.com/","https://maps.google.com/?cid=6926389544917822571&g_mp=CiVnb29nbGUubWFwcy5wbGFjZXMudjEuUGxhY2VzLkdldFBsYWNlEAIYBCAA","4.5","5857","5","5","1","3","Burt","3","I was rather unimpressed with the baked goods from this this bakery, the service was friendly and efficient and it's def","info@tartinebakery.com","","",""
"a Mano","450 Hayes St, San Francisco, CA 94102, USA","(415) 506-7401","https://amanosf.com/","https://maps.google.com/?cid=17876618845727866415&g_mp=CiVnb29nbGUubWFwcy5wbGFjZXMudjEuUGxhY2VzLkdldFBsYWNlEAIYBCAA","4.3","2277","5","5","1","2","Clara de Soto","2","Really wanted to like this place. The ambiance is lovely, location wonderful. But the food is like microwaved garbage. T","info@amanosf.com","","",""
"Wayfare Tavern","201 Pine St, San Francisco, CA 94111, USA","(415) 772-9060","https://www.wayfaretavern.com/","https://maps.google.com/?cid=3987028339363157431&g_mp=CiVnb29nbGUubWFwcy5wbGFjZXMudjEuUGxhY2VzLkdldFBsYWNlEAIYBCAA","4.5","2967","5","5","1","3","Ce Cee","3","This narrow, intimate restaurant feels like stepping into a cozy country house - dark wood, rich walls, and plush velvet","contact@wayfaretavern.com","","",""
"Ula Restaurant & Tapas Bar","450 Post St, San Francisco, CA 94102, USA","(415) 999-4950","https://ulasf.com/","https://maps.google.com/?cid=6278337761582435421&g_mp=CiVnb29nbGUubWFwcy5wbGFjZXMudjEuUGxhY2VzLkdldFBsYWNlEAIYBCAA","4.1","503","5","5","1","3","Victoria Edwards","3","I really wish I could give more than 3 stars because the food was wonderful and the atmosphere was even better. However,","info@ulasf.com","","",""
"Rich Table","199 Gough St, San Francisco, CA 94102, USA","(415) 355-9085","http://richtablesf.com/","https://maps.google.com/?cid=8889672814233392895&g_mp=CiVnb29nbGUubWFwcy5wbGFjZXMudjEuUGxhY2VzLkdldFBsYWNlEAIYBCAA","4.7","1558","5","5","0","5","Christina N","5","Solid food and service! Booked on open table last min for a Wednesday night and for a reservation for 8:30PM. Restaurant","info@rt-bistro.comlooking","","",""
"Liholiho Yacht Club","871 Sutter St, San Francisco, CA 94109, USA","","https://lycsf.com/","https://maps.google.com/?cid=12785219178625967625&g_mp=CiVnb29nbGUubWFwcy5wbGFjZXMudjEuUGxhY2VzLkdldFBsYWNlEAIYBCAA","4.7","1935","5","5","0","4","Stelios Serghiou","4","Upscale vibe, standout cocktails, but inconsistent kitchen. We had a pleasant evening here; the ambiance is upscale, mod","info@lycsf.com","","",""
"Kokkari Estiatorio","200 Jackson St, San Francisco, CA 94111, USA","(415) 981-0983","https://kokkari.com/","https://maps.google.com/?cid=12957869814535908416&g_mp=CiVnb29nbGUubWFwcy5wbGFjZXMudjEuUGxhY2VzLkdldFBsYWNlEAIYBCAA","4.7","3467","5","5","0","4","Manda E","4","We had a reservation on Sunday. It was nice that they had the exact table ready for us - they were just opening back up","info@kokkari.com","","",""
"The Progress","1525 Fillmore St, San Francisco, CA 94115, USA","(415) 673-1294","http://www.theprogress-sf.com/","https://maps.google.com/?cid=15124456772888069814&g_mp=CiVnb29nbGUubWFwcy5wbGFjZXMudjEuUGxhY2VzLkdldFBsYWNlEAIYBCAA","4.6","1286","5","5","0","4","Kyla W","4","I really want to love The Progress (and state bird) because the vibes are so good, the service is great, and some of the","user@domain.com","","",""
"La Mar Cocina Peruana San Francisco","PIER 1 1/2 The Embarcadero N, San Francisco, CA 94111, USA","(415) 397-8880","https://lamarcebicheria.com/san-francisco/","https://maps.google.com/?cid=12288100453195726903&g_mp=CiVnb29nbGUubWFwcy5wbGFjZXMudjEuUGxhY2VzLkdldFBsYWNlEAIYBCAA","4.5","4827","5","5","0","4","Kimberly Do","4","We had a great visit to La Mar. The space is beautiful and very spacious, and we were seated right by the window inside","info@lamarcebicheria.com","","",""
"Scoma's of Sausalito","588 Bridgeway, Sausalito, CA 94965, USA","(415) 332-9551","http://www.scomassausalito.com/#dining","https://maps.google.com/?cid=8090138921699336056&g_mp=CiVnb29nbGUubWFwcy5wbGFjZXMudjEuUGxhY2VzLkdldFBsYWNlEAIYBCAA","4.6","2760","5","5","0","5","T. W.","5","Excellent view of San Francisco, Angel Island, Alcatraz, and the Bay Bridge in the back portion of the restaurant past t","info@scomassausalito.com","","",""
"Cotogna","490 Pacific Ave, San Francisco, CA 94133, USA","(415) 775-8508","http://cotognasf.com/","https://maps.google.com/?cid=3844909922527115641&g_mp=CiVnb29nbGUubWFwcy5wbGFjZXMudjEuUGxhY2VzLkdldFBsYWNlEAIYBCAA","4.5","2174","5","5","0","4","Mahadji Bahi","4","Really enjoyed Cotogna. The lamb ragu pasta was excellent,rich, comforting, and perfectly cooked. Paired it with a rosé","info@cotognasf.com","","",""
"Abacá","2700 Jones St, San Francisco, CA 94133, USA","(415) 486-0788","http://www.restaurantabaca.com/","https://maps.google.com/?cid=16667242964397114430&g_mp=CiVnb29nbGUubWFwcy5wbGFjZXMudjEuUGxhY2VzLkdldFBsYWNlEAIYBCAA","4.3","750","5","5","0","4","Eddie Will Ashley III","4","I went on a double date here, and wow, this place was amazing! I’m not a huge Filipino food fan, but I really enjoyed ho","info@restaurantabaca.com","","",""
"Marufuku Ramen","1581 Webster St #235, San Francisco, CA 94115, USA","(415) 872-9786","http://www.marufukuramen.com/","https://maps.google.com/?cid=16845894830648429348&g_mp=CiVnb29nbGUubWFwcy5wbGFjZXMudjEuUGxhY2VzLkdldFBsYWNlEAIYBCAA","4.5","2995","5","5","0","5","Ricky Da Luz","5","We arrived around 6:30pm on a Wednesday and was told we would be seated within 30 mins, which was to be expected during","user@domain.com","","",""
"Californios","355 11th St, San Francisco, CA 94103, USA","(415) 757-0994","https://www.californiossf.com/?utm_source=google&utm_medium=organic&utm_campaign=gbp-website-link","https://maps.google.com/?cid=8442746962918335853&g_mp=CiVnb29nbGUubWFwcy5wbGFjZXMudjEuUGxhY2VzLkdldFBsYWNlEAIYBCAA","4.7","550","5","5","0","5","Kai Sheng","5","One of our top dining experiences. The vibe of the entire experience was spectacular from the dark yet vibrant decor, th","info@californiossf.com","","",""
"The FAB","110 Paseo de San Antonio, San Jose, CA 95112, USA","(408) 320-4121","http://thefabsj.com/","https://maps.google.com/?cid=6045395421200355985&g_mp=CiVnb29nbGUubWFwcy5wbGFjZXMudjEuUGxhY2VzLkdldFBsYWNlEAIYBCAA","4","216","5","5","4","1","Azaan Qureshi","1","We were one of maybe 3 other couples in the entire restaurant, which should usually mean there isn’t a long wait for foo","info@thefabsj.com","","",""
"Petiscos 'Downtown'","399 S 1st St, San Jose, CA 95113, USA","(408) 320-2884","http://petiscosadega.com/","https://maps.google.com/?cid=12311738630769233579&g_mp=CiVnb29nbGUubWFwcy5wbGFjZXMudjEuUGxhY2VzLkdldFBsYWNlEAIYBCAA","4.2","706","5","5","3","1","Khiem Nguyen","1","The place looks great but that's about where it ends in terms of complements. It seems like they want to charge fancy re","user@domain.com","","",""
"Original Joe's San Jose","301 S 1st St, San Jose, CA 95113, USA","(408) 292-7030","https://www.sanjoseoriginaljoes.com/?y_source=1_MTQ2MTA4ODctNzE1LWxvY2F0aW9uLndlYnNpdGU%3D","https://maps.google.com/?cid=17483991626551845487&g_mp=CiVnb29nbGUubWFwcy5wbGFjZXMudjEuUGxhY2VzLkdldFBsYWNlEAIYBCAA","4.2","2805","5","5","3","3","Apryl Chiem","3","Did not realize this Original Joe's was not affiliated with any other one until after ordering since their pasta looked","info@sanjoseoriginaljoes.com","","",""
"Secco Restaurant & Bar","300 S Almaden Ave, San Jose, CA 95110, USA","(408) 947-4444","https://seccorestaurant.com/","https://maps.google.com/?cid=15939757597750166947&g_mp=CiVnb29nbGUubWFwcy5wbGFjZXMudjEuUGxhY2VzLkdldFBsYWNlEAIYBCAA","3.8","86","5","5","2","1","Torsten Rohlfing","1","The food is actually quite good and even reasonably priced. The location is very convenient and the ambience perfectly a","eugene@fsimf.com","","",""
"The Grill on the Alley","172 S Market St, San Jose, CA 95113, USA","(408) 294-2244","https://www.thegrill.com/","https://maps.google.com/?cid=8698878488011190124&g_mp=CiVnb29nbGUubWFwcy5wbGFjZXMudjEuUGxhY2VzLkdldFBsYWNlEAIYBCAA","4.2","623","5","5","2","1","Nicole Victor","1","Our party had extremely high expectations for The Grill on the Alley, but unfortunately, our experience was deeply disap","info@thegrill.com","","",""
"The GrandView","15005 Mt Hamilton Rd, San Jose, CA 95140, USA","(408) 251-8909","https://www.grandviewsanjose.com/","https://maps.google.com/?cid=5083559617862596176&g_mp=CiVnb29nbGUubWFwcy5wbGFjZXMudjEuUGxhY2VzLkdldFBsYWNlEAIYBCAA","4.3","1764","5","5","1","3","Joyce Lin","3","My boyfriend took me here to celebrate Valentine's Day and it was a fixed menu with $175 per person. It's my first time","info@grandviewsanjose.com","","",""
"Naschmarkt Restaurant - Campbell","384 E Campbell Ave, Campbell, CA 95008, USA","(408) 378-0335","http://naschmarktrestaurants.com/","https://maps.google.com/?cid=501271233112563356&g_mp=CiVnb29nbGUubWFwcy5wbGFjZXMudjEuUGxhY2VzLkdldFBsYWNlEAIYBCAA","4.7","981","5","5","1","3","gaston daugherty","3","I was expecting original Austrian food . Was disappointed . I thought the sausages would be made in house along with the","info@naschmarktrestaurants.com","","",""
"District","65 N San Pedro St, San Jose, CA 95110, USA","(669) 292-5252","https://www.districtsj.com/?utm_source=google&utm_medium=organic&utm_campaign=gbp-website-link","https://maps.google.com/?cid=15673630030547805610&g_mp=CiVnb29nbGUubWFwcy5wbGFjZXMudjEuUGxhY2VzLkdldFBsYWNlEAIYBCAA","4.2","851","5","5","1","3","Tzvi Shahar","3","Interesting restaurant, we had dinner here during a Monday and almost ordered the entire menu, food was fresh and we lik","info@districtsj.com","","",""
"JOEY Valley Fair","2855 Stevens Creek Blvd Suite 1840, Santa Clara, CA 95050, USA","(669) 899-5639","https://joeyrestaurants.com/location/joey-valley-fair","https://maps.google.com/?cid=17200689946577167943&g_mp=CiVnb29nbGUubWFwcy5wbGFjZXMudjEuUGxhY2VzLkdldFBsYWNlEAIYBCAA","4.8","2195","5","5","0","4","Elizabeth Yeh","4","This is a belated review, I visited Joey last summer. Overall, their menu is very fusion and diverse, paired with a styl","accessibility@joeyrestaurants.com","","",""
"Eos & Nyx","201 S Second St #120, San Jose, CA 95113, USA","(408) 831-6880","http://www.eosnyxsj.com/","https://maps.google.com/?cid=12405285157949925557&g_mp=CiVnb29nbGUubWFwcy5wbGFjZXMudjEuUGxhY2VzLkdldFBsYWNlEAIYBCAA","4.3","315","5","5","0","5","Wendy Ng","5","Incredible service.  Staff were so friendly and attentive.  Constantly refilling our waters and asking if we want anothe","info@eosnyxsj.com","","",""
"The Farmers Union","151 W Santa Clara St, San Jose, CA 95113, USA","(408) 277-0545","http://www.thefarmersunion.com/","https://maps.google.com/?cid=10933642169963397892&g_mp=CiVnb29nbGUubWFwcy5wbGFjZXMudjEuUGxhY2VzLkdldFBsYWNlEAIYBCAA","4.2","2320","5","5","0","5","Mohit Goenka","5","We had a fantastic experience at The Farmers Union, specifically exploring their vegetarian offerings. Every dish we tri","contact@thefarmersunion.com","","",""
"Il Fornaio San Jose","302 S Market St, San Jose, CA 95113, USA","(408) 271-3366","https://www.ilfornaio.com/location/il-fornaio-san-jose/","https://maps.google.com/?cid=12746475122430218209&g_mp=CiVnb29nbGUubWFwcy5wbGFjZXMudjEuUGxhY2VzLkdldFBsYWNlEAIYBCAA","4.2","1444","5","5","0","4","A K","4","Locate inside the Westin Hotel. Came here for a team lunch. We made reservations, so we didn't have to wait. Our server","sanjose@ilfo.com","","",""
"San Pedro Square Market","87 N San Pedro St, San Jose, CA 95110, USA","(408) 849-4716","https://sanpedrosquaremarket.com/","https://maps.google.com/?cid=13091262678725062769&g_mp=CiVnb29nbGUubWFwcy5wbGFjZXMudjEuUGxhY2VzLkdldFBsYWNlEAIYBCAA","4.6","1350","5","5","0","4","Kathleen Valerio","4","We stopped into the Playback station in the market place for coffee before heading to Christmas in the park.  The coffee","user@domain.com","","",""
"BJ's Restaurant & Brewhouse","511 Coleman Ave, San Jose, CA 95110, USA","(408) 343-7230","https://www.bjsrestaurants.com/locations/ca/san-jose","https://maps.google.com/?cid=3228849561342076633&g_mp=CiVnb29nbGUubWFwcy5wbGFjZXMudjEuUGxhY2VzLkdldFBsYWNlEAIYBCAA","4.2","2746","5","5","0","4","Quinn Calvert","4","A decent chain brewhouse restaurant with good selection of self brewed and guest beers - along with a respectable offeri","info@bjsrestaurants.com","","",""
"The Club On Post","43 Post St, San Jose, CA 95113, USA","(408) 352-5286","http://theclubonpostca.com/","https://maps.google.com/?cid=75820945619409542&g_mp=CiVnb29nbGUubWFwcy5wbGFjZXMudjEuUGxhY2VzLkdldFBsYWNlEAIYBCAA","4.6","100","5","5","0","5","Meera Patel","5","Excellent service and atmosphere, we sat at the bar and had a nice chat. Food was really good especially the French toas","info@theclubonpost.com","","",""
"Home Eat汉家宴 - San Jose","88 S 4th St STE 150, San Jose, CA 95112, USA","(408) 899-8627","https://homeeat.com/","https://maps.google.com/?cid=5894274947122402309&g_mp=CiVnb29nbGUubWFwcy5wbGFjZXMudjEuUGxhY2VzLkdldFBsYWNlEAIYBCAA","4.8","1203","5","5","0","4","Paul Rosenthal","4","Definitely get the classic fried chicken wings.  Such a rocking sauce and the wings are meaty and crispy.  Don't get the","info@homeeat.com","","",""
"Suspiro","3060 Olsen Dr Suite 20, San Jose, CA 95128, USA","(408) 703-3886","http://suspirosj.com/","https://maps.google.com/?cid=5338194004148484689&g_mp=CiVnb29nbGUubWFwcy5wbGFjZXMudjEuUGxhY2VzLkdldFBsYWNlEAIYBCAA","4.5","762","5","5","0","4","Chérie Zulim","4","I came here for NYE with my date and we had a great time with good service despite it being more crowded than usual and","info@suspirosj.com","","",""
"Morton's The Steakhouse","184 S Market St Suite 100, San Jose, CA 95113, USA","(408) 947-7000","https://www.mortons.com/location/mortons-the-steakhouse-san-jose-ca/","https://maps.google.com/?cid=15054343987803030870&g_mp=CiVnb29nbGUubWFwcy5wbGFjZXMudjEuUGxhY2VzLkdldFBsYWNlEAIYBCAA","4.2","1160","5","5","0","4","Hit List","4","Half the size of San Francisco location. Same good taste. Best thing I liked was not on the menu: the waitress trainee.","info@mortons.com","","",""
"Paesano Ristorante Italiano","350 W Julian St, San Jose, CA 95110, USA","(408) 217-9327","https://paesanosj.com/","https://maps.google.com/?cid=7505428228974929621&g_mp=CiVnb29nbGUubWFwcy5wbGFjZXMudjEuUGxhY2VzLkdldFBsYWNlEAIYBCAA","4.5","1083","5","5","0","4","Vero Moreno-Diaz","4","Cozy, elegant, great food and excellent service! Our server was delightful, attentive, professional, fast and with great","info@paesanosj.com","","",""
"Goodtime Bar","30 Fountain Alley #160, San Jose, CA 95113, USA","(408) 256-1266","http://www.goodtimebarsj.com/","https://maps.google.com/?cid=6632671421459860084&g_mp=CiVnb29nbGUubWFwcy5wbGFjZXMudjEuUGxhY2VzLkdldFBsYWNlEAIYBCAA","4.7","158","5","5","0","5","Anthony Giang","5","On a cold Thursday evening, my partner and I made our way over to Goodtime Bar. Ming, one of the bartenders, had graciou","hello@goodtimebarsj.com","","",""
"Coasterra","880 B Harbor Island Dr, San Diego, CA 92101, USA","(619) 814-1300","https://www.coasterra.com/","https://maps.google.com/?cid=13138992375895706443&g_mp=CiVnb29nbGUubWFwcy5wbGFjZXMudjEuUGxhY2VzLkdldFBsYWNlEAIYBCAA","4.4","5264","5","5","3","2","Arushi Bhargava","2","My husband and I visited the restaurant today for our anniversary dinner. We had a reservation so we were seated promptl","info@coasterra.com","","",""
"AKA San Diego","611 Fifth Ave, San Diego, CA 92101, USA","(619) 780-0430","https://www.akagaslamp.com/","https://maps.google.com/?cid=12708471912018355326&g_mp=CiVnb29nbGUubWFwcy5wbGFjZXMudjEuUGxhY2VzLkdldFBsYWNlEAIYBCAA","4.5","855","5","5","3","2","Amy","2","What a BUMMER! We made our reservation over 2 weeks in advance. When we arrived we were told there was only bar seating","user@domain.com","","",""
"Greystone Prime Steakhouse & Seafood","658 Fifth Ave, San Diego, CA 92101, USA","(619) 232-0225","https://www.greystonesteakhouse.com/","https://maps.google.com/?cid=5607939352686011690&g_mp=CiVnb29nbGUubWFwcy5wbGFjZXMudjEuUGxhY2VzLkdldFBsYWNlEAIYBCAA","4.3","2355","5","5","3","1","Ernest Carreira","1","I made reservations for my girlfriend and myself for Valentine’s Day expecting a special and memorable evening. I knew i","info@greystonesteakhouse.com","","",""
"Seneca Trattoria","901 Bayfront Ct Level 19, San Diego, CA 92101, USA","(619) 877-8642","http://senecatrattoria.com/","https://maps.google.com/?cid=4769397286521790739&g_mp=CiVnb29nbGUubWFwcy5wbGFjZXMudjEuUGxhY2VzLkdldFBsYWNlEAIYBCAA","4.2","1405","5","5","2","2","Kristina A","2","We arrived on time for our 7:45pm reservation, were immediately told they are running behind- ended up seated by 8pm. Fi","user@domain.com","","",""
"The Remy","2445 Hotel Circle Place, San Diego, CA 92108, USA","(619) 906-5570","https://www.theremysd.com/","https://maps.google.com/?cid=9422221078646450085&g_mp=CiVnb29nbGUubWFwcy5wbGFjZXMudjEuUGxhY2VzLkdldFBsYWNlEAIYBCAA","4.6","488","5","5","2","3","Hector Cruz","3","Gave an overall 3 because I was brought here for my birthday and I ordered the waygu my strip medium rare and I got a me","user@domain.com","","",""
"Nobu San Diego","207 Fifth Ave, San Diego, CA 92101, USA","(619) 814-4124","https://www.noburestaurants.com/sandiego/home/?utm_source=google&utm_medium=Yext","https://maps.google.com/?cid=12985922639095748162&g_mp=CiVnb29nbGUubWFwcy5wbGFjZXMudjEuUGxhY2VzLkdldFBsYWNlEAIYBCAA","4.2","902","5","5","2","1","Ruth Thomson","1","Had dinner tonight with a group in San Diego for a conference. We each ordered individually. I ordered the rock shrimp t","info@noburestaurants.com","","",""
"Malibu Farm San Diego","831 W Harbor Dr, San Diego, CA 92101, USA","(619) 695-2300","https://www.malibu-farm.com/seaport-san-diego/","https://maps.google.com/?cid=11303879801333713294&g_mp=CiVnb29nbGUubWFwcy5wbGFjZXMudjEuUGxhY2VzLkdldFBsYWNlEAIYBCAA","4.2","843","5","5","1","3","Aadhya Pandya","3","This is a aesthetic cafe aand that's all. we had ordered most of the breakfast items, the pancakes were very chewy and j","email@address.com","","",""
"Water Grill San Diego","615 J St, San Diego, CA 92101, USA","(619) 717-6992","https://www.watergrill.com/sandiego","https://maps.google.com/?cid=14882137766428122778&g_mp=CiVnb29nbGUubWFwcy5wbGFjZXMudjEuUGxhY2VzLkdldFBsYWNlEAIYBCAA","4.5","2755","5","5","1","3","Quality Queen","3","Water Grill has a sweet place in my heart since it was one of the first places I went to with my husband when we started","ajames@kingsseafood.com","","",""
"Herb & Wood","2210 Kettner Blvd, San Diego, CA 92101, USA","(619) 955-8495","https://www.herbandwood.com/","https://maps.google.com/?cid=18328325797112983035&g_mp=CiVnb29nbGUubWFwcy5wbGFjZXMudjEuUGxhY2VzLkdldFBsYWNlEAIYBCAA","4.5","2496","5","5","1","2","Tammy Atkins","2","My birthday was January 17th. My boyfriend made reservations over a week ago and mentioned it was my birthday. Our reser","user@domain.com","","",""
"Cafe Sevilla of San Diego","353 Fifth Ave, San Diego, CA 92101, USA","(619) 233-5979","https://www.cafesevilla.com/","https://maps.google.com/?cid=1136575806614048066&g_mp=CiVnb29nbGUubWFwcy5wbGFjZXMudjEuUGxhY2VzLkdldFBsYWNlEAIYBCAA","4.3","3643","5","5","1","2","Charu Sharma","2","Missable spot for vegetarians. Tried the papas bravas which were NOT like the patatas bravas of Spain! This one had onio","info@cafesevilla.com","","",""
"Sally's Waterfront Dining","1 Market Pl, San Diego, CA 92101, USA","(619) 358-6740","http://sallyssandiego.com/","https://maps.google.com/?cid=12281351598427163708&g_mp=CiVnb29nbGUubWFwcy5wbGFjZXMudjEuUGxhY2VzLkdldFBsYWNlEAIYBCAA","4.3","1601","5","5","1","3","Donna","3","The restaurant is in a beautiful location with very nice views outside. The inside is beautiful as well. The server for","user@domain.com","","",""
"Cesarina","4161 Voltaire St, San Diego, CA 92107, USA","(619) 226-6222","http://www.cesarinarestaurant.com/","https://maps.google.com/?cid=9254955461539448953&g_mp=CiVnb29nbGUubWFwcy5wbGFjZXMudjEuUGxhY2VzLkdldFBsYWNlEAIYBCAA","4.7","2574","5","5","1","1","Tanja","1","We had a very disappointing dining experience due to poor service. Definitely not return!  We had a 7:45 PM outdoor seat","info@cesarinarestaurant.com","","",""
"Kettner Exchange","2001 Kettner Blvd, San Diego, CA 92101, USA","(619) 255-2001","http://www.kettnerexchange.com/","https://maps.google.com/?cid=4849539590414607249&g_mp=CiVnb29nbGUubWFwcy5wbGFjZXMudjEuUGxhY2VzLkdldFBsYWNlEAIYBCAA","4.5","2263","5","5","1","1","Gary Bruce","1","So my first time going to Kitna exchange very excited to try this place out so I book on OpenTable for New Year’s Eve. T","info@kettnerexchange.com","","",""
"Cowboy Star Restaurant and Butcher Shop","640 Tenth Ave, San Diego, CA 92101, USA","(619) 450-5880","http://www.cowboystarsd.com/","https://maps.google.com/?cid=7117496641802227857&g_mp=CiVnb29nbGUubWFwcy5wbGFjZXMudjEuUGxhY2VzLkdldFBsYWNlEAIYBCAA","4.6","1035","5","5","1","3","JLynn P","3","Cowboy Star came with rave reviews from friends, so expectations were high. It was a very busy, fully booked night and w","will@thecowboystar.com","","",""
"The Melt","635 Fifth Ave, San Diego, CA 92101, USA","(619) 356-7307","https://www.themelt.com/","https://maps.google.com/?cid=9478294673417559690&g_mp=CiVnb29nbGUubWFwcy5wbGFjZXMudjEuUGxhY2VzLkdldFBsYWNlEAIYBCAA","4.5","1697","5","5","1","3","Carly Coleman","3","This is definitely good drunk food. We ordered the jalapeño burger, the burger was a bit bland, texture mushy, and overa","tellus@themelt.com","","",""
"Rustic Root","535 Fifth Ave, San Diego, CA 92101, USA","(619) 232-1747","https://rusticrootsd.com/","https://maps.google.com/?cid=3632296939270863198&g_mp=CiVnb29nbGUubWFwcy5wbGFjZXMudjEuUGxhY2VzLkdldFBsYWNlEAIYBCAA","4.3","2892","5","5","1","3","Alexander Woodcock","3","A little disappointed— style over substance? We were excited for a Saturday brunch on the rooftop here. The menu is smal","info@rusticrootsd.com","","",""
"Barbusa","1917 India St, San Diego, CA 92101, USA","(619) 238-1917","http://www.barbusa.com/","https://maps.google.com/?cid=16802621157533613927&g_mp=CiVnb29nbGUubWFwcy5wbGFjZXMudjEuUGxhY2VzLkdldFBsYWNlEAIYBCAA","4.4","2584","5","5","1","3","Victoria","3","Service was incredible Outdoor patio was warm and cozy  Fried zucchini blossoms appetizer was good but I prefer a lighte","info@barbusa.com","","",""
"Fogo de Chão Brazilian Steakhouse","668 Sixth Ave, San Diego, CA 92101, USA","(619) 338-0500","https://fogodechao.com/location/san-diego/","https://maps.google.com/?cid=5710431173038732784&g_mp=CiVnb29nbGUubWFwcy5wbGFjZXMudjEuUGxhY2VzLkdldFBsYWNlEAIYBCAA","4.5","7555","5","5","1","2","Fernanda Perez","2","First, I want to be clear, this is not a complaint about the food. The food itself was good, as expected. However, the s","info@fogodechao.com","","",""
"Punch Bowl Social","1485 E St, San Diego, CA 92101, USA","(619) 452-3352","https://punchbowlsocial.com/location/san-diego/","https://maps.google.com/?cid=9985230586649428455&g_mp=CiVnb29nbGUubWFwcy5wbGFjZXMudjEuUGxhY2VzLkdldFBsYWNlEAIYBCAA","4.3","2177","5","5","1","3","Daniela Alvarado","3","I was excited to try this place because I've never been. We walked in and were greated right away. Got some bowling shoe","info@punchbowlsocial.com","","",""
"Lionfish Modern Coastal Cuisine – San Diego","435 Fifth Ave, San Diego, CA 92101, USA","(619) 738-7200","https://lionfishsd.com/","https://maps.google.com/?cid=15845931239721186116&g_mp=CiVnb29nbGUubWFwcy5wbGFjZXMudjEuUGxhY2VzLkdldFBsYWNlEAIYBCAA","4.3","886","5","5","1","3","rashmi","3","Good food - their scallop and octopus dish was really good. We also really liked the drinks - both cocktail and mocktail","info@lionfishsd.com","","",""
"Claim Jumper Steakhouse & Bar - San Diego, CA","1355 N Harbor Dr, San Diego, CA 92101, USA","(619) 531-7994","https://www.claimjumper.com/","https://maps.google.com/?cid=4773885360953627229&g_mp=CiVnb29nbGUubWFwcy5wbGFjZXMudjEuUGxhY2VzLkdldFBsYWNlEAIYBCAA","4","2634","5","5","1","1","Brandon A","1","This is legitimately a 0 star review. I have the whole experience time stamped. My girlfriend and I arrived at 735 on 11","info@claimjumper.com","","",""
"Bronze Bird","910 Broadway Cir, San Diego, CA 92101, USA","(619) 272-5840","https://www.marriott.com/en-us/hotels/sanwi-the-westin-san-diego-gaslamp-quarter/dining/?scid=feed67b0-9a2f-4de1-8df6-114544116108","https://maps.google.com/?cid=17905730756120344721&g_mp=CiVnb29nbGUubWFwcy5wbGFjZXMudjEuUGxhY2VzLkdldFBsYWNlEAIYBCAA","4.5","199","5","5","1","3","Angela Galitski","3","Service is great! As soon as you walk in are warmly greeted. However, the scent they pump through the A/C unit is overly","info@marriott.com","","",""
"Hob Nob Hill","2271 First Ave., San Diego, CA 92101, USA","(619) 239-8176","https://hobnobhill.com/","https://maps.google.com/?cid=8775799931912797892&g_mp=CiVnb29nbGUubWFwcy5wbGFjZXMudjEuUGxhY2VzLkdldFBsYWNlEAIYBCAA","4.4","2227","5","5","1","1","Melissa Hernandez","1","Regular HobNob customer here, this was our place. The place that we would always come to for a great breakfast, amazing","user@domain.com","","",""
"Cocina 35","1435 Sixth Ave, San Diego, CA 92101, USA","(619) 431-5611","http://www.cocina35.com/","https://maps.google.com/?cid=5504402603938767260&g_mp=CiVnb29nbGUubWFwcy5wbGFjZXMudjEuUGxhY2VzLkdldFBsYWNlEAIYBCAA","4.4","2711","5","5","1","3","bmfmikeb","3","Let me preface this review by saying that I never order chilquiles from any restaurant. It is a dish that has always bee","info@cocina35.com","","",""
"Dobson's Bar & Restaurant","956 Broadway Cir, San Diego, CA 92101, USA","(619) 231-6771","http://dobsonsrestaurant.com/","https://maps.google.com/?cid=9755423406748263590&g_mp=CiVnb29nbGUubWFwcy5wbGFjZXMudjEuUGxhY2VzLkdldFBsYWNlEAIYBCAA","4.5","494","5","5","1","1","Joe McGowan","1","Waited an hour and 10 minutes for cold entrée to be delivered and only after flagging our waiter down asking where our f","marcos@dobsonsrestaurant.com","","",""
"Tapas & Beers | French and Spanish Restaurant","926 Broadway Cir, San Diego, CA 92101, USA","(619) 564-7255","https://tapasbeers.com/","https://maps.google.com/?cid=16088891558730306147&g_mp=CiVnb29nbGUubWFwcy5wbGFjZXMudjEuUGxhY2VzLkdldFBsYWNlEAIYBCAA","4.7","384","5","5","1","3","Sammy Luk","3","Went in at 7pm and the restaurant is completely empty. Only the salad and the fries is actually good , the pane con toma","info@tapasbeers.com","","",""
"Pushkin Lounge & Bar","750 Sixth Ave, San Diego, CA 92101, USA","(619) 496-1908","https://www.pushkinlounge.com/","https://maps.google.com/?cid=7437882317261326660&g_mp=CiVnb29nbGUubWFwcy5wbGFjZXMudjEuUGxhY2VzLkdldFBsYWNlEAIYBCAA","4.5","771","5","5","1","1","Olzhas Rakhmetov","1","I liked the location, we found parking nearby, and everything inside was clean and beautiful.  The interior definitely d","info@pushkinlounge.com","","",""
"The Mission/ East Village","1250 J St, San Diego, CA 92101, USA","(619) 232-7662","http://www.themissionsd.com/","https://maps.google.com/?cid=1218361531700735864&g_mp=CiVnb29nbGUubWFwcy5wbGFjZXMudjEuUGxhY2VzLkdldFBsYWNlEAIYBCAA","4.5","1565","5","5","1","2","Angie Cruz","2","This is a cute and charming little place with decent food. The women working here are incredibly kind, friendly, and pro","themissionsd@gmail.com","","",""
"La Puerta","560 Fourth Ave, San Diego, CA 92101, USA","(619) 696-3466","https://lapuertasd.com/?utm_source=Business-Listings","https://maps.google.com/?cid=4238869013816314905&g_mp=CiVnb29nbGUubWFwcy5wbGFjZXMudjEuUGxhY2VzLkdldFBsYWNlEAIYBCAA","4.5","5150","5","5","0","4","Mrinalini Buddha","4","We got food delivered from here and ordered on the phone. The staff were very helpful and guided us to navigate the menu","info@lapuertasd.com","","",""
"C Level Lounge","880 Harbor Island Dr, San Diego, CA 92101, USA","(619) 298-6802","https://www.clevelsd.com/","https://maps.google.com/?cid=5170912310496567725&g_mp=CiVnb29nbGUubWFwcy5wbGFjZXMudjEuUGxhY2VzLkdldFBsYWNlEAIYBCAA","4.6","3343","5","5","0","4","Kaveri Kesarwani","4","Came here for a Valentine’s brunch and loved the 'business casual' red carpet setup. As a vegetarian at a seafood-heavy","info@clevelsd.com","","",""
"The Fish Market","750 N Harbor Dr, San Diego, CA 92101, USA","(619) 232-3474","http://www.thefishmarket.com/","https://maps.google.com/?cid=14731232986280580132&g_mp=CiVnb29nbGUubWFwcy5wbGFjZXMudjEuUGxhY2VzLkdldFBsYWNlEAIYBCAA","4.4","7884","5","5","0","4","Kelli Farr","4","We came for a late lunch/early dinner and were easily seated outside by the water. We chose this restaurant as it seemed","info@thefishmarket.com","","",""
"Duke's La Jolla","1216 Prospect St, La Jolla, CA 92037, USA","(858) 454-5888","http://www.dukeslajolla.com/","https://maps.google.com/?cid=9621594320739148064&g_mp=CiVnb29nbGUubWFwcy5wbGFjZXMudjEuUGxhY2VzLkdldFBsYWNlEAIYBCAA","4.5","5560","5","5","0","5","Maura B","5","⭐️⭐️⭐️⭐️⭐️ Duke’s La Jolla — A Truly Memorable Dining Experience  Duke’s La Jolla is exceptional in every way — deliciou","info@dukeslajolla.com","","",""
"Morning Glory","550 W Date St Suite #C, San Diego, CA 92101, USA","(619) 629-0302","http://www.morningglorybreakfast.com/","https://maps.google.com/?cid=10904478176897912104&g_mp=CiVnb29nbGUubWFwcy5wbGFjZXMudjEuUGxhY2VzLkdldFBsYWNlEAIYBCAA","4.3","3582","5","5","0","4","Charu Sharma","4","Food is extraordinary! We had the French omelette with a side of hash browns, and millennial tears with side of vegan pa","human@morninggloryrestaurant.com","","",""
"Juniper and Ivy","2228 Kettner Blvd, San Diego, CA 92101, USA","(619) 269-9036","https://www.juniperandivy.com/","https://maps.google.com/?cid=413959024025564405&g_mp=CiVnb29nbGUubWFwcy5wbGFjZXMudjEuUGxhY2VzLkdldFBsYWNlEAIYBCAA","4.6","2690","5","5","0","4","Pelumi Olaleye","4","First time visiting and I’m genuinely impressed.  I stopped in about an hour before closing on a Monday night, so I did","info@juniperandivy.com","","",""
"Zama San Diego","467 Fifth Ave, San Diego, CA 92101, USA","(619) 915-5789","https://www.zamasandiego.com/","https://maps.google.com/?cid=9155490528370422388&g_mp=CiVnb29nbGUubWFwcy5wbGFjZXMudjEuUGxhY2VzLkdldFBsYWNlEAIYBCAA","4.6","1528","5","5","0","5","Katherine Cerda","5","We came to Zama San Diego for a bachelorette celebration, and the experience exceeded our expectations! The atmosphere w","info@zamasandiego.com","","",""
"Wolf In The Woods","1920 Fort Stockton Dr Suite C, San Diego, CA 92103, USA","(619) 234-2597","http://www.thewolfinthewoods.com/","https://maps.google.com/?cid=12261548194371536841&g_mp=CiVnb29nbGUubWFwcy5wbGFjZXMudjEuUGxhY2VzLkdldFBsYWNlEAIYBCAA","4.7","385","5","5","0","4","Luan Nguyen Minh (Luke)","4","Decent dinner atmostphere (music was a little bit loud inside, the patio was calmer). Service was timely and staff was n","user@domain.com","","",""
"Georges at the Cove","1250 Prospect St, La Jolla, CA 92037, USA","(858) 454-4244","https://www.georgesatthecove.com/","https://maps.google.com/?cid=18189491404613468604&g_mp=CiVnb29nbGUubWFwcy5wbGFjZXMudjEuUGxhY2VzLkdldFBsYWNlEAIYBCAA","4.4","4283","5","5","0","4","Chris Stephenson","4","We recently visited Georges at the Cove and were absolutely blown away by the newly renovated Ocean Terrace. The fresh l","user@domain.com","","",""
"Ristorante Illando","1825 India St, San Diego, CA 92101, USA","(619) 693-5204","http://www.illando.com/","https://maps.google.com/?cid=1136306259703003030&g_mp=CiVnb29nbGUubWFwcy5wbGFjZXMudjEuUGxhY2VzLkdldFBsYWNlEAIYBCAA","4.3","985","5","5","0","4","Sky Thai","4","Super intimate and small space so definitely recommend reservations. The food is classic Italian food that is made well","info@illando.com","","",""
"Breakfast Republic","707 G St, San Diego, CA 92101, USA","(619) 501-8280","http://www.breakfastrepublic.com/","https://maps.google.com/?cid=5863843897201710163&g_mp=CiVnb29nbGUubWFwcy5wbGFjZXMudjEuUGxhY2VzLkdldFBsYWNlEAIYBCAA","4.5","4383","5","5","0","5","Nadia S","5","I went to the Breakfast Republic at their downtown location over the weekend and had a really great experience. Even tho","info@breakfastrepublic.com","","",""
"Brigantine Seafood & Oyster Bar","1360 N Harbor Dr, San Diego, CA 92101, USA","(619) 719-4960","http://www.brigantine.com/","https://maps.google.com/?cid=781831163293565907&g_mp=CiVnb29nbGUubWFwcy5wbGFjZXMudjEuUGxhY2VzLkdldFBsYWNlEAIYBCAA","4.4","4598","5","5","0","5","Sharon B","5","Beautiful venue with gorgeous view of the bay and ships from the nautical museum next door. This is a great place to tak","info@brigantine.com","","",""
"Osteria Panevino","722 Fifth Ave, San Diego, CA 92101, USA","(619) 595-7959","https://www.osteriapanevino.com/","https://maps.google.com/?cid=18211913828659775616&g_mp=CiVnb29nbGUubWFwcy5wbGFjZXMudjEuUGxhY2VzLkdldFBsYWNlEAIYBCAA","4.3","1260","5","5","0","5","Greg Koehler","5","My wife and I went in here for date night. BEST Italian food we've had outside of Italy in a long time. The server recom","info@osteriapanevino.com","","",""
"Il Fornaio Coronado","1333 1st St, Coronado, CA 92118, USA","(619) 437-4911","https://www.ilfornaio.com/location/il-fornaio-coronado/","https://maps.google.com/?cid=13354997451369476505&g_mp=CiVnb29nbGUubWFwcy5wbGFjZXMudjEuUGxhY2VzLkdldFBsYWNlEAIYBCAA","4.4","2937","5","5","0","4","Marc Cole","4","Had a pretty good time with family at Il Fornaio in San Diego! We arrived early enough to be among the first patrons of","coronado@ilfo.com","","",""
"Mimoza Mediterranean Restaurant","409 F St, San Diego, CA 92101, USA","(619) 228-9357","http://mimozasd.com/","https://maps.google.com/?cid=9298051118526804644&g_mp=CiVnb29nbGUubWFwcy5wbGFjZXMudjEuUGxhY2VzLkdldFBsYWNlEAIYBCAA","4.7","875","5","5","0","4","Vaish “Siso” C","4","We had a lovely time here. Our barterders were very friendly and made it fun to sit at the bar.  We throughly enjoyed ou","team@latofonts.com","","",""
"STK Steakhouse","600 F St, San Diego, CA 92101, USA","(619) 354-5988","https://stksteakhouse.com/venues/san-diego/","https://maps.google.com/?cid=9498492989745249593&g_mp=CiVnb29nbGUubWFwcy5wbGFjZXMudjEuUGxhY2VzLkdldFBsYWNlEAIYBCAA","4.5","2372","5","5","0","4","Momo Zhang","4","With the new year comes the return of Amex credit card perks, and we booked an Italian restaurant through Resy—which led","info@togrp.com","","",""
"Tacos El Gordo","511 F St, San Diego, CA 92102, USA","(619) 955-8220","https://tacoselgordobc.com/","https://maps.google.com/?cid=3385535148072060085&g_mp=CiVnb29nbGUubWFwcy5wbGFjZXMudjEuUGxhY2VzLkdldFBsYWNlEAIYBCAA","4.4","4120","5","5","0","4","Tikitty Boo (Tikittyboo)","4","This is a hectic, fast paced taco stop but a must visit any time you’re passing by! The food is unbelievably fresh, flav","info@tacoselgordobc.com","","",""
"Roy's Restaurant","333 W Harbor Dr, San Diego, CA 92101, USA","(619) 239-7697","https://www.roysrestaurant.com/locations/san-diego-waterfront/","https://maps.google.com/?cid=8603496863835518332&g_mp=CiVnb29nbGUubWFwcy5wbGFjZXMudjEuUGxhY2VzLkdldFBsYWNlEAIYBCAA","4.1","1537","5","5","0","4","Arturs Mons","4","The food was truly great — well prepared, flavorful, and presented beautifully. You can tell there’s real attention to q","info@roysrestaurant.com","","",""
"The Rooftop by STK","600 F St, San Diego, CA 92101, USA","(619) 814-2002","https://sandiego.andaz.hyatt.com/en/hotel/dining/the-rooftop-by-stk.html","https://maps.google.com/?cid=6652408777475060622&g_mp=CiVnb29nbGUubWFwcy5wbGFjZXMudjEuUGxhY2VzLkdldFBsYWNlEAIYBCAA","4.3","456","5","5","0","4","Jeff Hayes","4","Headed upstairs to watch the sun set over downtown. Good drinks, good view, great atmosphere! Furnishings were very comf","info@sandiego.andaz.hyatt.com","","",""
"Eddie V's Prime Seafood","1270 Prospect St, La Jolla, CA 92037, USA","(858) 459-5500","https://www.eddiev.com/locations/ca/la-jolla/la-jolla/8511?cmpid=br:ev_ag:ie_ch:loc_ca:EVGMB_sn:gmb_gt:la-jolla-ca-8511_pl:locurl_rd:1010","https://maps.google.com/?cid=14170514692473749185&g_mp=CiVnb29nbGUubWFwcy5wbGFjZXMudjEuUGxhY2VzLkdldFBsYWNlEAIYBCAA","4.7","2278","5","5","0","5","Sue Duong","5","02/03/26 Amber, our waitress, paid attention to detail. She checked in on us often and had a quick chat with us. At the","info@eddiev.com","","",""
"Lucrezia La Jolla","4301 La Jolla Village Dr Unit 1050, San Diego, CA 92122, USA","(858) 352-6266","https://lucrezia.us/","https://maps.google.com/?cid=16291210053622895816&g_mp=CiVnb29nbGUubWFwcy5wbGFjZXMudjEuUGxhY2VzLkdldFBsYWNlEAIYBCAA","4.5","684","5","5","0","5","Steph R","5","Kim was absolutely incredible  hands down one of the best servers I’ve ever had. She was kind, attentive, and made us fe","info@lucrezia.us","","",""
"Covewood Restaurant","1775 E Mission Bay Dr., San Diego, CA 92109, USA","(619) 275-7922","https://www.missionbayresort.com/covewood-restaurant/?utm_source=gmb-restaurant&utm_medium=organic&utm_campaign=gmb","https://maps.google.com/?cid=9889982127312659581&g_mp=CiVnb29nbGUubWFwcy5wbGFjZXMudjEuUGxhY2VzLkdldFBsYWNlEAIYBCAA","4.2","465","5","5","0","4","Shannon Terriquez","4","Went for a breakfast here while staying at Mission Bay Resort. The food was good, I only got eggs,bacon, and potatoes so","info@missionbayresort.com","","",""
"Saint James French Diner","830 Sixth Ave, San Diego, CA 92101, USA","(619) 678-1007","https://saintjamesfrenchdiner.com/","https://maps.google.com/?cid=3619175052953306700&g_mp=CiVnb29nbGUubWFwcy5wbGFjZXMudjEuUGxhY2VzLkdldFBsYWNlEAIYBCAA","4.3","250","5","5","0","4","Samuel Baek","4","On our way into the city we had to make an audible and do last minute dinner plans and luckily, Saint James French Diner","user@domain.com","","",""
"Operacaffe","835 Fourth Ave, San Diego, CA 92101, USA","(619) 234-6538","http://operacaffe.com/","https://maps.google.com/?cid=11308208232072936008&g_mp=CiVnb29nbGUubWFwcy5wbGFjZXMudjEuUGxhY2VzLkdldFBsYWNlEAIYBCAA","4.6","843","5","5","0","4","M Hosokawa","4","I visited this Italian restaurant over the weekend and had a great experience overall. The space is small and intimate,","info@operacaffe.com","","",""
"Hodad's Downtown","945 Broadway, San Diego, CA 92101, USA","(619) 234-6323","http://hodadsdowntown.com/","https://maps.google.com/?cid=14298829408041334999&g_mp=CiVnb29nbGUubWFwcy5wbGFjZXMudjEuUGxhY2VzLkdldFBsYWNlEAIYBCAA","4.6","4414","5","5","0","4","Mohammed Morris","4","Great service, good atmosphere, and a good burger. The burgers aren’t necessarily huge, the patty is a regular size. It’","hodads1904@gmail.com","","",""
"Parfait Paris","555 G St, San Diego, CA 92101, USA","(619) 245-4457","https://parfaitparis.com/","https://maps.google.com/?cid=6125819932177508967&g_mp=CiVnb29nbGUubWFwcy5wbGFjZXMudjEuUGxhY2VzLkdldFBsYWNlEAIYBCAA","4.5","2546","5","5","0","4","Zsuzsanna Sziveri","4","Nice atmosphere, however staff is slow, we had to wait for a single crepe over 30 minutes (there were two other customer","contact@parfaitparis.com","","",""
"Karina's Cantina Gaslamp","755 Fifth Ave, San Diego, CA 92101, USA","(619) 756-7333","http://www.karinasseafood.com/","https://maps.google.com/?cid=13146064320171634646&g_mp=CiVnb29nbGUubWFwcy5wbGFjZXMudjEuUGxhY2VzLkdldFBsYWNlEAIYBCAA","4.2","591","5","5","0","4","Vicky Sanders","4","The food at this location was amazing, but the only thing it’s a little pricey. We got the oysters and they were really","info@karinasseafood.com","","",""
"Flama Llama","4433 Convoy St, San Diego, CA 92111, USA","(858) 492-0402","https://www.flamallama.com/","https://maps.google.com/?cid=1952409151777459956&g_mp=CiVnb29nbGUubWFwcy5wbGFjZXMudjEuUGxhY2VzLkdldFBsYWNlEAIYBCAA","4.7","2249","5","5","0","4","Volodymyr Korsun","4","A lovely experience at Flama Llama, highlighted by outstanding service from April, who was attentive and welcoming. ​The","info@flamallama.com","","",""
"Pappalecco","1602 State St, San Diego, CA 92101, USA","(619) 238-4590","https://pappalecco.com/","https://maps.google.com/?cid=4683486648547176443&g_mp=CiVnb29nbGUubWFwcy5wbGFjZXMudjEuUGxhY2VzLkdldFBsYWNlEAIYBCAA","4.6","2204","5","5","0","4","Phyllis Rostykus","4","Lots of things on the menu, but the gelato was only sold in $7 cups that you could get up to three flavors. The girl ser","user@domain.com","","",""
"Mimmo's","1743 India St, San Diego, CA 92101, USA","(619) 239-3710","https://www.mimmos.biz/","https://maps.google.com/?cid=13489599759931472800&g_mp=CiVnb29nbGUubWFwcy5wbGFjZXMudjEuUGxhY2VzLkdldFBsYWNlEAIYBCAA","4.4","1797","5","5","0","4","Darlene Danehy","4","We wanted to enjoy lunch in Little Italy before leaving town, and we decided to give Mimmo's a try. The staff was friend","info@mimmos.biz","","",""
"Allegro Restaurant and Bar","1536 India St, San Diego, CA 92101, USA","(619) 310-6996","https://www.allegro-sd.com/","https://maps.google.com/?cid=11519478808822647613&g_mp=CiVnb29nbGUubWFwcy5wbGFjZXMudjEuUGxhY2VzLkdldFBsYWNlEAIYBCAA","4.3","1458","5","5","0","5","Robert Prophet","5","As a tourist visiting Little Italy in San Diego, you have dozens if not hundreds of options to dine out. Allegro was my","info@allegro-sd.com","","",""
"The Taco Stand","645 B St, San Diego, CA 92101, USA","(619) 546-0570","http://letstaco.com/","https://maps.google.com/?cid=5236049097373513162&g_mp=CiVnb29nbGUubWFwcy5wbGFjZXMudjEuUGxhY2VzLkdldFBsYWNlEAIYBCAA","4.6","2488","5","5","0","4","Steph Kwan","4","I got the Al Pastor and Carne Asada tacos. I appreciated the options at the salsa bar, as it allowed for a personal choi","info@letstaco.com","","",""
"Anthony's Pier 66 & Bell Street Diner","2201 Alaskan Wy, Seattle, WA 98121, USA","(206) 448-6688","https://www.anthonys.com/restaurant/anthonys-bell-street-diner/","https://maps.google.com/?cid=2364178980047553367&g_mp=CiVnb29nbGUubWFwcy5wbGFjZXMudjEuUGxhY2VzLkdldFBsYWNlEAIYBCAA","4.3","2448","5","5","3","1","Dolly Wu","1","Came here after reading the reviews for the $33 three-course meal, but honestly, none of the dishes were good. The seafo","info@anthonys.com","","",""
"Tai Tung Restaurant","655 S King St, Seattle, WA 98104, USA","(206) 622-7372","https://www.taitungrestaurant.com/","https://maps.google.com/?cid=9727176627510675414&g_mp=CiVnb29nbGUubWFwcy5wbGFjZXMudjEuUGxhY2VzLkdldFBsYWNlEAIYBCAA","4.4","2055","5","5","3","2","Laura Granda","2","Do not go here if you want to have good food! The food here was tasteless, looked unappealing and was not worth the pric","info@taitungrestaurant.com","","",""
"Canlis","2576 Aurora Ave N, Seattle, WA 98109, USA","(206) 283-3313","https://canlis.com/","https://maps.google.com/?cid=15060210120606856902&g_mp=CiVnb29nbGUubWFwcy5wbGFjZXMudjEuUGxhY2VzLkdldFBsYWNlEAIYBCAA","4.6","2794","5","5","2","2","Jonathan Kim","2","Canlis offers an undeniably beautiful ambiance and world-class views, but unfortunately, the cuisine did not live up to","reservations@canlis.com","","",""
"The Fisherman's Restaurant Seattle","1301 Alaskan Wy, Seattle, WA 98101, USA","(206) 623-3500","https://www.thefishermansrestaurant.com/","https://maps.google.com/?cid=11537853435888176790&g_mp=CiVnb29nbGUubWFwcy5wbGFjZXMudjEuUGxhY2VzLkdldFBsYWNlEAIYBCAA","3.9","2602","5","5","2","1","Michelle M","1","My family and I were visiting Seattle before a cruise and were hungry when visiting Seattle’s waterfront.  Naturally, yo","info@thefishermansrestaurant.com","","",""
"The Athenian Seafood Restaurant And Bar","Next to Pure Food Fish Market, 1517 Pike Pl, Seattle, WA 98101, USA","(206) 624-7166","http://athenianseattle.com/","https://maps.google.com/?cid=5471132272044475079&g_mp=CiVnb29nbGUubWFwcy5wbGFjZXMudjEuUGxhY2VzLkdldFBsYWNlEAIYBCAA","4.4","2007","5","5","2","2","Cale Lewis","2","Great location, decent service, the food is hit or miss. They’ve got drink and food items on the walls that are no longe","info@athenianseattle.com","","",""
"13 Coins Pioneer Square","255 S King St, Seattle, WA 98104, USA","(206) 682-2513","https://www.13coins.com/","https://maps.google.com/?cid=3789445869605819246&g_mp=CiVnb29nbGUubWFwcy5wbGFjZXMudjEuUGxhY2VzLkdldFBsYWNlEAIYBCAA","4.1","4902","5","5","2","3","Robert Pomerville","3","2/14/26, 10am.  Moderate business, 2 of us were sat at the counter,  not asked if that was OK versus a table. Turned out","info@13coins.com","","",""
"Cafe Campagne","1600 Post Alley, Seattle, WA 98101, USA","(206) 728-2233","http://www.cafecampagne.com/","https://maps.google.com/?cid=5958989629258976379&g_mp=CiVnb29nbGUubWFwcy5wbGFjZXMudjEuUGxhY2VzLkdldFBsYWNlEAIYBCAA","4.5","1513","5","5","2","2","Dr. Catherine Cushinberry","2","The atmosphere is as expected. We were transported to Paris. It was lovely. However, we ordered French onion soups and t","info@cafecampagne.com","","",""
"Chinook's At Salmon Bay","1900 W Nickerson St #103, Seattle, WA 98119, USA","(206) 283-4665","https://www.anthonys.com/restaurant/chinooks-at-salmon-bay/","https://maps.google.com/?cid=271572534502848340&g_mp=CiVnb29nbGUubWFwcy5wbGFjZXMudjEuUGxhY2VzLkdldFBsYWNlEAIYBCAA","4.5","2441","5","5","2","2","Jane F","2","Very disappointed. One of our group remembered our take out visit a few years ago and really wanted to return. The servi","chinooks@anthonys.com","","",""
"The Crab Pot Seattle","1301 Alaskan Way Pier 57, 1305 Alaskan Wy, Seattle, WA 98101, USA","(206) 624-1890","https://www.thecrabpotseattle.com/","https://maps.google.com/?cid=7651403129190068081&g_mp=CiVnb29nbGUubWFwcy5wbGFjZXMudjEuUGxhY2VzLkdldFBsYWNlEAIYBCAA","4.2","11593","5","5","1","3","Maui World Travelers","3","Friends of ours recommended this place. I do appreciate them, really.  ATMOSPHERE: Located in the Miners Landing mall. I","info@thecrabpotseattle.com","","",""
"Toulouse Petit Kitchen & Lounge","601 Queen Anne Ave N, Seattle, WA 98109, USA","(206) 432-9069","https://www.toulousepetit.com/","https://maps.google.com/?cid=4750646760953332409&g_mp=CiVnb29nbGUubWFwcy5wbGFjZXMudjEuUGxhY2VzLkdldFBsYWNlEAIYBCAA","4.4","6470","5","5","1","1","Mrs. Michaela Hall","1","This place needs real ratings. First, the welcome was excellent entering the facility. Next the beignets were dry overly","reservations@toulousepetit.com","","",""
"Lola","2000 B 4th Ave, Seattle, WA 98121, USA","(206) 441-1430","https://www.lolaseattle.com/?utm_source=gbp&utm_medium=organic&utm_campaign=fm","https://maps.google.com/?cid=15277971614303323470&g_mp=CiVnb29nbGUubWFwcy5wbGFjZXMudjEuUGxhY2VzLkdldFBsYWNlEAIYBCAA","4.4","4518","5","5","1","3","Nicolai Solheim","3","Lola presents itself as a modern Greek-influenced restaurant, but it unfortunately misses much of what makes Greek cuisi","info@lolaseattle.com","","",""
"Alder & Ash","629 Pike St, Seattle, WA 98101, USA","(206) 486-7699","https://www.alderandashsea.com/","https://maps.google.com/?cid=9945884715391476346&g_mp=CiVnb29nbGUubWFwcy5wbGFjZXMudjEuUGxhY2VzLkdldFBsYWNlEAIYBCAA","4.4","753","5","5","1","3","GN","3","The ambiance and menu selection were great. Our server was amazing. However, the ahi tuna poke had an off smell, so I di","info@alderandashsea.com","","",""
"Bacco Cafe","86 Pine St, Seattle, WA 98101, USA","(206) 355-8887","http://baccocafe.com/","https://maps.google.com/?cid=2717340975899283510&g_mp=CiVnb29nbGUubWFwcy5wbGFjZXMudjEuUGxhY2VzLkdldFBsYWNlEAIYBCAA","4.5","1886","5","5","1","3","Priyanka Lele","3","All three - food, service and ambience top the list. The cafe is along the main street near Pike place market serving gr","baccocafe@gmail.com","","",""
"Lowell's Restaurant","1519 Pike Pl, Seattle, WA 98101, USA","(206) 622-2036","http://eatatlowells.com/","https://maps.google.com/?cid=11149608409676845082&g_mp=CiVnb29nbGUubWFwcy5wbGFjZXMudjEuUGxhY2VzLkdldFBsYWNlEAIYBCAA","4.4","3915","5","5","1","3","Ryan Robletto","3","I went to Lowells restaurant on Pike Place looking for fish and chips with a great view, and I found the great view, but","info@eatatlowells.com","","",""
"Elephant & Castle","1415 5th Ave, Seattle, WA 98101, USA","(206) 624-9977","https://www.elephantcastle.com/en/locations/wa/seattle/1415-fifth-avenue","https://maps.google.com/?cid=11423718730600995073&g_mp=CiVnb29nbGUubWFwcy5wbGFjZXMudjEuUGxhY2VzLkdldFBsYWNlEAIYBCAA","4.4","2533","5","5","1","3","The Hungry Company","3","With traveling all over north America our company tends to gravitate towards Irish pubs when we find them, some of us ca","info@elephantcastle.com","","",""
"Ivar's Acres of Clams","1001 Alaskan Wy Ste. 102, Seattle, WA 98104, USA","(206) 624-6852","https://www.ivars.com/acres","https://maps.google.com/?cid=16553677074958837107&g_mp=CiVnb29nbGUubWFwcy5wbGFjZXMudjEuUGxhY2VzLkdldFBsYWNlEAIYBCAA","4.4","9323","5","5","1","1","Mo Moe","1","We just wanted a nice meal and seat with a view. The atmosphere was nice and the service was wonderful, but the food was","webmail@keepclam.com","","",""
"Noi Thai Cuisine","1303 1st Ave, Seattle, WA 98101, USA","(206) 787-8444","https://noithaiselect.com/noithaicuisinedtwnseattle?utm_source=google","https://maps.google.com/?cid=560617719359971970&g_mp=CiVnb29nbGUubWFwcy5wbGFjZXMudjEuUGxhY2VzLkdldFBsYWNlEAIYBCAA","4.4","2872","5","5","1","3","Kunal Arora","3","The food here is gorgeous and the waiters were all very sweet and helpful but the lady at the front desk was very rude.","info@noithaiselect.com","","",""
"Goldfinch Tavern","99 Union St, Seattle, WA 98101, USA","(206) 749-7070","https://www.fourseasons.com/seattle/dining/restaurants/goldfinch_tavern/?utm_source=google&utm_medium=organicsearch&utm_campaign=tor-sew-fab-mid-seo-na&utm_content=na-na&utm_term=na","https://maps.google.com/?cid=8404901746717700706&g_mp=CiVnb29nbGUubWFwcy5wbGFjZXMudjEuUGxhY2VzLkdldFBsYWNlEAIYBCAA","4.4","1002","5","5","1","3","Virginia Winslow","3","Used to LOVE coming to the Goldfinch for celebrations like our engagement and birthdays. We always bring a few close fri","info@fourseasons.com","","",""
"El Gaucho Seattle","2200 Western Ave Ste. 101, Seattle, WA 98121, USA","(206) 728-1337","https://elgaucho.com/elgauchoseattle/","https://maps.google.com/?cid=8903593617627832081&g_mp=CiVnb29nbGUubWFwcy5wbGFjZXMudjEuUGxhY2VzLkdldFBsYWNlEAIYBCAA","4.6","1943","5","5","1","3","Ryan Wong","3","Lost all of its charm with the new building  I used to love the charm and food of el gaucho so much.  This past experien","jlohman@elgaucho.com","","",""
"Archipelago","5607 Rainier Ave S, Seattle, WA 98118, USA","","http://archipelagoseattle.com/","https://maps.google.com/?cid=1789095677862073746&g_mp=CiVnb29nbGUubWFwcy5wbGFjZXMudjEuUGxhY2VzLkdldFBsYWNlEAIYBCAA","4.8","252","5","5","1","3","Ayan Chatterjee","3","The idea is to compare Archipelago to other tasting menus like Altira, Canlis, Juanita etc. For us, the experience was j","aaron@archipelagoseattle.com","","",""
"The Pink Door","1919 Post Alley, Seattle, WA 98101, USA","(206) 443-3241","https://www.thepinkdoor.net/","https://maps.google.com/?cid=13451524338311652394&g_mp=CiVnb29nbGUubWFwcy5wbGFjZXMudjEuUGxhY2VzLkdldFBsYWNlEAIYBCAA","4.6","6988","5","5","0","4","Ashley DeWit","4","Went to the Pink Door for our Valentine’s Day lunch date. We loved the atmosphere and our table overlooked pike place ma","info@thepinkdoor.net","","",""
"Six Seven Restaurant","2411 Alaskan Wy Pier 67, Seattle, WA 98121, USA","(206) 269-4575","http://www.edgewaterhotel.com/seattle-six-seven-restaurant.aspx","https://maps.google.com/?cid=787370736278685067&g_mp=CiVnb29nbGUubWFwcy5wbGFjZXMudjEuUGxhY2VzLkdldFBsYWNlEAIYBCAA","4.5","2213","5","5","0","4","joyce Ray","4","Clam chowder is excellent, I was there with teenager daughter and the menu was more adult. The staff was extremely helpf","dining@edgewaterhotel.com","","",""
"Local Tide","401 N 36th St UNIT 103, Seattle, WA 98103, USA","(206) 420-4685","http://localtide.com/","https://maps.google.com/?cid=559333795458845021&g_mp=CiVnb29nbGUubWFwcy5wbGFjZXMudjEuUGxhY2VzLkdldFBsYWNlEAIYBCAA","4.8","1492","5","5","0","5","Jeff Yen","5","Super funny, warm, generous people. Great vibe in the restaurant. The food is excellent quality; they are trying somethi","info@localtide.com","","",""
"The Capital Grille","1301 4th Ave, Seattle, WA 98101, USA","(206) 382-0900","https://www.thecapitalgrille.com/locations/wa/seattle/seattle/8030?cmpid=br:tcg_ag:ie_ch:loc_ca:TCGGMB_sn:gmb_gt:seattle-wa-8030_pl:locurl_rd:1026","https://maps.google.com/?cid=17680310406050686169&g_mp=CiVnb29nbGUubWFwcy5wbGFjZXMudjEuUGxhY2VzLkdldFBsYWNlEAIYBCAA","4.7","2153","5","5","0","5","K Haverty","5","Wow.  The food was excellent. We started with the seafood tower and everything was fresh and cold and perfect.  Our entr","info@thecapitalgrille.com","","",""
"Aerlume Seattle","2003 Western Ave Suite C, Seattle, WA 98121, USA","(206) 539-2200","https://www.aerlumeseattle.com/","https://maps.google.com/?cid=14058670872054838456&g_mp=CiVnb29nbGUubWFwcy5wbGFjZXMudjEuUGxhY2VzLkdldFBsYWNlEAIYBCAA","4.5","798","5","5","0","4","Heavenflavor Choi","4","There's nothing to complain about this place. The view was stunning. The service was outstanding, even to a solo diner.","info@aerlumeseattle.com","","",""
"Yard House","1501 4th Ave, Seattle, WA 98101, USA","(206) 682-2087","https://www.yardhouse.com/locations/wa/seattle/seattle-4th-and-pike/8343?cmpid=br:yh_ag:ie_ch:loc_ca:YHGMB_sn:gmb_gt:seattle-wa-8343_pl:locurl_rd:1041","https://maps.google.com/?cid=14068924034734844554&g_mp=CiVnb29nbGUubWFwcy5wbGFjZXMudjEuUGxhY2VzLkdldFBsYWNlEAIYBCAA","4.4","6278","5","5","0","4","M G","4","There was a bit of a wait when we arrived, but with homecoming going on and the Mariners game playing on the TVs, it was","info@yardhouse.com","","",""
"House of Eve","730 Blanchard St, Seattle, WA 98121, USA","(206) 600-8827","http://www.houseofeveseattle.com/","https://maps.google.com/?cid=16209385774967700424&g_mp=CiVnb29nbGUubWFwcy5wbGFjZXMudjEuUGxhY2VzLkdldFBsYWNlEAIYBCAA","4.3","246","5","5","0","5","R K","5","Impeccable service, beautiful atmosphere, aesthetic plating and absolutely delicious food&drinks. The duck was amazing.","user@domain.com","","",""
"Shaker + Spear","2000 2nd Ave, Seattle, WA 98121, USA","(206) 826-1700","https://www.shakerandspear.com/","https://maps.google.com/?cid=1888944664574886690&g_mp=CiVnb29nbGUubWFwcy5wbGFjZXMudjEuUGxhY2VzLkdldFBsYWNlEAIYBCAA","4.5","1589","5","5","0","4","Hon Lam","4","Super friendly staff that will greet you and seat you promptly. Very quick with the water and coffee too even for a week","info@shakerandspear.com","","",""
"Purple Café and Wine Bar","1225 4th Ave, Seattle, WA 98101, USA","(206) 829-2280","https://www.purplecafe.com/","https://maps.google.com/?cid=8142466410416218182&g_mp=CiVnb29nbGUubWFwcy5wbGFjZXMudjEuUGxhY2VzLkdldFBsYWNlEAIYBCAA","4.4","3549","5","5","0","4","Kenneth Preston","4","The Purple Café and Wine Bar offers a delightful dining experience that marries a sophisticated wine selection with a di","user@domain.com","","",""
"Von's 1000Spirits","1225 1st Ave, Seattle, WA 98101, USA","(206) 621-8667","https://www.vons1000spirits.com/?utm_source=gmb&utm_medium=organic&utm_campaign=gmbpost","https://maps.google.com/?cid=5056199159300483347&g_mp=CiVnb29nbGUubWFwcy5wbGFjZXMudjEuUGxhY2VzLkdldFBsYWNlEAIYBCAA","4.6","7146","5","5","0","4","Brian Stambaugh","4","I went here with group of friends and we had a good time. The restaurant was pretty loud, lots of hard surfaces did litt","info@vons1000spirits.com","","",""
"Salt Harvest","100 S King St, Seattle, WA 98104, USA","(206) 309-1100","https://populusseattle.com/salt-harvest/?utm_source=google-gbp&utm_medium=organic&utm_campaign=gbp","https://maps.google.com/?cid=6419684124714577155&g_mp=CiVnb29nbGUubWFwcy5wbGFjZXMudjEuUGxhY2VzLkdldFBsYWNlEAIYBCAA","4.4","59","5","5","0","5","Heather Ace","5","Absolutely the kindest staff in town! They gave great suggestions and made my birthday night extra special. When I looke","info@populusseattle.com","","",""
"Seattle Rooftop Next Level Lounge by Fogo De Chão","400 University St Rooftop, Seattle, WA 98101, USA","(206) 970-0028","https://fogodechao.com/location/seattle-rooftop/","https://maps.google.com/?cid=8654407499443384844&g_mp=CiVnb29nbGUubWFwcy5wbGFjZXMudjEuUGxhY2VzLkdldFBsYWNlEAIYBCAA","4.7","123","5","5","0","4","Brandon Batchelor","4","To start, the staff were amazing. Hosana was an absolute delight. Cannot say enough about how great she was. Every other","info@fogodechao.com","","",""
"Maximilien Restaurant","81A Pike St, Seattle, WA 98101, USA","(206) 682-7270","https://www.maximilienrestaurant.com/","https://maps.google.com/?cid=7374868350508092451&g_mp=CiVnb29nbGUubWFwcy5wbGFjZXMudjEuUGxhY2VzLkdldFBsYWNlEAIYBCAA","4.3","1295","5","5","0","5","P V","5","Wonderful spot with friendly people. The food was delicious and hearty.  French classics with a great view. Loved the sp","user@domain.com","","",""
"JOEY U-Village","2603 NE 46th St, Seattle, WA 98105, USA","(206) 527-6188","https://joeyrestaurants.com/location/joey-university-village","https://maps.google.com/?cid=9854096639597949167&g_mp=CiVnb29nbGUubWFwcy5wbGFjZXMudjEuUGxhY2VzLkdldFBsYWNlEAIYBCAA","4.8","10724","5","5","0","4","Neda Javadpour","4","The food is pretty good. It's consistent and beautifully plated. Good location if you're looking to watch sports while h","accessibility@joeyrestaurants.com","","",""
"2120","2120 6th Ave, Seattle, WA 98121, USA","(206) 829-8700","https://www.2120restaurant.com/","https://maps.google.com/?cid=7077915409849202424&g_mp=CiVnb29nbGUubWFwcy5wbGFjZXMudjEuUGxhY2VzLkdldFBsYWNlEAIYBCAA","4.4","1226","5","5","0","4","Emma H","4","Built in the office district right next to the Spheres, this restaurant has a calm and comfortable atmosphere. The light","info@2120restaurant.com","","",""
"Good Voyage","8520 14th Ave S, Seattle, WA 98108, USA","","http://www.goodvoyageseattle.com/","https://maps.google.com/?cid=7016785438919844319&g_mp=CiVnb29nbGUubWFwcy5wbGFjZXMudjEuUGxhY2VzLkdldFBsYWNlEAIYBCAA","4.8","171","5","5","0","4","Christy Binoniemi","4","What a warm, bright little gem to happen upon on a drizzly Sunday morning. I expected to grab a coffee & maybe dry off f","user@domain.com","","",""
"Metropolitan Grill","820 2nd Ave, Seattle, WA 98104, USA","(206) 624-3287","http://themetropolitangrill.com/","https://maps.google.com/?cid=15292113016142370120&g_mp=CiVnb29nbGUubWFwcy5wbGFjZXMudjEuUGxhY2VzLkdldFBsYWNlEAIYBCAA","4.6","4000","5","5","0","5","Debora Delgado","5","Absolutely excellent.  Service was impeccable.  Anthony was our server and he was perfect.  He was super attentive, prof","info@themetropolitangrill.com","","",""
"Charlotte Restaurant & Lounge","LOTTE HOTEL SEATTLE, 809 5th Ave 16th Floor, Seattle, WA 98104, USA","(206) 800-8117","https://www.charlotterestaurantseattle.com/","https://maps.google.com/?cid=9064775493025661089&g_mp=CiVnb29nbGUubWFwcy5wbGFjZXMudjEuUGxhY2VzLkdldFBsYWNlEAIYBCAA","4.4","441","5","5","0","4","Tarny M","4","This restaurant really shines when it comes to atmosphere. The views are absolutely beautiful and make it a great spot f","info@charlotterestaurantseattle.com","","",""
"The George","411 University St, Seattle, WA 98101, USA","(206) 621-7889","http://www.thegeorgeseattle.com/","https://maps.google.com/?cid=17595035718357753032&g_mp=CiVnb29nbGUubWFwcy5wbGFjZXMudjEuUGxhY2VzLkdldFBsYWNlEAIYBCAA","4.2","762","5","5","0","5","Cody Harris","5","Was staying at a nearby hotel and came for breakfast.  It goes without saying the interior is absolutely stunning. The c","info@thegeorgeseattle.com","","",""
"Le Pichet","1933 1st Ave, Seattle, WA 98101, USA","(206) 256-1499","http://www.lepichetseattle.com/","https://maps.google.com/?cid=6370204162403574081&g_mp=CiVnb29nbGUubWFwcy5wbGFjZXMudjEuUGxhY2VzLkdldFBsYWNlEAIYBCAA","4.4","1668","5","5","0","4","Nomadicus","4","Le Pichet is one of those places where the experience makes far more sense once you understand what it’s aiming to emula","user@domain.com","","",""
"Damn the Weather","116 1st Ave S, Seattle, WA 98104, USA","(206) 946-1283","http://www.damntheweather.com/","https://maps.google.com/?cid=3851081720853922758&g_mp=CiVnb29nbGUubWFwcy5wbGFjZXMudjEuUGxhY2VzLkdldFBsYWNlEAIYBCAA","4.4","1565","5","5","0","4","Melanie Goodman","4","I really enjoyed the music and the vibe they had here. I know im supposed to be writing about food,  but...the music was","info@damntheweather.com","","",""
"Ludi's Restaurant","120 Stewart St, Seattle, WA 98101, USA","(206) 239-2728","https://order.toasttab.com/online/ludis-restaurant-120-stewart-street","https://maps.google.com/?cid=4497179834063864316&g_mp=CiVnb29nbGUubWFwcy5wbGFjZXMudjEuUGxhY2VzLkdldFBsYWNlEAIYBCAA","4.6","2322","5","5","0","4","Ankita","4","Food was yummy. Ube pancakes looked and tasted delicious. However they want everyone to order a separate dish which was","info@order.toasttab.com","","",""
"Matt's in the Market","94 Pike St #32, Seattle, WA 98101, USA","(206) 467-7909","http://www.mattsinthemarket.com/","https://maps.google.com/?cid=10137347102276822174&g_mp=CiVnb29nbGUubWFwcy5wbGFjZXMudjEuUGxhY2VzLkdldFBsYWNlEAIYBCAA","4.5","1263","5","5","0","4","Kay Sig","4","The seafood stew is amazing, my partner had the halibut said it was good. The service was fine by most of the staff. The","info@mattsinthemarket.com","","",""
"Beecher's Handmade Cheese","1600 Pike Pl, Seattle, WA 98101, USA","(206) 956-1964","http://www.beechershandmadecheese.com/","https://maps.google.com/?cid=3025143101360427001&g_mp=CiVnb29nbGUubWFwcy5wbGFjZXMudjEuUGxhY2VzLkdldFBsYWNlEAIYBCAA","4.6","2530","5","5","0","4","sumi","4","👥 2 pax on Saturday before noon 🍽️ 8oz “World’s Best” Mac & Cheese, 1 breadzel  Pros: Long queues but fairly short wai","info@beechershandmadecheese.com","","",""
"Place Pigalle","Behind where they throw the fish!, 81 Pike St, Seattle, WA 98101, USA","(206) 624-1756","http://www.placepigalle-seattle.com/","https://maps.google.com/?cid=15455887758101686094&g_mp=CiVnb29nbGUubWFwcy5wbGFjZXMudjEuUGxhY2VzLkdldFBsYWNlEAIYBCAA","4.5","657","5","5","0","5","Fernán Oviedo","5","Fantastic experience. We started with the liver paté and the clam chowder. The pate was ok, not very creamy. The bread w","pigalley@gmail.com","","",""
"Palace Kitchen","2030 5th Ave, Seattle, WA 98121, USA","(206) 441-2888","https://www.palacekitchen.com/?utm_source=gbp&utm_medium=organic&utm_campaign=fm","https://maps.google.com/?cid=10186076354542354153&g_mp=CiVnb29nbGUubWFwcy5wbGFjZXMudjEuUGxhY2VzLkdldFBsYWNlEAIYBCAA","4.4","1202","5","5","0","4","KHAIE","4","This place was another one recommended to me by one of the regulars at Rider, so of course I had to see what the hype wa","info@palacekitchen.com","","",""
"Japonessa Sushi Cocina","1400 1st Ave, Seattle, WA 98101, USA","(206) 971-7979","https://www.japonessa.com/","https://maps.google.com/?cid=8561836067255568606&g_mp=CiVnb29nbGUubWFwcy5wbGFjZXMudjEuUGxhY2VzLkdldFBsYWNlEAIYBCAA","4.5","5383","5","5","0","4","Mark Cooledge","4","Great and varied sushi rolls available at this convenient location. Atmosphere and service were nothing extraordinary, b","info@japonessa.com","","",""
"Cutters Crabhouse","2001 Western Ave, Seattle, WA 98121, USA","(206) 448-4884","https://www.cutterscrabhouse.com/","https://maps.google.com/?cid=1697678531781810764&g_mp=CiVnb29nbGUubWFwcy5wbGFjZXMudjEuUGxhY2VzLkdldFBsYWNlEAIYBCAA","4.3","3137","5","5","0","4","Lenny","4","Dining solo and going all in for my one day and night in Seattle.  If it weren't for Ethan's excellent service and atten","info@cutterscrabhouse.com","","",""
"AQUA by El Gaucho","2801 Alaskan Wy Pier 70, Seattle, WA 98121, USA","(206) 956-9171","https://aquabyelgaucho.com/","https://maps.google.com/?cid=13544828220104438054&g_mp=CiVnb29nbGUubWFwcy5wbGFjZXMudjEuUGxhY2VzLkdldFBsYWNlEAIYBCAA","4.5","1816","5","5","0","4","Spring Russell","4","We were excited to try this place because we love El Gaucho. We made a reservation for 6pm, we arrived earlier than expe","info@aquabyelgaucho.com","","",""
"Wild Ginger Downtown Seattle","1401 3rd Ave, Seattle, WA 98101, USA","(206) 623-4450","http://wildginger.net/","https://maps.google.com/?cid=14384295740187045263&g_mp=CiVnb29nbGUubWFwcy5wbGFjZXMudjEuUGxhY2VzLkdldFBsYWNlEAIYBCAA","4.3","2303","5","5","0","5","Christina P","5","Wild Ginger was an experience for the senses. A beautiful restaurant with exceptional service, and dishes that delight o","info@wildginger.net","","",""
"COMMUNION Restaurant & Bar","2350 E Union St, Seattle, WA 98122, USA","(206) 806-1916","https://www.communionseattle.com/","https://maps.google.com/?cid=8480602783702304331&g_mp=CiVnb29nbGUubWFwcy5wbGFjZXMudjEuUGxhY2VzLkdldFBsYWNlEAIYBCAA","4.4","1081","5","5","0","4","Willie Reese IV","4","Great ambiance—intimate, stylish, and perfect for a nice night out. The food was good once it arrived, though the wait w","user@domain.com","","",""
"Sushi Kashiba","86 Pine St Suite #1, Seattle, WA 98101, USA","(206) 441-8844","https://sushikashiba.com/","https://maps.google.com/?cid=17153935726785512238&g_mp=CiVnb29nbGUubWFwcy5wbGFjZXMudjEuUGxhY2VzLkdldFBsYWNlEAIYBCAA","4.7","2050","5","5","0","5","Drew Hinkson","5","Incredible omakase in Seattle. I would recommend the omakase experience at the sushi counter, reservations can be made o","info@sushikashiba.com","","",""
"Serious Pie Downtown","2001 4th Ave, Seattle, WA 98121, USA","(206) 838-7388","https://www.seriouspieseattle.com/","https://maps.google.com/?cid=14996315123873928816&g_mp=CiVnb29nbGUubWFwcy5wbGFjZXMudjEuUGxhY2VzLkdldFBsYWNlEAIYBCAA","4.5","4549","5","5","0","5","Jace","5","Always looking for new pizza spots when traveling. I checked to see what some top places were in the area while visiting","info@seriouspieseattle.com","","",""
"Marination Ma Kai","1660 Harbor Ave SW, Seattle, WA 98126, USA","(206) 328-8226","http://www.marinationmobile.com/","https://maps.google.com/?cid=6485076603440081706&g_mp=CiVnb29nbGUubWFwcy5wbGFjZXMudjEuUGxhY2VzLkdldFBsYWNlEAIYBCAA","4.5","3650","5","5","0","4","Kumar Vaibhav","4","Overall a good place. It is self service. I got fish and chips. The looks of fries were not that appetizing but it makes","eat@marinationmobile.com","","",""
"The Hart and the Hunter","109 Pine St, Seattle, WA 98101, USA","(206) 596-0700","https://www.thehartandthehunter.com/","https://maps.google.com/?cid=3596011579270768038&g_mp=CiVnb29nbGUubWFwcy5wbGFjZXMudjEuUGxhY2VzLkdldFBsYWNlEAIYBCAA","4.3","587","5","5","0","4","Royal","4","We actually came here for dinner, but I would be happy to return for brunch, as it seems that is what they specialize in","sales@palihotelseattle.com","","",""
"Terra Plata","1501 Melrose Ave, Seattle, WA 98122, USA","(206) 325-1501","http://terraplata.com/","https://maps.google.com/?cid=16645826047934183778&g_mp=CiVnb29nbGUubWFwcy5wbGFjZXMudjEuUGxhY2VzLkdldFBsYWNlEAIYBCAA","4.3","1563","5","5","0","4","Ron Sankey","4","Overall this was a good experience. Went here with a large group from work and I didn't set it up, so I don't know what","info@terraplata.com","","",""
"Il Terrazzo Carmine","411 1st Ave S, Seattle, WA 98104, USA","(206) 467-7797","https://www.ilterrazzocarmine.com/","https://maps.google.com/?cid=3057006710500015965&g_mp=CiVnb29nbGUubWFwcy5wbGFjZXMudjEuUGxhY2VzLkdldFBsYWNlEAIYBCAA","4.6","1008","5","5","0","5","Katie","5","This is hands down my absolute favorite Italian restaurant in all of Seattle. I have come here probably around 5-6 times","reka@carminesignaturegroup.com","","",""
"Spinasse","1531 14th Ave, Seattle, WA 98122, USA","(206) 251-7673","https://spinasse.com/","https://maps.google.com/?cid=18428291135824120134&g_mp=CiVnb29nbGUubWFwcy5wbGFjZXMudjEuUGxhY2VzLkdldFBsYWNlEAIYBCAA","4.5","1593","5","5","0","5","Allen Vu","5","Was well worth the wait for a reservation to open up.  We went to celebrate a birthday the day after Christmas and this","info@spinasse.com","","",""
"Ben Paris","130 Pike St, Seattle, WA 98101, USA","(206) 513-7303","http://benparis.com/","https://maps.google.com/?cid=6746491107621232326&g_mp=CiVnb29nbGUubWFwcy5wbGFjZXMudjEuUGxhY2VzLkdldFBsYWNlEAIYBCAA","4.3","1087","5","5","0","4","Stephanie","4","Service and drinks were yummy! Good selection to choose from.  Short rib pasta was savory and delicious. It was almost o","info@benparis.com","","",""
"Tulio","1100 5th Ave, Seattle, WA 98101, USA","(206) 624-5500","https://www.tulio.com/","https://maps.google.com/?cid=618873675092854591&g_mp=CiVnb29nbGUubWFwcy5wbGFjZXMudjEuUGxhY2VzLkdldFBsYWNlEAIYBCAA","4.4","1153","5","5","0","4","Jayes L","4","Food was good and well executed, and the atmosphere was lively and energetic, making it a fun place to dine. Service and","info@tulio.com","","",""
"Jake's Grill","611 SW 10th Ave, Portland, OR 97205, USA","(503) 220-1850","https://www.jakesgrill.com/","https://maps.google.com/?cid=9811357380167044301&g_mp=CiVnb29nbGUubWFwcy5wbGFjZXMudjEuUGxhY2VzLkdldFBsYWNlEAIYBCAA","4.4","2255","5","5","2","1","Sunny Lan (HYL)","1","Terrible service and overcooked steak. Asked the server if she has any recommendations for wine, she answered no, there","info@jakesgrill.com","","",""
"Departure Restaurant + Lounge","525 SW Morrison St 15th Floor 15th Floor, Portland, OR 97204, USA","(503) 802-5370","https://www.departureportland.com/","https://maps.google.com/?cid=1532891992231636005&g_mp=CiVnb29nbGUubWFwcy5wbGFjZXMudjEuUGxhY2VzLkdldFBsYWNlEAIYBCAA","4.3","2563","5","5","2","2","Josie C","2","We enjoyed our duck experience on Dec 30th  with our out of town hotel guests. Everything was superb, as usual, except t","info@departureportland.com","","",""
"Luc Lac Vietnamese Kitchen","835 SW 2nd Ave, Portland, OR 97204, USA","(503) 222-0047","http://www.luclackitchen.com/","https://maps.google.com/?cid=11849354532108914595&g_mp=CiVnb29nbGUubWFwcy5wbGFjZXMudjEuUGxhY2VzLkdldFBsYWNlEAIYBCAA","4.4","6705","5","5","1","2","Jon Mendoza","2","Sadly this place is now a shadow of its former self. This used to be one of our favorite spots in Portland but while som","office@luclackitchen.com","","",""
"Street & Co","33 Wharf St, Portland, ME 04101, USA","(207) 775-0887","http://www.streetandcompany.net/","https://maps.google.com/?cid=15560941795191556100&g_mp=CiVnb29nbGUubWFwcy5wbGFjZXMudjEuUGxhY2VzLkdldFBsYWNlEAIYBCAA","4.6","1622","5","5","1","2","Natthanunkorn Yindeeshup","2","This is my 5th time at this Restaurant and we decided to have dinner here for our anniversary… i know the place and food","user@domain.com","","",""
"Grassa","1205 SW Washington St, Portland, OR 97205, USA","(503) 241-1133","https://www.grassapdx.com/","https://maps.google.com/?cid=1776315565982441391&g_mp=CiVnb29nbGUubWFwcy5wbGFjZXMudjEuUGxhY2VzLkdldFBsYWNlEAIYBCAA","4.4","2559","5","5","1","2","Grant G","2","I’ve eaten a lot of pasta. Like numerous months in Italy getting fat. Now I don’t expect Italy quality or even flavor bu","grassapdx@gmail.com","","",""
"Jake's Famous Crawfish","401 SW 12th Ave, Portland, OR 97205, USA","(503) 226-1419","https://www.jakesfamous.com/","https://maps.google.com/?cid=6965611784503511941&g_mp=CiVnb29nbGUubWFwcy5wbGFjZXMudjEuUGxhY2VzLkdldFBsYWNlEAIYBCAA","4.5","4319","5","5","1","3","ChooMama","3","We had 6pm reservations for Thanksgiving dinner here. We did not get seated until closer to 6:30. We were not informed o","info@jakesfamous.com","","",""
"Arden Restaurant Portland","417 NW 10th Ave, Portland, OR 97209, USA","(503) 206-6097","https://www.ardenpdx.com/","https://maps.google.com/?cid=421449594404653546&g_mp=CiVnb29nbGUubWFwcy5wbGFjZXMudjEuUGxhY2VzLkdldFBsYWNlEAIYBCAA","4.7","467","5","5","1","2","Connie C","2","All the dishes we had were either not cooked well, not seasoned well, not paired well, or literally burned. I can see th","info@ardenpdx.com","","",""
"Huber's Cafe","411 SW 3rd Ave, Portland, OR 97204, USA","(503) 228-5686","https://hubers.com/","https://maps.google.com/?cid=11631312517836713024&g_mp=CiVnb29nbGUubWFwcy5wbGFjZXMudjEuUGxhY2VzLkdldFBsYWNlEAIYBCAA","4.6","3301","5","5","1","3","Vic A","3","Had a pretty uncomfortable time at Huber’s Cafe this past Saturday. I made a reservation a few weeks in advance, and was","info@hubers.com","","",""
"El Gaucho Portland","319 SW Broadway, Portland, OR 97205, USA","(503) 227-8794","https://elgaucho.com/portland/","https://maps.google.com/?cid=6107012472614185687&g_mp=CiVnb29nbGUubWFwcy5wbGFjZXMudjEuUGxhY2VzLkdldFBsYWNlEAIYBCAA","4.6","1665","5","5","1","2","katrina nails","2","My husband and I tried this place for the first time and overall it was a good experience. It was a special date night f","gdills@elgaucho.com","","",""
"Cheryl's on 12th","1135 SW Washington St, Portland, OR 97205, USA","(503) 595-2252","http://cherylson12th.com/","https://maps.google.com/?cid=17322022484779492288&g_mp=CiVnb29nbGUubWFwcy5wbGFjZXMudjEuUGxhY2VzLkdldFBsYWNlEAIYBCAA","4.5","3541","5","5","1","3","She Ash","3","This is a popular breakfast spot just off of the Pearl district.  The decor wimsy Country kitch.  The restaurant is a bi","info@cherylson12th.com","","",""
"Terra Mae","1150 NE Alberta St 2nd Floor, Portland, OR 97211, USA","(503) 782-1611","http://terramaepdx.com/","https://maps.google.com/?cid=14213141087272114852&g_mp=CiVnb29nbGUubWFwcy5wbGFjZXMudjEuUGxhY2VzLkdldFBsYWNlEAIYBCAA","4.6","224","5","5","1","2","Steve Shumate","2","My first visit to Terra Mae. I've heard good things about this place. The Portuguese Japanese fusion concept sounded int","greetings@terramaepdx.com","","",""
"Mama Mia Trattoria","439 SW 2nd Ave, Portland, OR 97204, USA","(503) 295-6464","http://www.mamamiatrattoria.com/","https://maps.google.com/?cid=18304852546017661924&g_mp=CiVnb29nbGUubWFwcy5wbGFjZXMudjEuUGxhY2VzLkdldFBsYWNlEAIYBCAA","4.3","1388","5","5","1","2","Kay38Dsheldon Peterson groff","2","Over priced, food was okay when asked portion size waitress expressed large portions! That was wrong. Talk about 1/2 por","info@mamamiatrattoria.com","","",""
"UNION Restaurant","390 Congress St, Portland, ME 04103, USA","(207) 808-8700","http://www.unionportland.com/","https://maps.google.com/?cid=3856073747793657080&g_mp=CiVnb29nbGUubWFwcy5wbGFjZXMudjEuUGxhY2VzLkdldFBsYWNlEAIYBCAA","4.4","639","5","5","1","3","Logan Bower","3","We went for my birthday and it was cute they gave a birthday card signed from the staff. Atmosphere was amazing really c","info@unionportland.com","","",""
"Din Tai Fung 鼎泰豐","700 SW 5th Ave, Portland, OR 97204, USA","(503) 336-9085","https://dtf.com/en/locations/portland","https://maps.google.com/?cid=6860019617634442512&g_mp=CiVnb29nbGUubWFwcy5wbGFjZXMudjEuUGxhY2VzLkdldFBsYWNlEAIYBCAA","4.3","639","5","5","1","1","Ally Brooke","1","The location is nice. And this is my review for all locations if the food is the same. Very bland. The cucumbers were co","info@dtf.com","","",""
"Central Provisions","414 Fore St, Portland, ME 04101, USA","(207) 805-1085","http://www.central-provisions.com/","https://maps.google.com/?cid=14893614304826742767&g_mp=CiVnb29nbGUubWFwcy5wbGFjZXMudjEuUGxhY2VzLkdldFBsYWNlEAIYBCAA","4.6","1731","5","5","1","3","alana pinard","3","We made reservations for a Monday evening for my husband’s birthday. We were sat immediately even being about 10minutes","info@central-provisions.com","","",""
"Dough Zone Dumpling House Portland","1910 S River Dr, Portland, OR 97201, USA","(503) 446-3500","https://www.doughzonedumplinghouse.com/","https://maps.google.com/?cid=16576582148784468158&g_mp=CiVnb29nbGUubWFwcy5wbGFjZXMudjEuUGxhY2VzLkdldFBsYWNlEAIYBCAA","4.3","1279","5","5","1","3","Stephanie Lau","3","Food was great, but the service left more to be desired. We checked in to the online waitlist as they requested, but it","info@doughzonedumplinghouse.com","","",""
"Grits N' Gravy","215 SW 6th Ave, Portland, OR 97204, USA","(503) 227-3903","https://gritsngravypdx.com/","https://maps.google.com/?cid=17725281476728194355&g_mp=CiVnb29nbGUubWFwcy5wbGFjZXMudjEuUGxhY2VzLkdldFBsYWNlEAIYBCAA","4.6","1947","5","5","1","2","Factsn Finds","2","From a food critic’s perspective, this restaurant is rich in personality and ambition. The spray-painted T-shirts on dis","brandon@mumbogumbopdx.com","","",""
"Pastini","911 SW Taylor St, Portland, OR 97205, USA","(503) 863-5188","http://www.pastini.com/","https://maps.google.com/?cid=2370779483037017835&g_mp=CiVnb29nbGUubWFwcy5wbGFjZXMudjEuUGxhY2VzLkdldFBsYWNlEAIYBCAA","4.3","1695","5","5","1","3","Bryan “Dad of 4”","3","I recently dined at Pastini, and overall the experience was mixed. From the outside, the restaurant does not come across","info@pastini.com","","",""
"Gracie's","729 SW 15th Ave, Portland, OR 97205, USA","(503) 248-7082","https://www.hoteldeluxe.com/dining/","https://maps.google.com/?cid=15328030089745517983&g_mp=CiVnb29nbGUubWFwcy5wbGFjZXMudjEuUGxhY2VzLkdldFBsYWNlEAIYBCAA","4.2","434","5","5","1","3","Patrick Leung","3","This review is for brunch only at Gracie’s. We had dinner previously and I would give higher rating on their dinner.  Fo","info@hoteldeluxeportland.com","","",""
"Clarklewis Restaurant","1001 SE Water Ave, Portland, OR 97214, USA","(503) 235-2294","https://www.clarklewispdx.com/","https://maps.google.com/?cid=5462817567993841974&g_mp=CiVnb29nbGUubWFwcy5wbGFjZXMudjEuUGxhY2VzLkdldFBsYWNlEAIYBCAA","4.2","901","5","5","1","3","YMC","3","Service was excellent — attentive, friendly, and professional throughout the night. The staff really made the experience","events@clarklewispdx.com","","",""
"Mestizo","2910 SE Division St, Portland, OR 97202, USA","(503) 384-2273","http://www.mestizopdx.com/","https://maps.google.com/?cid=16048689395630645055&g_mp=CiVnb29nbGUubWFwcy5wbGFjZXMudjEuUGxhY2VzLkdldFBsYWNlEAIYBCAA","4.6","494","5","5","1","3","Faye Comer","3","We made a reservation for the patio, but once we arrived realized it was the outdoor seating on Division. They were kind","mestizoportland@gmail.com","","",""
"High Horse","520 SW Broadway, Portland, OR 97205, USA","(503) 552-2218","https://www.highhorsepdx.com/","https://maps.google.com/?cid=16447037805140142659&g_mp=CiVnb29nbGUubWFwcy5wbGFjZXMudjEuUGxhY2VzLkdldFBsYWNlEAIYBCAA","4","95","5","5","1","1","Rosy H","1","Pulled up for a nightcap feeling cute, car shining, ready for a smooth moment. I eased into the valet area and… nothing.","info@highhorsepdx.com","","",""
"Han Oak Restaurant","511 NE 24th Ave, Portland, OR 97232, USA","(971) 255-0032","http://www.hanoakpdx.com/","https://maps.google.com/?cid=10015307578736762207&g_mp=CiVnb29nbGUubWFwcy5wbGFjZXMudjEuUGxhY2VzLkdldFBsYWNlEAIYBCAA","4.5","796","5","5","1","3","loneoceans","3","We were really excited to finally try Han Oak after years of hearing great things. While the food was decent, it ultimat","info@hanoakpdx.com","","",""
"The Star Portland","1309 NW Hoyt St, Portland, OR 97209, USA","(503) 300-7827","https://www.thestarportland.com/?utm_source=google-gmb-maps&utm_medium=gmb-website-button&utm_campaign=locl.io&utm_content=8bef601b-b06d-46fe-9718-811f8f5a9476","https://maps.google.com/?cid=4485697165527332564&g_mp=CiVnb29nbGUubWFwcy5wbGFjZXMudjEuUGxhY2VzLkdldFBsYWNlEAIYBCAA","4.5","947","5","5","1","3","Rosa Gutierrez","3","I'm kinda neutral on this spot.. nothing stood out to me for me to boast about. The place was nice, the pizza was good,","star-portland-single-gold_red@3x.webp","","",""
"Nong's Khao Man Gai (Downtown)","417 SW 13th Ave, Portland, OR 97205, USA","(503) 208-2402","http://khaomangai.com/","https://maps.google.com/?cid=11507074826891959327&g_mp=CiVnb29nbGUubWFwcy5wbGFjZXMudjEuUGxhY2VzLkdldFBsYWNlEAIYBCAA","4.5","925","5","5","1","1","Yule Show","1","Where is the chicken skin? We all know Chinese and Thai people eat chicken skin. In East Asia, any boiled or steamed chi","info@khaomangai.com","","",""
"Lechon","113 SW Naito Pkwy, Portland, OR 97204, USA","(503) 219-9000","http://lechonpdx.com/","https://maps.google.com/?cid=10107566994316026154&g_mp=CiVnb29nbGUubWFwcy5wbGFjZXMudjEuUGxhY2VzLkdldFBsYWNlEAIYBCAA","4.7","2391","5","5","0","5","Ashli V","5","Anything gluten free gets my interest right off the bat. This place has so many amazing options for those allergies and","info@lechonpdx.com","","",""
"DiMillo's On the Water","25 Long Wharf, Portland, ME 04101, USA","(207) 772-2216","https://www.dimillos.com/","https://maps.google.com/?cid=15967892167441552385&g_mp=CiVnb29nbGUubWFwcy5wbGFjZXMudjEuUGxhY2VzLkdldFBsYWNlEAIYBCAA","4.5","6074","5","5","0","4","Amanda Fossum","4","I would say you’re definitely going here for the ambiance and the experience of dining somewhere unique. The decor was v","info@dimillos.com","","",""
"Q Restaurant & Bar","828 SW 2nd Ave, Portland, OR 97204, USA","(503) 850-8915","http://q-portland.com/?utm_source=google-gmb-maps&utm_medium=gmb-website-button&utm_campaign=locl.io&utm_content=2445e5f5-8a8f-4d47-a4f9-a5850a66c9c0","https://maps.google.com/?cid=6593202195607173994&g_mp=CiVnb29nbGUubWFwcy5wbGFjZXMudjEuUGxhY2VzLkdldFBsYWNlEAIYBCAA","4.7","1555","5","5","0","5","Sam Bracamonte","5","Q Restaurant & Bar is absolutely delightful! The food was incredible - the poached egg salad was perfection and the fett","info@q-portland.com","","",""
"Portland City Grill","111 SW 5th Ave 30th Floor, Portland, OR 97204, USA","(503) 450-0030","https://www.portlandcitygrill.com/","https://maps.google.com/?cid=6983450090413321676&g_mp=CiVnb29nbGUubWFwcy5wbGFjZXMudjEuUGxhY2VzLkdldFBsYWNlEAIYBCAA","4.5","7918","5","5","0","4","Chanda Mitchell","4","This restaurant was a truly exciting experience. It was very 'out of the ordinary' and we had a wonderful time. The serv","info@portlandcitygrill.com","","",""
"Screen Door Eastside","2337 E Burnside St, Portland, OR 97214, USA","(503) 542-0880","https://screendoorrestaurant.com/east-side/","https://maps.google.com/?cid=9657599113001754934&g_mp=CiVnb29nbGUubWFwcy5wbGFjZXMudjEuUGxhY2VzLkdldFBsYWNlEAIYBCAA","4.7","7604","5","5","0","4","Leander Vandefen","4","I had the Lowcountry Shrimp and Grits. The addition of two over medium eggs really elevated the experience, combining we","user@domain.com","","",""
"Farmhouse Kitchen Thai Cuisine | Pearl District","121 NW 9th Ave, Portland, OR 97209, USA","(971) 754-4966","https://farmhousethai.com/pearl-district?utm_source=google","https://maps.google.com/?cid=12084191215586592971&g_mp=CiVnb29nbGUubWFwcy5wbGFjZXMudjEuUGxhY2VzLkdldFBsYWNlEAIYBCAA","4.9","7837","5","5","0","5","eddie Tan","5","Absolutely loved our meal at Farmer House Kitchen Thai Cuisine in Portland.  The food was outstanding across the board.","info@farmhousethai.com","","",""
"Screen Door Pearl District","1131 NW Couch St, Portland, OR 97209, USA","(503) 542-0882","https://screendoorrestaurant.com/","https://maps.google.com/?cid=2574505151415432726&g_mp=CiVnb29nbGUubWFwcy5wbGFjZXMudjEuUGxhY2VzLkdldFBsYWNlEAIYBCAA","4.6","1672","5","5","0","4","Brianna Ash","4","Their food is definitely not in question here.  I got their chicken and waffles and i was blown away. At first, I was sa","user@domain.com","","",""
"ViA VECCHiA","10 Dana St, Portland, ME 04101, USA","(207) 407-7070","https://vvoldport.com/?utm_source=google&utm_medium=mybusiness","https://maps.google.com/?cid=6619357089779989508&g_mp=CiVnb29nbGUubWFwcy5wbGFjZXMudjEuUGxhY2VzLkdldFBsYWNlEAIYBCAA","4.5","1071","5","5","0","4","Linda M","4","This place was packed on a midweek mid-November and I understand why: good food, great atmosphere.  The prices are high","info@vvoldport.com","","",""
"Southpark Seafood","901 SW Salmon St, Portland, OR 97205, USA","(503) 326-1300","https://southparkseafood.com/","https://maps.google.com/?cid=6742580048429590553&g_mp=CiVnb29nbGUubWFwcy5wbGFjZXMudjEuUGxhY2VzLkdldFBsYWNlEAIYBCAA","4.4","2896","5","5","0","4","Eric Chavez","4","Great experience overall!! Our server, Ricky, was very professional and top of her game!!! Atmosphere was pleasant, just","jason.gerlt@southparkseafood.com","","",""
"Queen Mama's Kitchen","406 SW Oak St, Portland, OR 97204, USA","(971) 864-4444","https://queenmamaskitchen.com/?utm_source=google","https://maps.google.com/?cid=10460142581866878375&g_mp=CiVnb29nbGUubWFwcy5wbGFjZXMudjEuUGxhY2VzLkdldFBsYWNlEAIYBCAA","4.8","573","5","5","0","5","amb","5","I stopped at this Saudi Arabian restaurant in downtown Portland during a layover and ended up really impressed. I ordere","info@queenmamaskitchen.com","","",""
"Mucca Osteria","1022 SW Morrison St, Portland, OR 97205, USA","(503) 227-5521","http://www.muccaosteria.com/?utm_source=google-gmb-maps&utm_medium=gmb-website-button&utm_campaign=locl.io&utm_content=311284b5-a632-46cd-949e-792c10c37b42","https://maps.google.com/?cid=15088642687699123993&g_mp=CiVnb29nbGUubWFwcy5wbGFjZXMudjEuUGxhY2VzLkdldFBsYWNlEAIYBCAA","4.7","808","5","5","0","4","Scott Besemann","4","Service is the best you'll experience. Floor staff is attentive, friendly, and helpful. Great experience. Only note woul","inquiries@muccaosteria.com","","",""
"Olympia Provisions","107 SE Washington St, Portland, OR 97214, USA","(503) 954-3663","https://www.olympiaprovisions.com/","https://maps.google.com/?cid=1157787888973979999&g_mp=CiVnb29nbGUubWFwcy5wbGFjZXMudjEuUGxhY2VzLkdldFBsYWNlEAIYBCAA","4.6","1500","5","5","0","5","T Boyle","5","Had family in town with their kiddos and we wanted to do a night out. OP was the perfect choice. The staff was great get","info@olympiaprovisions.com","","",""
"Piattino","1140 NW Everett St, Portland, OR 97209, USA","(971) 983-8000","https://piattinopdx.com/","https://maps.google.com/?cid=17619554407059949433&g_mp=CiVnb29nbGUubWFwcy5wbGFjZXMudjEuUGxhY2VzLkdldFBsYWNlEAIYBCAA","4.7","1231","5","5","0","5","Emma Tetlow","5","Sat at the bar with Zach. He was GREAT! Food was so delicious, light but filling. Which I love when I’m going for Italia","info@piattinopdx.com","","",""
"Mother's Bistro & Bar","121 SW 3rd Ave, Portland, OR 97204, USA","(503) 464-1122","http://www.mothersbistro.com/?utm_source=google-gmb-maps&utm_medium=gmb-website-button&utm_campaign=locl.io&utm_content=fa4c848e-bbb0-45b3-a639-e4ac5a93d41f","https://maps.google.com/?cid=9802941991473875057&g_mp=CiVnb29nbGUubWFwcy5wbGFjZXMudjEuUGxhY2VzLkdldFBsYWNlEAIYBCAA","4.6","5438","5","5","0","4","Derrik Ammons","4","They ran out of dumplings for my chicken and dumplings, but it was still delicious served wish mashed potatoes, and I de","info@mothersbistro.com","","",""
"Bullard Tavern","813 SW Alder St, Portland, OR 97205, USA","(503) 222-1670","https://www.bullardpdx.com/","https://maps.google.com/?cid=5207126706087217289&g_mp=CiVnb29nbGUubWFwcy5wbGFjZXMudjEuUGxhY2VzLkdldFBsYWNlEAIYBCAA","4.5","711","5","5","0","5","Omer Porus","5","After eating here two days in a row, I can confidently say the food at Bullard Tavern is absolutely amazing, especially","holler@hollerhospitality.com","","",""
"Lilia Comedor","422 NW 8th Ave, Portland, OR 97209, USA","(503) 984-0828","http://www.liliapdx.com/?utm_source=google&utm_medium=wix_google_business_profile&utm_campaign=10116908362801027932","https://maps.google.com/?cid=18351935091715351956&g_mp=CiVnb29nbGUubWFwcy5wbGFjZXMudjEuUGxhY2VzLkdldFBsYWNlEAIYBCAA","4.7","282","5","5","0","4","Ms May","4","Lilia Comedor crafts dishes with the precision of a jeweler-each plate a miniature masterpiece where every ingredient fe","info@liliapdx.com","","",""
"Urdaneta","3033 NE Alberta St, Portland, OR 97211, USA","(503) 288-1990","http://urdanetapdx.com/?utm_source=google-gmb-maps&utm_medium=gmb-website-button&utm_campaign=locl.io&utm_content=c7f735f4-6328-4caf-9665-b2fdfaf42804","https://maps.google.com/?cid=12093383493040624214&g_mp=CiVnb29nbGUubWFwcy5wbGFjZXMudjEuUGxhY2VzLkdldFBsYWNlEAIYBCAA","4.8","862","5","5","0","5","mona h (Monahonly)","5","Urdaneta is a masterclass in intimate, high-end dining. We booked two weeks out for a birthday celebration, and it was w","info@urdanetapdx.com","","",""
"Xin Ding Dumpling House 鑫鼎轩 - Downtown Portland","71 SW 2nd Ave, Portland, OR 97204, USA","(503) 345-7777","https://www.xindingdumplinghouse.com/","https://maps.google.com/?cid=9350951092722537719&g_mp=CiVnb29nbGUubWFwcy5wbGFjZXMudjEuUGxhY2VzLkdldFBsYWNlEAIYBCAA","4.5","774","5","5","0","4","rasberri jam","4","A great spot for dumplings! Family revisited this restaurant for Chinese New Year after going in June of 2025 and thorou","info@xindingdumplinghouse.com","","",""
"Bellpine","900 SW Washington St, Portland, OR 97205, USA","(971) 900-4442","https://www.bellpinepdx.com/?scid=feed67b0-9a2f-4de1-8df6-114544116108","https://maps.google.com/?cid=1428035430725370194&g_mp=CiVnb29nbGUubWFwcy5wbGFjZXMudjEuUGxhY2VzLkdldFBsYWNlEAIYBCAA","4.2","223","5","5","0","4","Jeff Pollock","4","Update 12-21-25: we went back as just a couple. Got to sit by the window. Views were fantastic. Noise level was high aga","rc.pdxrz.bellpine@ritzcarlton.com","","",""
"Shalom Y'all","117 SE Taylor St #101, Portland, OR 97214, USA","(503) 208-3661","http://www.shalomyallpdx.com/?utm_source=google-gmb-maps&utm_medium=gmb-website-button&utm_campaign=locl.io&utm_content=1e7967f7-164b-40c4-8d50-5ed83ed84e64","https://maps.google.com/?cid=1718632676023178685&g_mp=CiVnb29nbGUubWFwcy5wbGFjZXMudjEuUGxhY2VzLkdldFBsYWNlEAIYBCAA","4.6","1479","5","5","0","4","Josh Lyman","4","Was excited to come to Shalom Y’all having been to both MEC and Yalla already. I had high hopes, and while we enjoyed ou","info@shalomyallpdx.com","","",""
"kann","548 SE Ash St, Portland, OR 97214, USA","(971) 489-2202","https://kannrestaurant.com/","https://maps.google.com/?cid=4907062322004793210&g_mp=CiVnb29nbGUubWFwcy5wbGFjZXMudjEuUGxhY2VzLkdldFBsYWNlEAIYBCAA","4.5","1188","5","5","0","5","Toria King","5","One of the best culinary experiences that I have ever had. From the moment we sat down to the last bite of our dessert,","user@domain.com","","",""
"Alma","5237 NE Martin Luther King Jr Blvd, Portland, OR 97211, USA","(971) 313-9730","https://www.almapdx.com/","https://maps.google.com/?cid=16764731149483107093&g_mp=CiVnb29nbGUubWFwcy5wbGFjZXMudjEuUGxhY2VzLkdldFBsYWNlEAIYBCAA","4.6","113","5","5","0","4","Mark","4","The meal was very flavorful and presented beautifully.  However, the portions were significantly small for two people. W","user@domain.com","","",""
"Dolly Olive","527 SW 12th Ave, Portland, OR 97205, USA","(503) 719-6921","http://dollyolivepdx.com/?utm_source=google-gmb-maps&utm_medium=gmb-website-button&utm_campaign=locl.io&utm_content=607740b1-c177-4d9d-8348-0cfbeba45699","https://maps.google.com/?cid=9577811146633507627&g_mp=CiVnb29nbGUubWFwcy5wbGFjZXMudjEuUGxhY2VzLkdldFBsYWNlEAIYBCAA","4.6","574","5","5","0","4","Jasmine","4","The fettuccine was perfectly seasoned and cooked! Really liked it. Portion was a little small so we were sad how quickly","info@dollyolivepdx.com","","",""
"Constantinople Restaurant Portland","410 NW 21st Ave, Portland, OR 97209, USA","(971) 940-4660","https://www.constantinoplerestaurant.com/","https://maps.google.com/?cid=2952752857875041064&g_mp=CiVnb29nbGUubWFwcy5wbGFjZXMudjEuUGxhY2VzLkdldFBsYWNlEAIYBCAA","4.8","474","5","5","0","5","Frank Chiu","5","What an amazing meal! We enjoyed the variety of options on the menu (not your typical Mediterranean food), every dish wa","user@domain.com","","",""
"Higgins","1239 SW Broadway, Portland, OR 97205, USA","(503) 222-9070","http://higginsportland.com/","https://maps.google.com/?cid=17427190921001690893&g_mp=CiVnb29nbGUubWFwcy5wbGFjZXMudjEuUGxhY2VzLkdldFBsYWNlEAIYBCAA","4.5","1348","5","5","0","4","Rachael Taylor","4","This place had great service,  possibly the best I've ever had! The waiter staff, bartender, people from the kitchen, al","info@higginsportland.com","","",""
"DarSalam Restaurant & Catering (Downtown)","320 SW Alder St, Portland, OR 97204, USA","(503) 444-7813","http://darsalamrestaurant.com/","https://maps.google.com/?cid=13371392444553920928&g_mp=CiVnb29nbGUubWFwcy5wbGFjZXMudjEuUGxhY2VzLkdldFBsYWNlEAIYBCAA","4.7","1366","5","5","0","5","Allen Raines","5","Went for a friend's birthday party dinner and found new friends and happiness. Probably the best service I've ever had a","darsalamrestaurant@gmail.com","","",""
"Urban Farmer Portland","525 SW Morrison St, Portland, OR 97204, USA","(503) 222-5700","https://www.urbanfarmersteakhouse.com/","https://maps.google.com/?cid=13816995012983544053&g_mp=CiVnb29nbGUubWFwcy5wbGFjZXMudjEuUGxhY2VzLkdldFBsYWNlEAIYBCAA","4.3","1050","5","5","0","5","Sharyn Inzunza","5","We experienced Urban Farmer four ways over two days.  One Friday night dinner: Great table and long banquettes under the","info@urbanfarmersteakhouse.com","","",""
"Casa Zoraya","841 N Lombard St, Portland, OR 97217, USA","(503) 384-2455","https://www.casazorayapdx.com/","https://maps.google.com/?cid=270493928617608927&g_mp=CiVnb29nbGUubWFwcy5wbGFjZXMudjEuUGxhY2VzLkdldFBsYWNlEAIYBCAA","4.8","734","5","5","0","5","Alexander Padden","5","Absolutely wonderful Valentine’s Day experience with my wife. The service was great, the patio was beautifully decorated","casazorayapdx@gmail.com","","",""
"Campana","901 NE Oneonta St, Portland, OR 97211, USA","(503) 841-6195","https://www.campanapdx.com/","https://maps.google.com/?cid=1178744219168127200&g_mp=CiVnb29nbGUubWFwcy5wbGFjZXMudjEuUGxhY2VzLkdldFBsYWNlEAIYBCAA","4.7","786","5","5","0","5","Alessondra Eckstrom","5","Lovely. Delicious. We had a cozy and very enjoyable meal at Campana. We had the meatballs, arrabbiata, arugula salad and","info@campanapdx.com","","",""
"Hot Suppa","703 Congress St, Portland, ME 04102, USA","(207) 871-5005","http://www.hotsuppa.com/","https://maps.google.com/?cid=8292289507814938786&g_mp=CiVnb29nbGUubWFwcy5wbGFjZXMudjEuUGxhY2VzLkdldFBsYWNlEAIYBCAA","4.7","2287","5","5","0","5","Brandon Sebastien","5","i have not had breakfast this good in a while!!! it was great everything was perfect. We were treated with so much respe","cr.hotsuppa@gmail.com","","",""
"Black Star Grill","110 NW 10th Ave, Portland, OR 97209, USA","(503) 206-5993","https://www.blackstargrill.com/","https://maps.google.com/?cid=4081985843179692394&g_mp=CiVnb29nbGUubWFwcy5wbGFjZXMudjEuUGxhY2VzLkdldFBsYWNlEAIYBCAA","4.8","250","5","5","0","5","ginger chris","5","The sauces. The vegetarian black eye pea stew. The plantains. Almost queue ethereal music good.  Great food loved beef l","info@blackstargrill.com","","",""
"Habibi Restaurant","1012 SW Morrison St, Portland, OR 97205, USA","(503) 274-0628","http://habibirestaurantpdx.com/","https://maps.google.com/?cid=5113020930850532625&g_mp=CiVnb29nbGUubWFwcy5wbGFjZXMudjEuUGxhY2VzLkdldFBsYWNlEAIYBCAA","4.4","975","5","5","0","4","j bucky","4","I don’t normally give a 4 star. Its either 1 or 5 but I feel its too harsh to drop this to 1 when its very comparable to","info@habibirestaurantpdx.com","","",""
"Double Dragon","1235 SE Division St, Portland, OR 97202, USA","(503) 230-8340","http://www.doubledragonpdx.com/","https://maps.google.com/?cid=936855984507714690&g_mp=CiVnb29nbGUubWFwcy5wbGFjZXMudjEuUGxhY2VzLkdldFBsYWNlEAIYBCAA","4.5","1149","5","5","0","5","Karl Whinnery","5","Rad Portland bar. Great atmosphere. Rad staff.  Delicious food - the corn ribs were a really fun surprise. Burger was so","user@domain.com","","",""
"Besaws","1545 NW 21st Ave, Portland, OR 97209, USA","(503) 228-2619","http://www.besaws.com/","https://maps.google.com/?cid=4636563694925340965&g_mp=CiVnb29nbGUubWFwcy5wbGFjZXMudjEuUGxhY2VzLkdldFBsYWNlEAIYBCAA","4.3","1620","5","5","0","4","Elizabeth Thomas","4","My first time dining at Besaws and I’m so glad we went!  I’ll start with the one challenge — parking. The location in NW","user@domain.com","","",""
"Love Belizean","1503 SW Broadway, Portland, OR 97201, USA","(503) 421-5599","https://twitter.com/LoveBelizeanPDX","https://maps.google.com/?cid=1877331389154935101&g_mp=CiVnb29nbGUubWFwcy5wbGFjZXMudjEuUGxhY2VzLkdldFBsYWNlEAIYBCAA","4.9","410","5","5","0","5","Diana M","5","We were hungry for lunch after driving down from Washington and exploring Portland all morning. I have never had Belizea","info@twitter.com","","",""
"Carmine's Italian Restaurant - Las Vegas","Forum Shops At Caesars, 3500 S Las Vegas Blvd, Las Vegas, NV 89109, USA","(702) 473-9700","http://www.carminesnyc.com/","https://maps.google.com/?cid=12797009336151401504&g_mp=CiVnb29nbGUubWFwcy5wbGFjZXMudjEuUGxhY2VzLkdldFBsYWNlEAIYBCAA","4.5","5570","5","5","2","1","M4l2K T4N","1","Wanted to try this place never since I walked past it several times and saw the beautiful deco and great vibes from the","info@carminesnyc.com","","",""
"Cafe Americano at Caesars Palace","3570 S Las Vegas Blvd, Las Vegas, NV 89109, USA","(702) 650-5921","https://www.caesars.com/caesars-palace/restaurants/cafe-americano?utm_campaign=gmb&utm_source=google&utm_medium=local&utm_term=CLV93&utm_content=restaurant&y_source=1_NDM2Njg2Ni03MTUtbG9jYXRpb24ud2Vic2l0ZQ%3D%3D","https://maps.google.com/?cid=11377997237506812984&g_mp=CiVnb29nbGUubWFwcy5wbGFjZXMudjEuUGxhY2VzLkdldFBsYWNlEAIYBCAA","4.4","4722","5","5","2","3","Amber Lee","3","Being incredibly hungry from all the winning (of $10) we were doing the night before, we decided to stop by Cafe America","info@caesars.com","","",""
"Golden Nugget Las Vegas Hotel & Casino","129 E Fremont St, Las Vegas, NV 89101, USA","(702) 385-7111","https://www.goldennugget.com/las-vegas/","https://maps.google.com/?cid=2310599181801513355&g_mp=CiVnb29nbGUubWFwcy5wbGFjZXMudjEuUGxhY2VzLkdldFBsYWNlEAIYBCAA","4.3","53604","5","5","2","1","kirsten boulter","1","We stayed 6 nights in the Scarlet Suites, Gold Tower. The first room was 1027, the second 1227. Both rooms shared the ma","info@goldennugget.com","","",""
"Caesars Palace","3570 S Las Vegas Blvd, Paradise, NV 89109, USA","(866) 227-5938","https://www.caesars.com/caesars-palace?utm_campaign=google&utm_source=google&utm_medium=local&utm_term=CLV&utm_content=hotel&y_source=1_NDM2Njg2Ny03MTUtbG9jYXRpb24ud2Vic2l0ZQ==","https://maps.google.com/?cid=8631651105269301239&g_mp=CiVnb29nbGUubWFwcy5wbGFjZXMudjEuUGxhY2VzLkdldFBsYWNlEAIYBCAA","4.5","136695","5","5","2","2","Elyse Butler","2","We chose Caesars Palace for my childhood best friend’s bachelorette because she dreamed of celebrating at a luxury, icon","info@caesars.com","","",""
"Yardbird Table & Bar","3355 S Las Vegas Blvd, Las Vegas, NV 89109, USA","(702) 297-6541","https://www.runchickenrun.com/?utm_source=google&utm_medium=Yext","https://maps.google.com/?cid=1972107998147376076&g_mp=CiVnb29nbGUubWFwcy5wbGFjZXMudjEuUGxhY2VzLkdldFBsYWNlEAIYBCAA","4.5","5418","5","5","1","3","Adam Montoya","3","Food was a 5 out of 10. All four of us thought the food was just okay. It looked scrumptious but the flavor said otherwi","info@runchickenrun.com","","",""
"Gordon Ramsay Hell's Kitchen","3570 Las Vegas Blvd S, Las Vegas, NV 89109, USA","(702) 731-7373","https://www.caesars.com/caesars-palace/restaurants/gordon-ramsay-hells-kitchen?utm_campaign=gmb&utm_source=google&utm_medium=local&utm_term=CLV101&utm_content=restaurant&y_source=1_ODkwODg0NC03MTUtbG9jYXRpb24ud2Vic2l0ZQ%3D%3D","https://maps.google.com/?cid=8539918260208114251&g_mp=CiVnb29nbGUubWFwcy5wbGFjZXMudjEuUGxhY2VzLkdldFBsYWNlEAIYBCAA","4.4","20085","5","5","1","3","JJ Sullivan","3","Let me preferences this review by saying that I never usually leave below 5 stars, but this place is not really worth th","info@caesars.com","","",""
"Oscar's Steakhouse","1 S Main St, Las Vegas, NV 89101, USA","(702) 386-7227","https://www.plazahotelcasino.com/dining/oscars-steakhouse/","https://maps.google.com/?cid=9338473781609965862&g_mp=CiVnb29nbGUubWFwcy5wbGFjZXMudjEuUGxhY2VzLkdldFBsYWNlEAIYBCAA","4.5","2233","5","5","1","3","A Kharodia","3","Atmosphere is classic‑Vegas glamour: the décor, lighting, memorabilia, glass dome, etc., give it a nostalgic steakhouse","info@plazahotelcasino.com","","",""
"Hammered Harry's Las Vegas","450 Fremont St #140, Las Vegas, NV 89101, USA","(725) 205-3813","https://hammeredharrys.com/locations/las-vegas-fremont-st/","https://maps.google.com/?cid=8173629199101132469&g_mp=CiVnb29nbGUubWFwcy5wbGFjZXMudjEuUGxhY2VzLkdldFBsYWNlEAIYBCAA","4.7","1608","5","5","1","1","Mr. Brandonn","1","Up till recently this place was one of my top picks of places to bring friends after they got off work when I was in Veg","james@gobestbiz.com","","",""
"Off the Strip The LINQ Hotel + Experience","The Linq, 3535 Las Vegas Blvd S, Las Vegas, NV 89109, USA","(702) 331-6800","https://www.caesars.com/linq/restaurants/off-the-strip?utm_campaign=gmb&utm_source=google&utm_medium=local&utm_term=ILV1&utm_content=restaurant&y_source=1_MTAzMTE1Njk4NC03MTUtbG9jYXRpb24ud2Vic2l0ZQ%3D%3D","https://maps.google.com/?cid=15977638470096912218&g_mp=CiVnb29nbGUubWFwcy5wbGFjZXMudjEuUGxhY2VzLkdldFBsYWNlEAIYBCAA","4.3","2787","5","5","1","3","Shannon Jackson","3","Chicken Parmesan was MASSIVE. Flavor of the chicken was good, but the marinara was spicy and that was a little off topic","info@caesars.com","","",""
"Gordon Ramsay Burger Flamingo","Las Vegas Blvd S, Las Vegas, NV 89109, USA","(702) 784-7195","https://www.caesars.com/flamingo-las-vegas/restaurants/gordon-ramsay-burger","https://maps.google.com/?cid=17650953007446097806&g_mp=CiVnb29nbGUubWFwcy5wbGFjZXMudjEuUGxhY2VzLkdldFBsYWNlEAIYBCAA","4.5","1927","5","5","1","3","Justin S","3","I ordered the jalapeno poppers, bleu cheese burger, and truffle fries. And a beer. Not the best. A little dry. Apparentl","info@caesars.com","","",""
"Vic & Anthony's Steakhouse","129 Fremont St, Las Vegas, NV 89101, USA","(702) 386-8399","https://www.vicandanthonys.com/location/las-vegas/","https://maps.google.com/?cid=8071382842603154320&g_mp=CiVnb29nbGUubWFwcy5wbGFjZXMudjEuUGxhY2VzLkdldFBsYWNlEAIYBCAA","4.6","1951","5","5","1","3","Angela Hoi","3","Came here for a corporate dinner. We had lobster bisque, scallops, oysters, crab cake to start, followed by A5 Japanese","info@vicandanthonys.com","","",""
"Hash House A Go Go","1 S Main St, Las Vegas, NV 89101, USA","(702) 384-4646","https://plaza.hashhouseagogo.com/","https://maps.google.com/?cid=5492557070599592953&g_mp=CiVnb29nbGUubWFwcy5wbGFjZXMudjEuUGxhY2VzLkdldFBsYWNlEAIYBCAA","4.5","4211","5","5","1","1","Paul Martin","1","I almost never complain about food at a restaurant, but I just left Hash House and told the waiter that the meatloaf was","info@plaza.hashhouseagogo.com","","",""
"La Mona Rosa","100 S 6th St, Las Vegas, NV 89101, USA","(702) 600-3196","http://lamonarosalv.com/?utm_source=GMB","https://maps.google.com/?cid=2800898396128474280&g_mp=CiVnb29nbGUubWFwcy5wbGFjZXMudjEuUGxhY2VzLkdldFBsYWNlEAIYBCAA","4.4","508","5","5","1","3","Victoria Marie","3","Came for brunch and ordered the chilaquiles verde and bottomless mimosas. The mimosas were strong and served made sure t","user@domain.com","","",""
"Café Hollywood at Planet Hollywood Resort & Casino","3667 S Las Vegas Blvd, Las Vegas, NV 89109, USA","(702) 732-1222","http://www.thecafehollywood.com/?y_source=1_NDgxNzY4My03MTUtbG9jYXRpb24ud2Vic2l0ZQ%3D%3D","https://maps.google.com/?cid=2167165669434038650&g_mp=CiVnb29nbGUubWFwcy5wbGFjZXMudjEuUGxhY2VzLkdldFBsYWNlEAIYBCAA","4.2","3839","5","5","1","3","Marco Metzger","3","I ate at Cafe Hollywood inside Planet Hollywood during my stay, and the location is extremely convenient. The menu is la","info@thecafehollywood.com","","",""
"Le Cirque","Bellagio Hotel & Casino, 3600 S Las Vegas Blvd, Las Vegas, NV 89109, USA","(702) 693-8100","https://bellagio.mgmresorts.com/en/restaurants/le-cirque.html?ecid=GMB","https://maps.google.com/?cid=10743306609308335518&g_mp=CiVnb29nbGUubWFwcy5wbGFjZXMudjEuUGxhY2VzLkdldFBsYWNlEAIYBCAA","4.6","733","5","5","1","3","Arturs Mons","3","The service and ambiance at Le Cirque in the Bellagio are great — elegant, attentive, and exactly what you’d expect from","info@bellagio.mgmresorts.com","","",""
"Vic's Supper Club","355 Promenade Pl, Las Vegas, NV 89106, USA","(725) 755-5299","https://vicslasvegas.com/","https://maps.google.com/?cid=17634389405858271165&g_mp=CiVnb29nbGUubWFwcy5wbGFjZXMudjEuUGxhY2VzLkdldFBsYWNlEAIYBCAA","4.5","448","5","5","1","3","Pamela Nelson","3","Sorry but the food was not up to pare. $68 for a bone in Rib eye. So thin with rib maybe 1p-12 oz. Shrimp cocktail was l","info@vicslasvegas.com","","",""
"Saginaw's Delicatessen","8 Fremont St, Las Vegas, NV 89101, USA","(702) 726-5506","https://www.circalasvegas.com/drink-dine/saginaws-delicatessen/?utm_source=gmb&utm_medium=organic&utm_campaign=listing","https://maps.google.com/?cid=18355255013318827865&g_mp=CiVnb29nbGUubWFwcy5wbGFjZXMudjEuUGxhY2VzLkdldFBsYWNlEAIYBCAA","3.9","674","5","5","1","2","Todd P","2","I’ve included a photo of their pastrami sandwich vs one I ordered at Sarge’s Deli in NYC for approximately the same pric","info@circalasvegas.com","","",""
"Primal Steakhouse","3542 S Maryland Pkwy, Las Vegas, NV 89169, USA","(702) 620-5103","http://primalsteakhouse.com/las-vegas","https://maps.google.com/?cid=10422291975710014896&g_mp=CiVnb29nbGUubWFwcy5wbGFjZXMudjEuUGxhY2VzLkdldFBsYWNlEAIYBCAA","4.6","1737","5","5","1","3","Ryan Frockt","3","Probably the best service I've had in a steakhouse in quite a long time.  The live music was great to. The food was mid","info@primalsteakhouse.com","","",""
"Evel Pie","508 Fremont St, Las Vegas, NV 89101, USA","(702) 840-6460","http://evelpie.com/","https://maps.google.com/?cid=18322153692160646678&g_mp=CiVnb29nbGUubWFwcy5wbGFjZXMudjEuUGxhY2VzLkdldFBsYWNlEAIYBCAA","4.6","6453","5","5","1","3","Terrence Reed","3","A very hectic, yet efficient experience. You walk in, get in line if it’s busy. You can order by the slice or order a wh","info@evelpie.com","","",""
"Peppermill Restaurant and Fireside Lounge","2985 Las Vegas Blvd S, Las Vegas, NV 89109, USA","(702) 735-4177","http://peppermilllasvegas.com/","https://maps.google.com/?cid=1654429034065460408&g_mp=CiVnb29nbGUubWFwcy5wbGFjZXMudjEuUGxhY2VzLkdldFBsYWNlEAIYBCAA","4.5","19814","5","5","0","4","Cat Evans","4","Price, location amd size of portions are great! Conveniently located right on the Strip and walking distance from many h","ksilva@peppermillcas.com","","",""
"Mon Ami Gabi","3655 S Las Vegas Blvd South, Las Vegas, NV 89109, USA","(702) 944-4224","https://www.monamigabi.com/las-vegas/?utm_source=google&utm_medium=social&utm_campaign=MAGLV-GBiz","https://maps.google.com/?cid=13999900222816266716&g_mp=CiVnb29nbGUubWFwcy5wbGFjZXMudjEuUGxhY2VzLkdldFBsYWNlEAIYBCAA","4.7","30353","5","5","0","4","Paridhi","4","One of the famous fine dine french restaurants in vegas! Did not get a patio seating despite a reservation which sucked.","info@monamigabi.com","","",""
"Sparrow + Wolf","4480 Spring Mountain Rd #100, Las Vegas, NV 89102, USA","(702) 790-2147","http://sparrowandwolflv.com/","https://maps.google.com/?cid=18098856909055944741&g_mp=CiVnb29nbGUubWFwcy5wbGFjZXMudjEuUGxhY2VzLkdldFBsYWNlEAIYBCAA","4.6","1737","5","5","0","5","Michael Witte","5","Stop the search and book the reservation.  From the moment we arrived, it was clear this restaurant operates on a differ","info@sparrowandwolflv.com","","",""
"Alexxa's","3655 S Las Vegas Blvd, Las Vegas, NV 89109, USA","(702) 331-5100","https://alexxaslasvegas.com/","https://maps.google.com/?cid=13455502381751951280&g_mp=CiVnb29nbGUubWFwcy5wbGFjZXMudjEuUGxhY2VzLkdldFBsYWNlEAIYBCAA","4.4","9060","5","5","0","4","José Miguel González Rivera","4","We went to this restaurant for lunch. We ordered the crab cake for the appetizer and one pizza and a pasta (to share). T","user@domain.com","","",""
"Water Grill Las Vegas","3500 S Las Vegas Blvd G1, Las Vegas, NV 89109, USA","(702) 832-4777","https://www.watergrill.com/vegas","https://maps.google.com/?cid=15610628224907682430&g_mp=CiVnb29nbGUubWFwcy5wbGFjZXMudjEuUGxhY2VzLkdldFBsYWNlEAIYBCAA","4.6","2194","5","5","0","4","Ashley C","4","Today, we’re experiencing Water Grill in Caesars. I love this location because you can eat and get some great shopping a","astansbery@kingsseafood.com","","",""
"Golden Steer Steakhouse Las Vegas","308 W Sahara Ave, Las Vegas, NV 89102, USA","(702) 384-4470","https://www.goldensteer.com/","https://maps.google.com/?cid=17903321302055996701&g_mp=CiVnb29nbGUubWFwcy5wbGFjZXMudjEuUGxhY2VzLkdldFBsYWNlEAIYBCAA","4.6","5709","5","5","0","4","808 Review Route","4","We recently dined at Golden Steer Steakhouse in Las Vegas and had a mixed experience overall.  We started with the escar","info@goldensteer.com","","",""
"Eiffel Tower Restaurant","3655 S Las Vegas Blvd, Las Vegas, NV 89109, USA","(702) 948-6937","http://www.eiffeltowerrestaurant.com/","https://maps.google.com/?cid=8696765933320231459&g_mp=CiVnb29nbGUubWFwcy5wbGFjZXMudjEuUGxhY2VzLkdldFBsYWNlEAIYBCAA","4.6","6307","5","5","0","4","Shane Kenny","4","Note- when you pay extra for the Iconic window table, it’s not necessarily the “iconic window table” that’s the front an","info@eiffeltowerrestaurant.com","","",""
"Carson Kitchen","124 S 6th St #100, Las Vegas, NV 89101, USA","(702) 473-9523","https://www.carsonkitchen.com/","https://maps.google.com/?cid=13055637254038743053&g_mp=CiVnb29nbGUubWFwcy5wbGFjZXMudjEuUGxhY2VzLkdldFBsYWNlEAIYBCAA","4.6","3792","5","5","0","4","Courtney Greeley","4","Carson Kitchen is a solid spot in downtown Las Vegas with a fun, lively atmosphere and a creative menu. We ordered the t","lauren@ellemktg.com","","",""
"8 East","8 Fremont St, Las Vegas, NV 89101, USA","(702) 726-5508","https://www.circalasvegas.com/drink-dine/8-east/?utm_source=gmb&utm_medium=organic&utm_campaign=listing","https://maps.google.com/?cid=8803243885999280532&g_mp=CiVnb29nbGUubWFwcy5wbGFjZXMudjEuUGxhY2VzLkdldFBsYWNlEAIYBCAA","4.7","1002","5","5","0","4","Lucy Lang","4","Location: 8 east is located on the second floor of Circa Resort & Casino on Fremont St.  Parking: $15 to park for 0-3 ho","info@circalasvegas.com","","",""
"Nobu Restaurant Las Vegas","3570 Las Vegas Blvd S, Las Vegas, NV 89109, USA","(702) 785-6628","https://www.caesars.com/caesars-palace/restaurants/nobu?utm_campaign=gmb&utm_source=google&utm_medium=local&utm_term=CLV18&utm_content=restaurant&y_source=1_NDM2Njg3NC03MTUtbG9jYXRpb24ud2Vic2l0ZQ%3D%3D","https://maps.google.com/?cid=3767937135231407065&g_mp=CiVnb29nbGUubWFwcy5wbGFjZXMudjEuUGxhY2VzLkdldFBsYWNlEAIYBCAA","4.3","2442","5","5","0","4","Vy H.","4","Overall food is good but overpriced for the quantity.  Came here Saturday night for dinner—had reservations but still ha","info@caesars.com","","",""
"Mercato Della Pescheria Las Vegas","3377 S Las Vegas Blvd Suite 2410, Las Vegas, NV 89109, USA","(702) 837-0390","https://www.mercatodellapescheria.com/las-vegas-locations/","https://maps.google.com/?cid=1152561854132269580&g_mp=CiVnb29nbGUubWFwcy5wbGFjZXMudjEuUGxhY2VzLkdldFBsYWNlEAIYBCAA","4.7","2700","5","5","0","4","Bobeccan","4","After walking around the Strip all day, we were exhausted and hungry by the time it was around 10 p.m. We were passing t","miami@mercatodellapescheria.com","","",""
"Nacho Daddy - Downtown","121 N 4th St, Las Vegas, NV 89101, USA","(702) 778-7800","http://www.nachodaddy.com/","https://maps.google.com/?cid=14565512590049271497&g_mp=CiVnb29nbGUubWFwcy5wbGFjZXMudjEuUGxhY2VzLkdldFBsYWNlEAIYBCAA","4.4","8151","5","5","0","4","Cyn-D McConkey","4","Been wanting to try this place thr last 3 visits to Vegas and this time I made it happen. Yes, I know there was another","info@nachodaddy.com","","",""
"Mother Wolf Las Vegas","2777 S Las Vegas Blvd, Las Vegas, NV 89109, USA","(702) 678-9170","https://www.motherwolflv.com/","https://maps.google.com/?cid=13497242728161290190&g_mp=CiVnb29nbGUubWFwcy5wbGFjZXMudjEuUGxhY2VzLkdldFBsYWNlEAIYBCAA","4.4","753","5","5","0","5","Henry Park","5","Every time I come to Fontainebleau, this is an absolute must-visit. Hands down one of the best Italian restaurants in La","info@motherwolflv.com","","",""
"PublicUs","1126 E Fremont St, Las Vegas, NV 89101, USA","(702) 331-5500","http://www.publicuslv.com/","https://maps.google.com/?cid=1365349470747652924&g_mp=CiVnb29nbGUubWFwcy5wbGFjZXMudjEuUGxhY2VzLkdldFBsYWNlEAIYBCAA","4.7","2766","5","5","0","5","Staci Alayvilla","5","This has to be one of my absolute favorite places to go for brunch. Only downfall is it gets very busy however the food","info@publicuslv.com","","",""
"Bacchanal Buffet","3570 Las Vegas Blvd S, Las Vegas, NV 89109, USA","(702) 731-7928","https://www.caesars.com/caesars-palace/restaurants/bacchanal-buffet?utm_campaign=gmb&utm_source=google&utm_medium=local&utm_term=CLV10&utm_content=restaurant&y_source=1_NDM2Njg2OC03MTUtbG9jYXRpb24ud2Vic2l0ZQ%3D%3D","https://maps.google.com/?cid=8725596967883348760&g_mp=CiVnb29nbGUubWFwcy5wbGFjZXMudjEuUGxhY2VzLkdldFBsYWNlEAIYBCAA","3.9","14300","5","5","0","4","EP Eats & Reviews","4","⭐⭐⭐⭐☆ (4/5)  This was my second visit to Bacchanal Buffet, but my first time actually reviewing it — and I’ll say this:","info@caesars.com","","",""
"Chin Chin Las Vegas","3790 S Las Vegas Blvd, Las Vegas, NV 89109, USA","(702) 740-6300","https://chinchin.com/location/las-vegas","https://maps.google.com/?cid=6933714666398278657&g_mp=CiVnb29nbGUubWFwcy5wbGFjZXMudjEuUGxhY2VzLkdldFBsYWNlEAIYBCAA","4.4","3825","5","5","0","5","The Mid-Watch","5","We stopped in here for a quick bite before heading to the airport and I'm so glad we did. It's located really close to t","info@chinchin.com","","",""
"Chart House","129 Fremont St, Las Vegas, NV 89101, USA","(702) 386-8364","https://www.chart-house.com/location/chart-house-las-vegas-nv/","https://maps.google.com/?cid=1567515128802449096&g_mp=CiVnb29nbGUubWFwcy5wbGFjZXMudjEuUGxhY2VzLkdldFBsYWNlEAIYBCAA","4.5","1446","5","5","0","4","Perla Calderon","4","I recently dined at Chart House and had an absolutely wonderful experience from start to finish. The food was outstandin","info@chart-house.com","","",""
"Pizza Rock","201 N 3rd St, Las Vegas, NV 89101, USA","(702) 385-0838","http://www.pizzarocklasvegas.com/","https://maps.google.com/?cid=15492167241956719853&g_mp=CiVnb29nbGUubWFwcy5wbGFjZXMudjEuUGxhY2VzLkdldFBsYWNlEAIYBCAA","4.5","8344","5","5","0","5","808 Review Route","5","Pizza Rock is easily one of my top five pizza spots. Everything we’ve tried there has been tasty and well-executed — fro","info@pizzarocklasvegas.com","","",""
"Triple George Grill","201 N 3rd St, Las Vegas, NV 89101, USA","(702) 384-2761","http://www.triplegeorgegrill.com/?utm_source=google&utm_medium=organic&utm_campaign=GMB","https://maps.google.com/?cid=5889552003423673483&g_mp=CiVnb29nbGUubWFwcy5wbGFjZXMudjEuUGxhY2VzLkdldFBsYWNlEAIYBCAA","4.5","2384","5","5","0","5","Maria Laoudikou","5","We had an outstanding dining experience at Triple George Grill in Las Vegas, and it was easily one of the best meals we","info@triplegeorgegrill.com","","",""
"Eureka! Discover American Craft","520 Fremont St, Las Vegas, NV 89101, USA","(702) 570-3660","https://eurekarestaurantgroup.com/locations/las-vegas/","https://maps.google.com/?cid=10611506297059293668&g_mp=CiVnb29nbGUubWFwcy5wbGFjZXMudjEuUGxhY2VzLkdldFBsYWNlEAIYBCAA","4.6","1925","5","5","0","4","The Radish Spirit","4","The service was excellent and the prices were very reasonable. Overall, the food was good. The chicken was very juicy, w","guestservices@eurekarestaurantgroup.com","","",""
"Andiamo Steakhouse","301 Fremont St, Las Vegas, NV 89101, USA","(702) 388-2400","https://www.thed.com/bars-dining/dining/andiamo-steakhouse/?utm_source=gmb&utm_medium=organic&utm_campaign=listing","https://maps.google.com/?cid=5440320044988673060&g_mp=CiVnb29nbGUubWFwcy5wbGFjZXMudjEuUGxhY2VzLkdldFBsYWNlEAIYBCAA","4.6","2029","5","5","0","5","Robert Summers","5","Absolutely love this place!  Old school Italian steakhouse inside the D Hotel in downtown Vegas.  The service is always","info@thed.com","","",""
"Park On Fremont","506 Fremont St, Las Vegas, NV 89101, USA","(702) 376-0177","http://www.parkonfremont.com/?utm_source=GMB","https://maps.google.com/?cid=356093266931520231&g_mp=CiVnb29nbGUubWFwcy5wbGFjZXMudjEuUGxhY2VzLkdldFBsYWNlEAIYBCAA","4.4","2275","5","5","0","5","Jeri Kjerstad","5","Great Burger, and burrata salad! Drinks were yum... yes do the breakfast butterscotch whiskey shot! The decor and atmosp","user@domain.com","","",""
"Heart Attack Grill","450 Fremont St #130, Las Vegas, NV 89101, USA","(702) 706-7568","http://www.heartattackgrill.com/","https://maps.google.com/?cid=4607163396155347385&g_mp=CiVnb29nbGUubWFwcy5wbGFjZXMudjEuUGxhY2VzLkdldFBsYWNlEAIYBCAA","4.2","6389","5","5","0","5","theDSsucks","5","I’ve walked by several times and finally went inside. Got to wear the gown which is clean and not inconvenient or awkwar","info@heartattackgrill.com","","",""
"Partage","3839 Spring Mountain Rd, Las Vegas, NV 89102, USA","(702) 582-5852","http://www.partage.vegas/","https://maps.google.com/?cid=11580803800356118655&g_mp=CiVnb29nbGUubWFwcy5wbGFjZXMudjEuUGxhY2VzLkdldFBsYWNlEAIYBCAA","4.7","680","5","5","0","5","Natalia Grishina","5","We had a wonderful dinner at Partage, made truly unforgettable thanks to our waiter, Daniel. From the very beginning, he","contact@partage.vegas","","",""
"Barry's Downtown Prime","8 Fremont St, Las Vegas, NV 89101, USA","(702) 726-5504","https://www.barrysdowntownprime.com/","https://maps.google.com/?cid=16757338435349530608&g_mp=CiVnb29nbGUubWFwcy5wbGFjZXMudjEuUGxhY2VzLkdldFBsYWNlEAIYBCAA","4.6","1663","5","5","0","4","Bruce","4","Beautiful environment, awesome service and delicious food. The beef carpaccio was good but I wasn’t of a fan of the mayo","info@barrysdowntownprime.com","","",""
"Downtown Terrace","707 E Fremont St Suite 1170, Las Vegas, NV 89101, USA","(702) 553-2542","http://downtownterracelv.com/","https://maps.google.com/?cid=1534396258647391968&g_mp=CiVnb29nbGUubWFwcy5wbGFjZXMudjEuUGxhY2VzLkdldFBsYWNlEAIYBCAA","4.3","1082","5","5","0","5","Meileh Burns","5","First of all, I didn't realize that this was a container park made of old train car containers. That in and of itself is","info@downtownterracelv.com","","",""
"7th & Carson","616 E Carson Ave #110, Las Vegas, NV 89101, USA","(702) 868-3355","https://www.7thandcarson.com/","https://maps.google.com/?cid=7740132606051198557&g_mp=CiVnb29nbGUubWFwcy5wbGFjZXMudjEuUGxhY2VzLkdldFBsYWNlEAIYBCAA","4.6","1650","5","5","0","5","Diana","5","My husband is from the UK and he was so happy to see that they have a full Irish Breakfast. He said it is very authentic","info@7thandcarson.com","","",""
"Hugo's Cellar","202 Fremont Street Experience, Las Vegas, NV 89101, USA","(702) 385-4011","http://www.fourqueens.com/dining/hugos_cellar/index.php","https://maps.google.com/?cid=14312319373111693704&g_mp=CiVnb29nbGUubWFwcy5wbGFjZXMudjEuUGxhY2VzLkdldFBsYWNlEAIYBCAA","4.5","1479","5","5","0","5","Calvin Chang","5","I got the 5 oz filet with lobster tail and shrimp special and a half order of king crab. It came with green beans, a car","reservations@fourqueens.com","","",""
"Gordon Ramsay Pub & Grill","3570 Las Vegas Blvd S, Las Vegas, NV 89109, USA","(702) 731-7410","https://www.caesars.com/caesars-palace/restaurants/gordon-ramsay-pub-and-grill?utm_campaign=gmb&utm_source=google&utm_medium=local&utm_term=CLV16&utm_content=restaurant&y_source=1_NDM2Njg3My03MTUtbG9jYXRpb24ud2Vic2l0ZQ%3D%3D","https://maps.google.com/?cid=9950491836364517360&g_mp=CiVnb29nbGUubWFwcy5wbGFjZXMudjEuUGxhY2VzLkdldFBsYWNlEAIYBCAA","4.1","9893","5","5","0","4","Adithya Vignesh","4","The food at Gordon Ramsay Pub & Grill in Las Vegas was absolutely fantastic! The butter chicken masala was packed with f","info@caesars.com","","",""
"Dirt Dog - Fremont","450 Fremont St Ste 123, Las Vegas, NV 89101, USA","(702) 483-5432","https://www.dirtdogla.com/","https://maps.google.com/?cid=17652563788348368743&g_mp=CiVnb29nbGUubWFwcy5wbGFjZXMudjEuUGxhY2VzLkdldFBsYWNlEAIYBCAA","4.9","3326","5","5","0","5","James Coyle","5","A small joint delivering big flavor!! They're doing right here.  Don't think there is a way to go wrong other than not c","info@dirtdogla.com","","",""
"Fontainebleau Las Vegas","2777 S Las Vegas Blvd, Las Vegas, NV 89109, USA","(702) 678-7777","https://www.fontainebleaulasvegas.com/","https://maps.google.com/?cid=15000247208283159412&g_mp=CiVnb29nbGUubWFwcy5wbGFjZXMudjEuUGxhY2VzLkdldFBsYWNlEAIYBCAA","4.4","9473","5","5","0","5","Kelly White","5","The hotel was absolutely immaculate from the moment we arrived. The level of professionalism from the staff was outstand","info@fontainebleaulasvegas.com","","",""
"Market Street Café","12 E Ogden Ave, Las Vegas, NV 89101, USA","(702) 385-1222","https://rebrand.ly/market-street-cafe","https://maps.google.com/?cid=3024200525878891322&g_mp=CiVnb29nbGUubWFwcy5wbGFjZXMudjEuUGxhY2VzLkdldFBsYWNlEAIYBCAA","4.2","1878","5","5","0","4","MaMa_MiA","4","This place is a 24h Hawaiian Restaurant. I came here with a group to try the famous oxtail soup (served 11pm- 6am). Ther","info@rebrand.ly","","",""
"Balla Italian Soul","2535 S Las Vegas Blvd, Las Vegas, NV 89109, USA","(702) 761-7619","https://www.saharalasvegas.com/restaurants-bars/balla","https://maps.google.com/?cid=14661402058909042444&g_mp=CiVnb29nbGUubWFwcy5wbGFjZXMudjEuUGxhY2VzLkdldFBsYWNlEAIYBCAA","4.4","394","5","5","0","4","Tony Skeans","4","Bella Italian Soul inside the Sahara offers a solid start to the night—especially when paired with the Magic Mike Live V","info@saharalasvegas.com","","",""
"Tamba Las Vegas","6671 Las Vegas Blvd S ste a117, Las Vegas, NV 89119, USA","(702) 798-7889","https://www.tambalasvegas.com/","https://maps.google.com/?cid=6195684553139927997&g_mp=CiVnb29nbGUubWFwcy5wbGFjZXMudjEuUGxhY2VzLkdldFBsYWNlEAIYBCAA","4.6","466","5","5","0","5","James Edwards IV","5","If you're looking for a unique dining experience outside of The Strip, Tamba is the place to go! For Valentine's Day I w","mackenzie@tambalasvegas.com","","",""
"Top Of Binion's Steakhouse","128 e Fremont St, Las Vegas, NV 89101, USA","(702) 382-1600","http://www.binions.com/dining/binions_steakhouse.php","https://maps.google.com/?cid=12066321632451878202&g_mp=CiVnb29nbGUubWFwcy5wbGFjZXMudjEuUGxhY2VzLkdldFBsYWNlEAIYBCAA","4.6","718","5","5","0","4","Derek Picklesimer","4","The food was not to me or my wife's liking. She did not enjoy her espresso martini but I enjoyed my old fashioned. The f","reservations@binions.com","","",""
"Mott 32 Las Vegas","3325 S Las Vegas Blvd #206, Las Vegas, NV 89109, USA","(702) 607-3232","https://mott32.com/las-vegas","https://maps.google.com/?cid=2622785029021626957&g_mp=CiVnb29nbGUubWFwcy5wbGFjZXMudjEuUGxhY2VzLkdldFBsYWNlEAIYBCAA","4.2","1434","5","5","0","4","Gordy Singh","4","We were seated in a room with a really cool industrial, rustic Asian vibe. Low lighting and on-point décor set the mood","reservations.lv@mott32.com","","",""
"Le Thai","523 Fremont St, Las Vegas, NV 89101, USA","(702) 778-0888","http://lethaivegas.com/","https://maps.google.com/?cid=17634881770084158484&g_mp=CiVnb29nbGUubWFwcy5wbGFjZXMudjEuUGxhY2VzLkdldFBsYWNlEAIYBCAA","4.7","3271","5","5","0","4","Sitofa Ligi","4","We were greeted and seated immediately walking in. A good crowd when we arrived. The atmosphere was nice and chill. Pict","info@lethaivegas.com","","",""
"Alebrijes By Chef Paco","450 Fremont St Suite 310, Las Vegas, NV 89101, USA","(702) 971-5522","https://alebrijesbychefpaco.com/","https://maps.google.com/?cid=16423668099096136365&g_mp=CiVnb29nbGUubWFwcy5wbGFjZXMudjEuUGxhY2VzLkdldFBsYWNlEAIYBCAA","4.9","1359","5","5","0","4","Davis Burton","4","We had a nice lunch on the patio looking over Freemont. It wasn't very busy as we got there just 11:30 on a Sunday. We w","info@alebrijesbychefpaco.com","","",""
"Redwood Steakhouse","12 E Ogden Ave, Las Vegas, NV 89101, USA","(702) 388-2630","http://thecal.boydgaming.com/dine/redwood-steakhouse","https://maps.google.com/?cid=15923913899891171112&g_mp=CiVnb29nbGUubWFwcy5wbGFjZXMudjEuUGxhY2VzLkdldFBsYWNlEAIYBCAA","4.6","417","5","5","0","4","Gerard Lee","4","After check-in, I walked around the casino looking for a place to have dinner. The most popular was Aloha Specialties, w","info@thecal.boydgaming.com","","",""
"Istanbul Mediterranean Restaurant-2 (HALAL)","505 Fremont St, Las Vegas, NV 89101, USA","(702) 861-6905","https://www.istanbul2.com/","https://maps.google.com/?cid=6646193219723409065&g_mp=CiVnb29nbGUubWFwcy5wbGFjZXMudjEuUGxhY2VzLkdldFBsYWNlEAIYBCAA","4.9","808","5","5","0","5","CrowAngyl","5","Absolutely love the Beef and Lamb Doner. The quality is amazing and made with care. Staff is very nice and attentive. In","info@istanbul2.com","","",""
"THE Steak House","2880 S Las Vegas Blvd, Las Vegas, NV 89109, USA","(702) 794-3767","https://www.circuscircus.com/the-steak-house","https://maps.google.com/?cid=432582773287960588&g_mp=CiVnb29nbGUubWFwcy5wbGFjZXMudjEuUGxhY2VzLkdldFBsYWNlEAIYBCAA","4.4","1304","5","5","0","5","Jerry Koren","5","After years of hearing about the best Steakhouse in Las Vegas, and pitching it to my clients ( having only heard about i","info@circuscircus.com","","",""