business_name,address,phone,website,google_maps_url,rating,total_reviews,reviews_sampled,unanswered_count,unanswered_low_rating,worst_unanswered_stars,sample_reviewer,sample_review_stars,sample_review_snippet,email,email_sent,replied,notes,email_step1_sent
"Cali Chilli Downtown LA","200 S Los Angeles St Suit B, Los Angeles, CA 90012, USA","(213) 266-8999","https://www.cali-chilli.com/","https://maps.google.com/?cid=11016714371540867587&g_mp=CiVnb29nbGUubWFwcy5wbGFjZXMudjEuUGxhY2VzLkdldFBsYWNlEAIYBCAA","4.6","219","5","5","0","4","PS","4","We were in that area for the game at Crypto Arena and thought to try this one . Nice ambiance with yummy food .though ,","user@domain.com","","","",""
"Monkey Bar","60 E 54th St, New York, NY 10022, USA","(212) 404-0365","https://nycmonkeybar.com/","https://maps.google.com/?cid=6407762793487689952&g_mp=CiVnb29nbGUubWFwcy5wbGFjZXMudjEuUGxhY2VzLkdldFBsYWNlEAIYBCAA","4.5","1779","5","5","0","4","Nate B","4","Beautiful atmosphere, great service. I was not sure what to expect from the food because of so many mixed reviews, here","user@domain.com","","","",""
"BLACKBARN","19 E 26th St, New York, NY 10010, USA","(212) 265-5959","https://www.blackbarnrestaurant.com/","https://maps.google.com/?cid=14292924245377741660&g_mp=CiVnb29nbGUubWFwcy5wbGFjZXMudjEuUGxhY2VzLkdldFBsYWNlEAIYBCAA","4.4","1378","5","5","0","4","Chase Fritchle","4","Nice ambiance, but felt more curated for larger groups. Maybe we were sat in the wrong area. Nice wine lists, gnocchi wa","user@domain.com","","","",""
"Chambers","94 Chambers St #1, New York, NY 10007, USA","(212) 580-3572","http://chambers.nyc/","https://maps.google.com/?cid=17539100859862234710&g_mp=CiVnb29nbGUubWFwcy5wbGFjZXMudjEuUGxhY2VzLkdldFBsYWNlEAIYBCAA","4.7","360","5","5","0","5","Sachi Tejani","5","Chef’s counter here is a must. I had been seeing a lot of hype about this place on social media and randomly snagged a r","user@domain.com","","","",""
"Naked Farmer","1001 Water St, Tampa, FL 33602, USA","(813) 608-0329","https://www.eatnakedfarmer.com/","https://maps.google.com/?cid=17090888003842502133&g_mp=CiVnb29nbGUubWFwcy5wbGFjZXMudjEuUGxhY2VzLkdldFBsYWNlEAIYBCAA","4.8","2306","5","5","0","5","France Moise","5","I’m always greeted with the warmest smiles the moment I walk into Naked Farmer. Everyone genuinely seems happy to be the","user@domain.com","","","",""
"Claudie","1101 Brickell Ave S-113, Miami, FL 33131, USA","(305) 990-1101","https://www.claudierestaurant.com/","https://maps.google.com/?cid=15336936437787717740&g_mp=CiVnb29nbGUubWFwcy5wbGFjZXMudjEuUGxhY2VzLkdldFBsYWNlEAIYBCAA","4.8","4618","5","5","0","5","Grace Lohn","5","Had an amazing experience at Claudie. The food was outstanding, the service was excellent, and the atmosphere is absolut","user@domain.com","","","",""
"Mangrove","103 NW 1st Ave, Miami, FL 33128, USA","(305) 614-2736","https://mangrove.miami/","https://maps.google.com/?cid=6882259586097635037&g_mp=CiVnb29nbGUubWFwcy5wbGFjZXMudjEuUGxhY2VzLkdldFBsYWNlEAIYBCAA","4.7","474","5","5","0","4","Sabrina C. (Bri)","4","We were a party of four with no reservation on a Saturday night and waited about 20 minutes at the bar for a table to op","user@domain.com","","","",""
"The FAB","110 Paseo de San Antonio, San Jose, CA 95112, USA","(408) 320-4121","http://thefabsj.com/","https://maps.google.com/?cid=6045395421200355985&g_mp=CiVnb29nbGUubWFwcy5wbGFjZXMudjEuUGxhY2VzLkdldFBsYWNlEAIYBCAA","4","216","5","5","4","1","Azaan Qureshi","1","We were one of maybe 3 other couples in the entire restaurant, which should usually mean there isn’t a long wait for foo","info@thefabsj.com","","","",""
"Petiscos 'Downtown'","399 S 1st St, San Jose, CA 95113, USA","(408) 320-2884","http://petiscosadega.com/","https://maps.google.com/?cid=12311738630769233579&g_mp=CiVnb29nbGUubWFwcy5wbGFjZXMudjEuUGxhY2VzLkdldFBsYWNlEAIYBCAA","4.2","706","5","5","3","1","Khiem Nguyen","1","The place looks great but that's about where it ends in terms of complements. It seems like they want to charge fancy re","user@domain.com","","","",""
"Original Joe's San Jose","301 S 1st St, San Jose, CA 95113, USA","(408) 292-7030","https://www.sanjoseoriginaljoes.com/?y_source=1_MTQ2MTA4ODctNzE1LWxvY2F0aW9uLndlYnNpdGU%3D","https://maps.google.com/?cid=17483991626551845487&g_mp=CiVnb29nbGUubWFwcy5wbGFjZXMudjEuUGxhY2VzLkdldFBsYWNlEAIYBCAA","4.2","2805","5","5","3","3","Apryl Chiem","3","Did not realize this Original Joe's was not affiliated with any other one until after ordering since their pasta looked","info@sanjoseoriginaljoes.com","","","",""
"Secco Restaurant & Bar","300 S Almaden Ave, San Jose, CA 95110, USA","(408) 947-4444","https://seccorestaurant.com/","https://maps.google.com/?cid=15939757597750166947&g_mp=CiVnb29nbGUubWFwcy5wbGFjZXMudjEuUGxhY2VzLkdldFBsYWNlEAIYBCAA","3.8","86","5","5","2","1","Torsten Rohlfing","1","The food is actually quite good and even reasonably priced. The location is very convenient and the ambience perfectly a","eugene@fsimf.com","","","",""
"The Grill on the Alley","172 S Market St, San Jose, CA 95113, USA","(408) 294-2244","https://www.thegrill.com/","https://maps.google.com/?cid=8698878488011190124&g_mp=CiVnb29nbGUubWFwcy5wbGFjZXMudjEuUGxhY2VzLkdldFBsYWNlEAIYBCAA","4.2","623","5","5","2","1","Nicole Victor","1","Our party had extremely high expectations for The Grill on the Alley, but unfortunately, our experience was deeply disap","info@thegrill.com","","","",""
"The GrandView","15005 Mt Hamilton Rd, San Jose, CA 95140, USA","(408) 251-8909","https://www.grandviewsanjose.com/","https://maps.google.com/?cid=5083559617862596176&g_mp=CiVnb29nbGUubWFwcy5wbGFjZXMudjEuUGxhY2VzLkdldFBsYWNlEAIYBCAA","4.3","1764","5","5","1","3","Joyce Lin","3","My boyfriend took me here to celebrate Valentine's Day and it was a fixed menu with $175 per person. It's my first time","info@grandviewsanjose.com","","","",""
"Naschmarkt Restaurant - Campbell","384 E Campbell Ave, Campbell, CA 95008, USA","(408) 378-0335","http://naschmarktrestaurants.com/","https://maps.google.com/?cid=501271233112563356&g_mp=CiVnb29nbGUubWFwcy5wbGFjZXMudjEuUGxhY2VzLkdldFBsYWNlEAIYBCAA","4.7","981","5","5","1","3","gaston daugherty","3","I was expecting original Austrian food . Was disappointed . I thought the sausages would be made in house along with the","info@naschmarktrestaurants.com","","","",""
"District","65 N San Pedro St, San Jose, CA 95110, USA","(669) 292-5252","https://www.districtsj.com/?utm_source=google&utm_medium=organic&utm_campaign=gbp-website-link","https://maps.google.com/?cid=15673630030547805610&g_mp=CiVnb29nbGUubWFwcy5wbGFjZXMudjEuUGxhY2VzLkdldFBsYWNlEAIYBCAA","4.2","851","5","5","1","3","Tzvi Shahar","3","Interesting restaurant, we had dinner here during a Monday and almost ordered the entire menu, food was fresh and we lik","info@districtsj.com","","","",""
"JOEY Valley Fair","2855 Stevens Creek Blvd Suite 1840, Santa Clara, CA 95050, USA","(669) 899-5639","https://joeyrestaurants.com/location/joey-valley-fair","https://maps.google.com/?cid=17200689946577167943&g_mp=CiVnb29nbGUubWFwcy5wbGFjZXMudjEuUGxhY2VzLkdldFBsYWNlEAIYBCAA","4.8","2195","5","5","0","4","Elizabeth Yeh","4","This is a belated review, I visited Joey last summer. Overall, their menu is very fusion and diverse, paired with a styl","accessibility@joeyrestaurants.com","","","",""
"Eos & Nyx","201 S Second St #120, San Jose, CA 95113, USA","(408) 831-6880","http://www.eosnyxsj.com/","https://maps.google.com/?cid=12405285157949925557&g_mp=CiVnb29nbGUubWFwcy5wbGFjZXMudjEuUGxhY2VzLkdldFBsYWNlEAIYBCAA","4.3","315","5","5","0","5","Wendy Ng","5","Incredible service.  Staff were so friendly and attentive.  Constantly refilling our waters and asking if we want anothe","info@eosnyxsj.com","","","",""
"The Farmers Union","151 W Santa Clara St, San Jose, CA 95113, USA","(408) 277-0545","http://www.thefarmersunion.com/","https://maps.google.com/?cid=10933642169963397892&g_mp=CiVnb29nbGUubWFwcy5wbGFjZXMudjEuUGxhY2VzLkdldFBsYWNlEAIYBCAA","4.2","2320","5","5","0","5","Mohit Goenka","5","We had a fantastic experience at The Farmers Union, specifically exploring their vegetarian offerings. Every dish we tri","contact@thefarmersunion.com","","","",""
"Il Fornaio San Jose","302 S Market St, San Jose, CA 95113, USA","(408) 271-3366","https://www.ilfornaio.com/location/il-fornaio-san-jose/","https://maps.google.com/?cid=12746475122430218209&g_mp=CiVnb29nbGUubWFwcy5wbGFjZXMudjEuUGxhY2VzLkdldFBsYWNlEAIYBCAA","4.2","1444","5","5","0","4","A K","4","Locate inside the Westin Hotel. Came here for a team lunch. We made reservations, so we didn't have to wait. Our server","sanjose@ilfo.com","","","",""
"San Pedro Square Market","87 N San Pedro St, San Jose, CA 95110, USA","(408) 849-4716","https://sanpedrosquaremarket.com/","https://maps.google.com/?cid=13091262678725062769&g_mp=CiVnb29nbGUubWFwcy5wbGFjZXMudjEuUGxhY2VzLkdldFBsYWNlEAIYBCAA","4.6","1350","5","5","0","4","Kathleen Valerio","4","We stopped into the Playback station in the market place for coffee before heading to Christmas in the park.  The coffee","user@domain.com","","","",""
"BJ's Restaurant & Brewhouse","511 Coleman Ave, San Jose, CA 95110, USA","(408) 343-7230","https://www.bjsrestaurants.com/locations/ca/san-jose","https://maps.google.com/?cid=3228849561342076633&g_mp=CiVnb29nbGUubWFwcy5wbGFjZXMudjEuUGxhY2VzLkdldFBsYWNlEAIYBCAA","4.2","2746","5","5","0","4","Quinn Calvert","4","A decent chain brewhouse restaurant with good selection of self brewed and guest beers - along with a respectable offeri","info@bjsrestaurants.com","","","",""
"The Club On Post","43 Post St, San Jose, CA 95113, USA","(408) 352-5286","http://theclubonpostca.com/","https://maps.google.com/?cid=75820945619409542&g_mp=CiVnb29nbGUubWFwcy5wbGFjZXMudjEuUGxhY2VzLkdldFBsYWNlEAIYBCAA","4.6","100","5","5","0","5","Meera Patel","5","Excellent service and atmosphere, we sat at the bar and had a nice chat. Food was really good especially the French toas","info@theclubonpost.com","","","",""
"Home Eat汉家宴 - San Jose","88 S 4th St STE 150, San Jose, CA 95112, USA","(408) 899-8627","https://homeeat.com/","https://maps.google.com/?cid=5894274947122402309&g_mp=CiVnb29nbGUubWFwcy5wbGFjZXMudjEuUGxhY2VzLkdldFBsYWNlEAIYBCAA","4.8","1203","5","5","0","4","Paul Rosenthal","4","Definitely get the classic fried chicken wings.  Such a rocking sauce and the wings are meaty and crispy.  Don't get the","info@homeeat.com","","","",""
"Suspiro","3060 Olsen Dr Suite 20, San Jose, CA 95128, USA","(408) 703-3886","http://suspirosj.com/","https://maps.google.com/?cid=5338194004148484689&g_mp=CiVnb29nbGUubWFwcy5wbGFjZXMudjEuUGxhY2VzLkdldFBsYWNlEAIYBCAA","4.5","762","5","5","0","4","Chérie Zulim","4","I came here for NYE with my date and we had a great time with good service despite it being more crowded than usual and","info@suspirosj.com","","","",""
"Morton's The Steakhouse","184 S Market St Suite 100, San Jose, CA 95113, USA","(408) 947-7000","https://www.mortons.com/location/mortons-the-steakhouse-san-jose-ca/","https://maps.google.com/?cid=15054343987803030870&g_mp=CiVnb29nbGUubWFwcy5wbGFjZXMudjEuUGxhY2VzLkdldFBsYWNlEAIYBCAA","4.2","1160","5","5","0","4","Hit List","4","Half the size of San Francisco location. Same good taste. Best thing I liked was not on the menu: the waitress trainee.","info@mortons.com","","","",""
"Paesano Ristorante Italiano","350 W Julian St, San Jose, CA 95110, USA","(408) 217-9327","https://paesanosj.com/","https://maps.google.com/?cid=7505428228974929621&g_mp=CiVnb29nbGUubWFwcy5wbGFjZXMudjEuUGxhY2VzLkdldFBsYWNlEAIYBCAA","4.5","1083","5","5","0","4","Vero Moreno-Diaz","4","Cozy, elegant, great food and excellent service! Our server was delightful, attentive, professional, fast and with great","info@paesanosj.com","","","",""
"Goodtime Bar","30 Fountain Alley #160, San Jose, CA 95113, USA","(408) 256-1266","http://www.goodtimebarsj.com/","https://maps.google.com/?cid=6632671421459860084&g_mp=CiVnb29nbGUubWFwcy5wbGFjZXMudjEuUGxhY2VzLkdldFBsYWNlEAIYBCAA","4.7","158","5","5","0","5","Anthony Giang","5","On a cold Thursday evening, my partner and I made our way over to Goodtime Bar. Ming, one of the bartenders, had graciou","hello@goodtimebarsj.com","","","",""
"Miller & Lux Restaurant","700 Terry A Francois Blvd, San Francisco, CA 94158, USA","(415) 872-6699","http://www.millerandluxrestaurant.com/","https://maps.google.com/?cid=498485797938547268&g_mp=CiVnb29nbGUubWFwcy5wbGFjZXMudjEuUGxhY2VzLkdldFBsYWNlEAIYBCAA","4.5","402","5","5","2","2","Green Man","2","I made reservations well in advance so we could enjoy dinner before a comedy show at Chase Center. Unfortunately, the ex","info@millerandluxrestaurant.com","","","","2026-04-28"
"Absinthe Brasserie & Bar","398 Hayes St, San Francisco, CA 94102, USA","(415) 551-1590","http://www.absinthe.com/","https://maps.google.com/?cid=6425557835396706278&g_mp=CiVnb29nbGUubWFwcy5wbGFjZXMudjEuUGxhY2VzLkdldFBsYWNlEAIYBCAA","4.4","1801","5","5","2","2","L Oliver","2","People who work here are really nice and friendly hence the 2 stars overall. 5+ stars for them! Unfortunately, food left","talk@absinthe.com","","","","2026-04-28"
"Zuni Café","1658 Market St, San Francisco, CA 94102, USA","(415) 552-2522","http://www.zunicafe.com/","https://maps.google.com/?cid=11491213088621274249&g_mp=CiVnb29nbGUubWFwcy5wbGFjZXMudjEuUGxhY2VzLkdldFBsYWNlEAIYBCAA","4.4","2575","5","5","2","3","Michelle Kim","3","Here's an honest review for Zuni, which had been on my list for over a year, but I tried my best not to get myself hyped","info@zunicafe.com","","","","2026-04-28"
"Delancey Street Restaurant","600 The Embarcadero, San Francisco, CA 94107, USA","(415) 512-5179","http://www.delanceystreetfoundation.org/enterrestaurant.php","https://maps.google.com/?cid=10080162167051074226&g_mp=CiVnb29nbGUubWFwcy5wbGFjZXMudjEuUGxhY2VzLkdldFBsYWNlEAIYBCAA","4.5","1600","5","5","1","3","Brandon","3","I went to Delancey Street Restaurant with my friend, and we’re both in ninth grade. The food was amazing and surprisingl","info@delanceystreetfoundation.org","","","","2026-04-28"
"Seven Hills","1896 Hyde St, San Francisco, CA 94109, USA","(415) 775-1550","https://sevenhillssf.com/","https://maps.google.com/?cid=4292125742157162842&g_mp=CiVnb29nbGUubWFwcy5wbGFjZXMudjEuUGxhY2VzLkdldFBsYWNlEAIYBCAA","4.7","905","5","5","1","1","Tomya","1","My friend and I made a reservation for here, it was mid. Our waiter was nice. They informed me that I wasn’t able to mod","info@sevenhillssf.com","","","","2026-04-28"
"Sisterita","669 Commercial St, San Francisco, CA 94111, USA","(415) 649-1919","http://www.sisterita.com/","https://maps.google.com/?cid=3435342571408571843&g_mp=CiVnb29nbGUubWFwcy5wbGFjZXMudjEuUGxhY2VzLkdldFBsYWNlEAIYBCAA","4.5","699","5","5","1","3","Simone Alexis Sonnier-Jang","3","I was late to my reservation due to a BART delay and they graciously moved my time for me. When I arrived, I had my bag","user@domain.com","","","",""
"Tartine Bakery","600 Guerrero St, San Francisco, CA 94110, USA","(415) 487-2600","http://www.tartinebakery.com/","https://maps.google.com/?cid=6926389544917822571&g_mp=CiVnb29nbGUubWFwcy5wbGFjZXMudjEuUGxhY2VzLkdldFBsYWNlEAIYBCAA","4.5","5857","5","5","1","3","Burt","3","I was rather unimpressed with the baked goods from this this bakery, the service was friendly and efficient and it's def","info@tartinebakery.com","","","","2026-04-28"
"a Mano","450 Hayes St, San Francisco, CA 94102, USA","(415) 506-7401","https://amanosf.com/","https://maps.google.com/?cid=17876618845727866415&g_mp=CiVnb29nbGUubWFwcy5wbGFjZXMudjEuUGxhY2VzLkdldFBsYWNlEAIYBCAA","4.3","2277","5","5","1","2","Clara de Soto","2","Really wanted to like this place. The ambiance is lovely, location wonderful. But the food is like microwaved garbage. T","info@amanosf.com","","","","2026-04-28"
"Wayfare Tavern","201 Pine St, San Francisco, CA 94111, USA","(415) 772-9060","https://www.wayfaretavern.com/","https://maps.google.com/?cid=3987028339363157431&g_mp=CiVnb29nbGUubWFwcy5wbGFjZXMudjEuUGxhY2VzLkdldFBsYWNlEAIYBCAA","4.5","2967","5","5","1","3","Ce Cee","3","This narrow, intimate restaurant feels like stepping into a cozy country house - dark wood, rich walls, and plush velvet","contact@wayfaretavern.com","","","","2026-04-28"
"Ula Restaurant & Tapas Bar","450 Post St, San Francisco, CA 94102, USA","(415) 999-4950","https://ulasf.com/","https://maps.google.com/?cid=6278337761582435421&g_mp=CiVnb29nbGUubWFwcy5wbGFjZXMudjEuUGxhY2VzLkdldFBsYWNlEAIYBCAA","4.1","503","5","5","1","3","Victoria Edwards","3","I really wish I could give more than 3 stars because the food was wonderful and the atmosphere was even better. However,","info@ulasf.com","","","","2026-04-28"
"Rich Table","199 Gough St, San Francisco, CA 94102, USA","(415) 355-9085","http://richtablesf.com/","https://maps.google.com/?cid=8889672814233392895&g_mp=CiVnb29nbGUubWFwcy5wbGFjZXMudjEuUGxhY2VzLkdldFBsYWNlEAIYBCAA","4.7","1558","5","5","0","5","Christina N","5","Solid food and service! Booked on open table last min for a Wednesday night and for a reservation for 8:30PM. Restaurant","info@rt-bistro.comlooking","","","","2026-04-28"
"Liholiho Yacht Club","871 Sutter St, San Francisco, CA 94109, USA","","https://lycsf.com/","https://maps.google.com/?cid=12785219178625967625&g_mp=CiVnb29nbGUubWFwcy5wbGFjZXMudjEuUGxhY2VzLkdldFBsYWNlEAIYBCAA","4.7","1935","5","5","0","4","Stelios Serghiou","4","Upscale vibe, standout cocktails, but inconsistent kitchen. We had a pleasant evening here; the ambiance is upscale, mod","info@lycsf.com","","","","2026-04-28"
"Kokkari Estiatorio","200 Jackson St, San Francisco, CA 94111, USA","(415) 981-0983","https://kokkari.com/","https://maps.google.com/?cid=12957869814535908416&g_mp=CiVnb29nbGUubWFwcy5wbGFjZXMudjEuUGxhY2VzLkdldFBsYWNlEAIYBCAA","4.7","3467","5","5","0","4","Manda E","4","We had a reservation on Sunday. It was nice that they had the exact table ready for us - they were just opening back up","info@kokkari.com","","","","2026-04-28"
"The Progress","1525 Fillmore St, San Francisco, CA 94115, USA","(415) 673-1294","http://www.theprogress-sf.com/","https://maps.google.com/?cid=15124456772888069814&g_mp=CiVnb29nbGUubWFwcy5wbGFjZXMudjEuUGxhY2VzLkdldFBsYWNlEAIYBCAA","4.6","1286","5","5","0","4","Kyla W","4","I really want to love The Progress (and state bird) because the vibes are so good, the service is great, and some of the","user@domain.com","","","",""
"La Mar Cocina Peruana San Francisco","PIER 1 1/2 The Embarcadero N, San Francisco, CA 94111, USA","(415) 397-8880","https://lamarcebicheria.com/san-francisco/","https://maps.google.com/?cid=12288100453195726903&g_mp=CiVnb29nbGUubWFwcy5wbGFjZXMudjEuUGxhY2VzLkdldFBsYWNlEAIYBCAA","4.5","4827","5","5","0","4","Kimberly Do","4","We had a great visit to La Mar. The space is beautiful and very spacious, and we were seated right by the window inside","info@lamarcebicheria.com","","","","2026-04-28"
"Scoma's of Sausalito","588 Bridgeway, Sausalito, CA 94965, USA","(415) 332-9551","http://www.scomassausalito.com/#dining","https://maps.google.com/?cid=8090138921699336056&g_mp=CiVnb29nbGUubWFwcy5wbGFjZXMudjEuUGxhY2VzLkdldFBsYWNlEAIYBCAA","4.6","2760","5","5","0","5","T. W.","5","Excellent view of San Francisco, Angel Island, Alcatraz, and the Bay Bridge in the back portion of the restaurant past t","info@scomassausalito.com","","","","2026-04-28"
"Cotogna","490 Pacific Ave, San Francisco, CA 94133, USA","(415) 775-8508","http://cotognasf.com/","https://maps.google.com/?cid=3844909922527115641&g_mp=CiVnb29nbGUubWFwcy5wbGFjZXMudjEuUGxhY2VzLkdldFBsYWNlEAIYBCAA","4.5","2174","5","5","0","4","Mahadji Bahi","4","Really enjoyed Cotogna. The lamb ragu pasta was excellent,rich, comforting, and perfectly cooked. Paired it with a rosé","info@cotognasf.com","","","","2026-04-28"
"Abacá","2700 Jones St, San Francisco, CA 94133, USA","(415) 486-0788","http://www.restaurantabaca.com/","https://maps.google.com/?cid=16667242964397114430&g_mp=CiVnb29nbGUubWFwcy5wbGFjZXMudjEuUGxhY2VzLkdldFBsYWNlEAIYBCAA","4.3","750","5","5","0","4","Eddie Will Ashley III","4","I went on a double date here, and wow, this place was amazing! I’m not a huge Filipino food fan, but I really enjoyed ho","info@restaurantabaca.com","","","","2026-04-28"
"Marufuku Ramen","1581 Webster St #235, San Francisco, CA 94115, USA","(415) 872-9786","http://www.marufukuramen.com/","https://maps.google.com/?cid=16845894830648429348&g_mp=CiVnb29nbGUubWFwcy5wbGFjZXMudjEuUGxhY2VzLkdldFBsYWNlEAIYBCAA","4.5","2995","5","5","0","5","Ricky Da Luz","5","We arrived around 6:30pm on a Wednesday and was told we would be seated within 30 mins, which was to be expected during","user@domain.com","","","",""
"Californios","355 11th St, San Francisco, CA 94103, USA","(415) 757-0994","https://www.californiossf.com/?utm_source=google&utm_medium=organic&utm_campaign=gbp-website-link","https://maps.google.com/?cid=8442746962918335853&g_mp=CiVnb29nbGUubWFwcy5wbGFjZXMudjEuUGxhY2VzLkdldFBsYWNlEAIYBCAA","4.7","550","5","5","0","5","Kai Sheng","5","One of our top dining experiences. The vibe of the entire experience was spectacular from the dark yet vibrant decor, th","info@californiossf.com","","","","2026-04-28"
"Comedor","501 Colorado St, Austin, TX 78701, USA","(512) 499-0977","https://comedortx.com/","https://maps.google.com/?cid=6958240678106455106&g_mp=CiVnb29nbGUubWFwcy5wbGFjZXMudjEuUGxhY2VzLkdldFBsYWNlEAIYBCAA","4.4","1021","5","5","2","2","james fraasch","2","Drinks were good. Food was…like when your friend says she can elevate a taco by doing something to it and you don’t quit","info@comedortx.com","","","","2026-04-28"
"Corner Restaurant","110 E 2nd St, Austin, TX 78701, USA","(512) 608-4488","https://www.cornerrestaurantaustin.com/?utm_source=google&utm_medium=organic&utm_campaign=business_listing","https://maps.google.com/?cid=2814634074907806452&g_mp=CiVnb29nbGUubWFwcy5wbGFjZXMudjEuUGxhY2VzLkdldFBsYWNlEAIYBCAA","4.8","17874","5","5","1","3","Bill RB","3","Weekend getaway in Austin, stayed at another hotel but went here for dinner.  Ambience - cool modern vibe, a but dark, b","forms@tambourine.com","","","",""
"Aba Austin","1011 S Congress Ave Bldg 2 Suite 180, Austin, TX 78704, USA","(737) 273-0199","https://www.abarestaurants.com/austin/","https://maps.google.com/?cid=14552229874544202460&g_mp=CiVnb29nbGUubWFwcy5wbGFjZXMudjEuUGxhY2VzLkdldFBsYWNlEAIYBCAA","4.7","7366","5","5","1","3","Harv","3","Beautiful place to have a romantic meal with that special someone without having to go dressed up to the 9s and 10s. Thi","info@abarestaurants.com","","","","2026-04-28"
"Hestia","607 W 3rd St #105, Austin, TX 78701, USA","(512) 333-0737","http://hestiaaustin.com/","https://maps.google.com/?cid=11522253544223972272&g_mp=CiVnb29nbGUubWFwcy5wbGFjZXMudjEuUGxhY2VzLkdldFBsYWNlEAIYBCAA","4.5","963","5","5","1","2","Анна","2","We visited this fine-dining restaurant, and unfortunately, the experience was quite mixed. Here is my detailed impressio","info@hestiaaustin.com","","","",""
"Eureka!","200 E 6th St, Austin, TX 78701, USA","(512) 735-1144","http://eurekarestaurantgroup.com/blog/locations/austin/","https://maps.google.com/?cid=6298259428620781736&g_mp=CiVnb29nbGUubWFwcy5wbGFjZXMudjEuUGxhY2VzLkdldFBsYWNlEAIYBCAA","4.4","2999","5","5","1","3","D K","3","Went at 5pm on a Thursday for my birthday (with a reservation).  Place was almost empty.  We had the Brussels sprouts an","guestservices@eurekarestaurantgroup.com","","","","2026-04-28"
"Upstairs at Caroline","109 E 7th St, Austin, TX 78701, USA","(512) 982-6766","https://www.carolinerestaurant.com/upstairs-at-caroline?utm_source=google&utm_medium=organic&utm_campaign=business_listing","https://maps.google.com/?cid=795394951073857977&g_mp=CiVnb29nbGUubWFwcy5wbGFjZXMudjEuUGxhY2VzLkdldFBsYWNlEAIYBCAA","4.9","6680","5","5","1","3","Patra Cardinal","3","Get ready for the smallest tacos in the universe. Even the ingredients was less than what it could fill the taco. It see","forms@tambourine.com","","","",""
"Industry","1211 E 5th St. Ste 150, Austin, TX 78702, USA","(512) 564-8686","http://eastside.industrytx.com/","https://maps.google.com/?cid=4377382864982646783&g_mp=CiVnb29nbGUubWFwcy5wbGFjZXMudjEuUGxhY2VzLkdldFBsYWNlEAIYBCAA","4.5","1369","5","5","1","1","Real person","1","We sat at the bar and our service was horrible and the food we ordered wasn't very impressive at all. I ordered the indu","eastside@industrytx.com","","","",""
"BOA Steakhouse","300 W 6th St #100, Austin, TX 78701, USA","(512) 651-0700","https://boasteak.com/","https://maps.google.com/?cid=13939485911443936030&g_mp=CiVnb29nbGUubWFwcy5wbGFjZXMudjEuUGxhY2VzLkdldFBsYWNlEAIYBCAA","4.8","1591","5","5","1","2","Lydia Huang","2","I really wanted to like this place, especially since everyone I spoke to had a positive experience here. However, it was","info@boasteak.com","","","","2026-04-28"
"Caroline","621 N Congress Ave Suite 101, Austin, TX 78701, USA","(512) 982-6766","http://www.carolinerestaurant.com/?utm_source=google&utm_medium=organic&utm_campaign=business_listing","https://maps.google.com/?cid=4093074264320094839&g_mp=CiVnb29nbGUubWFwcy5wbGFjZXMudjEuUGxhY2VzLkdldFBsYWNlEAIYBCAA","4.8","14304","5","5","0","4","IBE","4","My friend and I drove to Austin for brunch and absolutely loved the ambiance. The restaurant felt very welcoming, and we","forms@tambourine.com","","","",""
"Corinne Austin","304 E Cesar Chavez St, Austin, TX 78701, USA","(737) 787-7018","https://www.corinneatx.com/?utm_source=google&utm_medium=organic&utm_campaign=business_listing","https://maps.google.com/?cid=3011152290769757888&g_mp=CiVnb29nbGUubWFwcy5wbGFjZXMudjEuUGxhY2VzLkdldFBsYWNlEAIYBCAA","4.8","5855","5","5","0","4","David Camargo","4","If you’re in Austin and want a restaurant that truly exceeds expectations—especially for a hotel spot—Corinne Austin abs","forms@tambourine.com","","","",""
"Zanzibar","304 E Cesar Chavez St, Austin, TX 78701, USA","(737) 787-6969","https://www.zanzibaratx.com/?utm_source=google&utm_medium=organic&utm_campaign=business_listing","https://maps.google.com/?cid=11475250439085377137&g_mp=CiVnb29nbGUubWFwcy5wbGFjZXMudjEuUGxhY2VzLkdldFBsYWNlEAIYBCAA","4.8","8351","5","5","0","4","KHAIE","4","My last night in Austin and my gf and I wanted a rooftop bar/lounge where we could just chill, have a few drinks, and ac","forms@tambourine.com","","","",""
"Geraldine's","605 Davis St, Austin, TX 78701, USA","(512) 476-4755","https://www.geraldinesaustin.com/","https://maps.google.com/?cid=13309342057162544088&g_mp=CiVnb29nbGUubWFwcy5wbGFjZXMudjEuUGxhY2VzLkdldFBsYWNlEAIYBCAA","4.5","1748","5","5","0","5","Lynda N.","5","One of the best dining experiences I've had. Our server was so genuinely kind and hospitable. The al pastor is a must, u","info@geraldinesaustin.com","","","","2026-04-28"
"Ember Kitchen","800 W Cesar Chavez St Ste PP110, Austin, TX 78701, USA","(512) 291-6846","https://www.emberatx.com/","https://maps.google.com/?cid=1494946675008664282&g_mp=CiVnb29nbGUubWFwcy5wbGFjZXMudjEuUGxhY2VzLkdldFBsYWNlEAIYBCAA","4.8","2512","5","5","0","5","Michelle Zins","5","The best restaurant experience we had during our trip to Austin was at Ember! Our server Brian and Chef Kang were amazin","info@emberatx.com","","","","2026-04-28"
"The Dead Rabbit, Austin","204 E 6th St, Austin, TX 78701, USA","(737) 530-8830","http://www.thedeadrabbittx.com/","https://maps.google.com/?cid=9065455841311406874&g_mp=CiVnb29nbGUubWFwcy5wbGFjZXMudjEuUGxhY2VzLkdldFBsYWNlEAIYBCAA","4.4","596","5","5","0","4","Kate Rimolo","4","This is a NYC transplant bar. The vibe at both is quite different. I didn’t super appreciate the Christmas lights, as it","hello.atx@thedeadrabbit.com","","","","2026-04-28"
"Culinary Dropout","11721 Rock Rose Ave #100, Austin, TX 78758, USA","(512) 777-3394","https://www.culinarydropout.com/locations/austin-tx/?utm_source=Google&utm_medium=Organic&utm_campaign=Maps","https://maps.google.com/?cid=16226187467386605821&g_mp=CiVnb29nbGUubWFwcy5wbGFjZXMudjEuUGxhY2VzLkdldFBsYWNlEAIYBCAA","4.4","6136","5","5","0","4","Katrina Binaku","4","Overall, I recommend checking this place out. The Domain has tons of shops to walk around . Restaurant is well staffed b","info@culinarydropout.com","","","","2026-04-28"
"Odd Duck","1201 S Lamar Blvd, Austin, TX 78704, USA","(512) 433-6521","http://oddduckaustin.com/","https://maps.google.com/?cid=12766655180848736231&g_mp=CiVnb29nbGUubWFwcy5wbGFjZXMudjEuUGxhY2VzLkdldFBsYWNlEAIYBCAA","4.7","3671","5","5","0","5","Will Parnell","5","As soon as you enter the establishment, you know you're in for a treat! Everyone greets you, the host staff was quick to","foh@oddduckaustin.com","","","","2026-04-28"
"Red Ash","Colorado Tower, 303 Colorado St #200, Austin, TX 78701, USA","(512) 379-2906","http://redashgrill.com/","https://maps.google.com/?cid=781942648408772286&g_mp=CiVnb29nbGUubWFwcy5wbGFjZXMudjEuUGxhY2VzLkdldFBsYWNlEAIYBCAA","4.7","2396","5","5","0","4","Jason Kim","4","Came here for an anniversary / Valentine’s date and had a good time. Service was quick, attentive, and accommodating. Ha","user@domain.com","","","",""
"Moonshine Grill","303 Red River St, Austin, TX 78701, USA","(512) 236-9599","http://www.moonshinegrill.com/","https://maps.google.com/?cid=4403592168116976372&g_mp=CiVnb29nbGUubWFwcy5wbGFjZXMudjEuUGxhY2VzLkdldFBsYWNlEAIYBCAA","4.6","7298","5","5","0","4","Kats food cravings and finds","4","The food was very fresh.  Popcorn came out as an appetizer. It had had cayenne pepper all over it so it had a kick that","info@moonshinegrill.com","","","","2026-04-28"
"Sapori Italian Roots","800 Brazos St ste 215, Austin, TX 78701, USA","(737) 351-9271","https://saporiatx.com/","https://maps.google.com/?cid=1980105960025349979&g_mp=CiVnb29nbGUubWFwcy5wbGFjZXMudjEuUGxhY2VzLkdldFBsYWNlEAIYBCAA","4.8","848","5","5","0","5","Lauren Methvin","5","The BEST!! we stopped here on a whim for dinner and I am so glad we did. The pasta alla vodka was freaking amazing. I th","info@saporiatx.com","","","","2026-04-28"
"ATX Cocina","110 San Antonio St #170, Austin, TX 78701, USA","(512) 263-2322","http://www.atxcocina.com/","https://maps.google.com/?cid=11583542460671829300&g_mp=CiVnb29nbGUubWFwcy5wbGFjZXMudjEuUGxhY2VzLkdldFBsYWNlEAIYBCAA","4.6","1903","5","5","0","4","K O","4","Spent a lovely dinner evening at ATX Cocina for my partners birthday. I loved how the whole menu was gluten free. The st","user@domain.com","","","",""
"Monarch Restaurant","1401 Elm St 49th Floor, Dallas, TX 75201, USA","(214) 945-2222","http://www.monarchrestaurants.com/","https://maps.google.com/?cid=7987789882467414287&g_mp=CiVnb29nbGUubWFwcy5wbGFjZXMudjEuUGxhY2VzLkdldFBsYWNlEAIYBCAA","4.3","1808","5","5","3","2","marcia brazona","2","We came here to celebrate a friend’s birthday and had high expectations given the restaurant’s upscale reputation — unfo","info@monarchrestaurants.com","","","","2026-04-28"
"The Henry","2301 N Akard St Suite 250, Dallas, TX 75201, USA","(972) 677-9560","https://www.thehenryrestaurant.com/locations/the-henry-dallas/?utm_source=Google&utm_medium=Organic&utm_campaign=Maps","https://maps.google.com/?cid=15411151253648939494&g_mp=CiVnb29nbGUubWFwcy5wbGFjZXMudjEuUGxhY2VzLkdldFBsYWNlEAIYBCAA","4.4","3427","5","5","2","3","Andre Diaz","3","Found this place by looking for a lunch spot downtown. We saw the chicken sandwich in the reviews and made a B line to t","info@thehenryrestaurant.com","","","","2026-04-28"
"Kitchen + Kocktails","1933 Elm St, Dallas, TX 75201, USA","(469) 472-5445","https://kitchenkocktailsusa.com/","https://maps.google.com/?cid=15716442203337343355&g_mp=CiVnb29nbGUubWFwcy5wbGFjZXMudjEuUGxhY2VzLkdldFBsYWNlEAIYBCAA","4.7","19708","5","5","2","2","Cee R.","2","The hostesses were kind and welcoming, and I enjoyed the 90s R&B music playing. However, the restaurant itself was very","info@kitchenkocktailsusa.com","","","","2026-04-28"
"Crown Block Dallas","300 Reunion Blvd E, Dallas, TX 75207, USA","(214) 321-3149","https://crownblockdallas.com/?utm_source=google&utm_medium=organic&utm_campaign=gmb","https://maps.google.com/?cid=15540739524223757193&g_mp=CiVnb29nbGUubWFwcy5wbGFjZXMudjEuUGxhY2VzLkdldFBsYWNlEAIYBCAA","4.1","1705","5","5","1","2","C Rae","2","This is my first bad review. Please choose to go somewhere else when visiting downtown Dallas. I don't mind paying high","info@crownblockdallas.com","","","","2026-04-28"
"3Eleven Kitchen and Cocktails","311 N Market St # 100, Dallas, TX 75202, USA","(214) 744-1423","https://3elevendallas.com/","https://maps.google.com/?cid=15057386137848197362&g_mp=CiVnb29nbGUubWFwcy5wbGFjZXMudjEuUGxhY2VzLkdldFBsYWNlEAIYBCAA","4.8","5545","5","5","1","3","David Littell","3","My dining companion and I visited the restaurant on Valentine’s Day, having received multiple communications and credit","311kitchenandcocktails@gmail.com","","","","2026-04-28"
"Little Daisy","1401 Elm St, Dallas, TX 75202, USA","(469) 726-4121","https://littledaisydallas.com/","https://maps.google.com/?cid=4733561113932739251&g_mp=CiVnb29nbGUubWFwcy5wbGFjZXMudjEuUGxhY2VzLkdldFBsYWNlEAIYBCAA","4.7","417","5","5","1","3","Priscila CabMc","3","I went to Little Daisy in August 2025 and again in November 2025 to celebrate my wedding anniversary with my husband. I","user@domain.com","","","",""
"The Hampton Social - Dallas","1520 Main St, Dallas, TX 75201, USA","(469) 498-9890","https://www.thehamptonsocial.com/","https://maps.google.com/?cid=9440724477373662356&g_mp=CiVnb29nbGUubWFwcy5wbGFjZXMudjEuUGxhY2VzLkdldFBsYWNlEAIYBCAA","4.8","3666","5","5","0","5","Nicolette Victoria Winn, M.S.","5","ASK FOR PORSHALA! 🗣️ So, my fiancé booked this for us for Valentine’s Day because I am a HUGE vibes person. He initiall","info@thehamptonsocial.com","","","","2026-04-28"
"The Woolworth","1520 Elm St #201, Dallas, TX 75201, USA","(214) 814-0588","https://www.thewoolworthdallas.com/","https://maps.google.com/?cid=13590217327680693997&g_mp=CiVnb29nbGUubWFwcy5wbGFjZXMudjEuUGxhY2VzLkdldFBsYWNlEAIYBCAA","4.8","8558","5","5","0","5","Dawn Chadwick","5","WOW! The food was incredible and beautiful presented. The restaurant immaculate and the staff and everyone was fantastic","info@thewoolworthdallas.com","","","","2026-04-28"
"The Exchange Food Hall","211 S Akard St, Dallas, TX 75202, USA","(214) 464-8101","https://theexchangehall.com/","https://maps.google.com/?cid=11196159741367728975&g_mp=CiVnb29nbGUubWFwcy5wbGFjZXMudjEuUGxhY2VzLkdldFBsYWNlEAIYBCAA","4.5","1380","5","5","0","4","Andre Jackson","4","I am in Dallas working a conference. We decide to walk to the food hall for something different. What a surprise. A food","info@theexchangehall.com","","","","2026-04-28"
"MIRADOR","1608 Elm St, Dallas, TX 75201, USA","(214) 945-8200","https://www.mirador-dallas.com/","https://maps.google.com/?cid=14229616416113981389&g_mp=CiVnb29nbGUubWFwcy5wbGFjZXMudjEuUGxhY2VzLkdldFBsYWNlEAIYBCAA","4.7","272","5","5","0","5","Ulysses Espinoza","5","Great option to have an elevated brunch. The staff were welcoming and the service was top notch overall. It’s a modern b","info@mirador-dallas.com","","","","2026-04-28"
"Y.O. Ranch Steakhouse","702 Ross Ave, Dallas, TX 75202, USA","(214) 744-3287","https://www.yoranchsteakhouse.com/","https://maps.google.com/?cid=17970359558896477342&g_mp=CiVnb29nbGUubWFwcy5wbGFjZXMudjEuUGxhY2VzLkdldFBsYWNlEAIYBCAA","4.8","11110","5","5","0","5","Nadia Bojnourdi","5","We had an amazing experience at Yo Ranch Steak House. The food was excellent — perfectly cooked, flavorful, and clearly","info@yoranchsteakhouse.com","","","","2026-04-28"
"La Stella Cucina Verace","2330 Flora St #150, Dallas, TX 75201, USA","(469) 663-7800","https://www.lastellatx.com/","https://maps.google.com/?cid=16747910430417942352&g_mp=CiVnb29nbGUubWFwcy5wbGFjZXMudjEuUGxhY2VzLkdldFBsYWNlEAIYBCAA","4.8","2558","5","5","0","4","Table for Two","4","The food was amazing! The service was top notch. Very attentive and helpful with the menu. Our only complaint was the mu","info@lastellatx.com","","","","2026-04-28"
"Chet's Dallas","208 N Market St, Dallas, TX 75202, USA","(214) 613-6500","https://www.chetsdallas.com/","https://maps.google.com/?cid=2594659850097559905&g_mp=CiVnb29nbGUubWFwcy5wbGFjZXMudjEuUGxhY2VzLkdldFBsYWNlEAIYBCAA","4.8","2988","5","5","0","4","Ashlie Diego","4","Nice ambiance, good service, good food. Its advertised as an Irish pub/restaurant but its really more eclectic with a gr","info@chetsdallas.com","","","","2026-04-28"
"Yardbird Table & Bar","2121 N Pearl St St 170, Dallas, TX 75201, USA","(469) 208-2441","https://www.runchickenrun.com/?utm_source=google&utm_medium=Yext","https://maps.google.com/?cid=10945102263697915128&g_mp=CiVnb29nbGUubWFwcy5wbGFjZXMudjEuUGxhY2VzLkdldFBsYWNlEAIYBCAA","4.4","2540","5","5","0","4","Vianna","4","Love Yardbird at the Vegas location, so we wanted to try this in Dallas. The deviled eggs were tasty, but I felt the egg","info@runchickenrun.com","","","","2026-04-28"
"Perry's Steakhouse & Grille","2100 Olive St Suite #100, Dallas, TX 75201, USA","(214) 855-5151","https://perryssteakhouse.com/locations/tx/dallas/park-district/","https://maps.google.com/?cid=5169571851262291419&g_mp=CiVnb29nbGUubWFwcy5wbGFjZXMudjEuUGxhY2VzLkdldFBsYWNlEAIYBCAA","4.5","4171","5","5","0","4","The SME","4","The waitress Shirley was a joy and a breath of fresh air. She was very thorough with her suggestions and answered all ou","jon.doe@email.com","","","","2026-04-29"
"Rj Mexican Cuisine","1701 N Market St #102, Dallas, TX 75202, USA","(214) 744-1420","https://www.rjmexicancuisine.com/","https://maps.google.com/?cid=17576829911583646647&g_mp=CiVnb29nbGUubWFwcy5wbGFjZXMudjEuUGxhY2VzLkdldFBsYWNlEAIYBCAA","4.8","11293","5","5","0","5","Amber","5","We stopped here for a lunch and the food was excellent. I highly recommend the margaritas of any flavor! Super delicious","rjmexicancuisine@sbcglobal.net","","","","2026-04-28"
"Dakota's Steakhouse","600 N Akard St, Dallas, TX 75201, USA","(214) 740-4001","https://www.dakotasrestaurant.com/","https://maps.google.com/?cid=15082943626137372558&g_mp=CiVnb29nbGUubWFwcy5wbGFjZXMudjEuUGxhY2VzLkdldFBsYWNlEAIYBCAA","4.5","2257","5","5","0","5","Darren Carbone","5","It really touches on all the best notes of a dining experience.  The mystic begins as you take the elevator downstairs w","info@dakotasrestaurant.com","","","","2026-04-28"
"Haywire","1920 McKinney Ave Ste 100, Dallas, TX 75201, USA","(469) 501-5522","http://haywirerestaurant.com/","https://maps.google.com/?cid=14931314308548885735&g_mp=CiVnb29nbGUubWFwcy5wbGFjZXMudjEuUGxhY2VzLkdldFBsYWNlEAIYBCAA","4.5","1966","5","5","0","4","Sharon “Tica”","4","Beautiful restaurant with a spectacular ambience. Truly one of the nicest atmospheres I have experienced in a long time.","plano@haywirerestaurant.com","","","","2026-04-28"
"Rodeo Goat","1926 Market Center Blvd, Dallas, TX 75207, USA","(214) 741-4628","http://rodeogoat.com/dallas/","https://maps.google.com/?cid=4514212626990944752&g_mp=CiVnb29nbGUubWFwcy5wbGFjZXMudjEuUGxhY2VzLkdldFBsYWNlEAIYBCAA","4.6","8456","5","5","0","4","Timoci T9uisawau","4","Eating at The Rodeo Goat in Fort Worth Dallas Texas is an experience. From the outside there’s a huge parking lot so par","info@rodeogoat.com","","","","2026-04-28"
"Written by the Seasons","380 Melba St, Dallas, TX 75208, USA","(469) 580-1185","http://www.writtenbytheseasons.com/","https://maps.google.com/?cid=5735023034356515639&g_mp=CiVnb29nbGUubWFwcy5wbGFjZXMudjEuUGxhY2VzLkdldFBsYWNlEAIYBCAA","4.8","1276","5","5","0","4","Nikhil Shah","4","Local Sourdough was very good.. My only gripe with it is that it was cold.. Never been served cold bread like that so th","hello@writtenbytheseasons.com","","","","2026-04-28"
"Alinea","1723 N Halsted St, Chicago, IL 60614, USA","","http://www.alinearestaurant.com/","https://maps.google.com/?cid=17086012509503489083&g_mp=CiVnb29nbGUubWFwcy5wbGFjZXMudjEuUGxhY2VzLkdldFBsYWNlEAIYBCAA","4.6","2977","5","5","2","1","Swetha Thanabalan","1","It cost $500 per person, and I expected at least privacy, quality, and consistency.  We drove a good couple of hours to","user@domain.com","","","",""
"Boka","1729 N Halsted St, Chicago, IL 60614, USA","(312) 337-6070","http://www.bokachicago.com/","https://maps.google.com/?cid=4786586062365816212&g_mp=CiVnb29nbGUubWFwcy5wbGFjZXMudjEuUGxhY2VzLkdldFBsYWNlEAIYBCAA","4.7","2036","5","5","2","1","Ana Xue","1","I’ve heard and read great reviews about Boka for years, so I was excited to finally secure a reservation on the last day","info@bokachicago.com","","","","2026-04-28"
"The L Station","186 N Wells St, Chicago, IL 60606, USA","(312) 285-2414","https://thelstationsoul.com/?utm_source=google","https://maps.google.com/?cid=15706328217848610039&g_mp=CiVnb29nbGUubWFwcy5wbGFjZXMudjEuUGxhY2VzLkdldFBsYWNlEAIYBCAA","4.4","1341","5","5","2","1","Shirley Hall","1","The food wasn’t that great. The drinks was good and the atmosphere was not it at all. The place is small we were sitting","info@thelstationsoul.com","","","","2026-04-28"
"The Duck Inn","2701 S Eleanor St, Chicago, IL 60608, USA","(312) 724-8811","","https://maps.google.com/?cid=4928881416543805150&g_mp=CiVnb29nbGUubWFwcy5wbGFjZXMudjEuUGxhY2VzLkdldFBsYWNlEAIYBCAA","4.7","1589","5","5","2","2","alissa","2","I’ll go ahead and say this: the food is great, though very expensive for the portions (especially the duck fat fries).","","","","",""
"Tortoise Supper Club","350 N State St, Chicago, IL 60654, USA","(312) 755-1700","http://www.tortoisesupperclub.com/","https://maps.google.com/?cid=10834398576812087440&g_mp=CiVnb29nbGUubWFwcy5wbGFjZXMudjEuUGxhY2VzLkdldFBsYWNlEAIYBCAA","4.5","1041","5","5","2","2","Melissa Guerriero","2","Alrighty, the atmosphere is perfection. Got there right at 7:30 on a Friday for live jazz and a dirty martini. Perfect m","info@tortoisesupperclub.com","","","","2026-04-28"
"Pizzeria Portofino","317 N Clark St, Chicago, IL 60654, USA","(312) 900-9018","http://pizzeriaportofino.com/","https://maps.google.com/?cid=10560855889418057816&g_mp=CiVnb29nbGUubWFwcy5wbGFjZXMudjEuUGxhY2VzLkdldFBsYWNlEAIYBCAA","4.8","15746","5","5","1","2","Ali P","2","Cute aesthetics, mid drinks & food.  Came here on a weekday afternoon for cocktails with the girls. The indoor & outside","info@pizzeriaportofino.com","","","","2026-04-28"
"The Berghoff Restaurant","17 W Adams St, Chicago, IL 60603, USA","(312) 427-3170","https://www.theberghoff.com/","https://maps.google.com/?cid=831363627618558940&g_mp=CiVnb29nbGUubWFwcy5wbGFjZXMudjEuUGxhY2VzLkdldFBsYWNlEAIYBCAA","4.5","5168","5","5","1","3","Adam Trinkel","3","We were excited to visit and had reservations 30 days in advance. When we arrived they said they didn’t have our reserva","info@theberghoff.com","","","","2026-04-28"
"The Village","71 W Monroe St, Chicago, IL 60603, USA","(312) 332-7005","https://www.thevillage-chicago.com/","https://maps.google.com/?cid=1994304887755348603&g_mp=CiVnb29nbGUubWFwcy5wbGFjZXMudjEuUGxhY2VzLkdldFBsYWNlEAIYBCAA","4.5","4857","5","5","1","3","Will Zhang","3","Portions are generous, which is great. The meatballs were hard and dry, though. Chicken Parm was overcooked—tough and no","info@italianvillage-chicago.com","","","",""
"Porter Kitchen & Deck","150 N Riverside Plaza, Chicago, IL 60606, USA","(312) 781-7580","https://www.porterchicago.com/","https://maps.google.com/?cid=17658027248227771674&g_mp=CiVnb29nbGUubWFwcy5wbGFjZXMudjEuUGxhY2VzLkdldFBsYWNlEAIYBCAA","4.8","2132","5","5","1","3","Al Ko","3","I have to say the disappointment in the food in this place was insane…. The crispy shrimp app was amazing.  I was so sto","info@porterchicago.com","","","","2026-04-28"
"Viaggio Restaurant Chicago","1027 W Madison St, Chicago, IL 60607, USA","(312) 829-3333","https://viaggiochicago.com/?utm_source=google","https://maps.google.com/?cid=983911483627424985&g_mp=CiVnb29nbGUubWFwcy5wbGFjZXMudjEuUGxhY2VzLkdldFBsYWNlEAIYBCAA","4.7","936","5","5","1","3","Julias Bento","3","The food was good, nothing mind blowing, but not complaining about that, the ambiance a usual Italian style…  where I fe","info@viaggiochicago.com","","","","2026-04-28"
"Rose Mary","932 W Fulton St, Chicago, IL 60607, USA","(872) 260-3921","https://www.rosemarychicago.com/","https://maps.google.com/?cid=1628302229668798411&g_mp=CiVnb29nbGUubWFwcy5wbGFjZXMudjEuUGxhY2VzLkdldFBsYWNlEAIYBCAA","4.5","1785","5","5","1","3","Minal Shah","3","This place was ok nothing to rave about.  The zucchini fritters and the bread were the best thing on the menu. Pasta was","host@rosemarychicago.com","","","","2026-04-28"
"avec Restaurant","615 W Randolph St, Chicago, IL 60661, USA","(312) 377-2002","http://www.avecrestaurant.com/","https://maps.google.com/?cid=2082550752516069695&g_mp=CiVnb29nbGUubWFwcy5wbGFjZXMudjEuUGxhY2VzLkdldFBsYWNlEAIYBCAA","4.6","2367","5","5","1","3","Jesse Palma","3","I came here for brunch during Restaurant Week with my brother and was really looking forward to it, but the experience w","info@avecrestaurant.com","","","","2026-04-28"
"The VIG West Loop","312 N Carpenter St, Chicago, IL 60607, USA","(312) 754-0993","https://www.thevigwestloop.com/","https://maps.google.com/?cid=5451597363696060045&g_mp=CiVnb29nbGUubWFwcy5wbGFjZXMudjEuUGxhY2VzLkdldFBsYWNlEAIYBCAA","4.8","1249","5","5","1","3","Manal Hajire","3","The Vig West Loop is a really nice spot, pretty big space and the host was lovely! At first, service was great, but late","info@thevigwestloop.com","","","","2026-04-28"
"Smyth","177 N Ada St #101, Chicago, IL 60607, USA","(773) 913-3773","https://www.smythchicago.com/","https://maps.google.com/?cid=8626814694854926596&g_mp=CiVnb29nbGUubWFwcy5wbGFjZXMudjEuUGxhY2VzLkdldFBsYWNlEAIYBCAA","4.6","1325","5","5","1","3","Brysen Kawamura","3","I took my partner here for a birthday experience and left confused and slightly regretful. We paid for the chefs menu an","info@smythchicago.com","","","","2026-04-28"
"Kindling | Downtown Cookout & Cocktails","202 S Franklin St, Chicago, IL 60606, USA","(312) 789-5992","https://www.kindlingchicago.com/","https://maps.google.com/?cid=12794938245454007505&g_mp=CiVnb29nbGUubWFwcy5wbGFjZXMudjEuUGxhY2VzLkdldFBsYWNlEAIYBCAA","4.3","550","5","5","1","2","Cindy Li","2","Made a reservation for Restaurant Week with my sister. We started off with half a dozen raw oysters but unfortunately, w","info@thefifty50group.com","","","","2026-04-28"
"Venteux Brasserie, Cafe & Oyster Bar","224 N Michigan Ave, Chicago, IL 60601, USA","(312) 777-9003","http://venteuxchicago.com/","https://maps.google.com/?cid=13148067284185319072&g_mp=CiVnb29nbGUubWFwcy5wbGFjZXMudjEuUGxhY2VzLkdldFBsYWNlEAIYBCAA","4.2","1086","5","5","1","1","lou teisseire","1","So I really wanted to like this place but wow, where do I even start.  Ordered an iced matcha with oat milk and asked if","info@venteuxchicago.com","","","","2026-04-28"
"Flat Top Grill","30 S Wabash Ave, Chicago, IL 60603, USA","(312) 726-8400","https://www.flattopgrill.com/locations","https://maps.google.com/?cid=6713292414190121534&g_mp=CiVnb29nbGUubWFwcy5wbGFjZXMudjEuUGxhY2VzLkdldFBsYWNlEAIYBCAA","4.4","3491","5","5","1","1","Thao D.","1","Group work outing with about 15 of us. Initially we were refused service as we requested to pay individually, but a coll","info@flattopgrill.com","","","","2026-04-28"
"Nonnina","340 N Clark St, Chicago, IL 60654, USA","(312) 822-0077","http://nonninachicago.com/","https://maps.google.com/?cid=2288532733794690502&g_mp=CiVnb29nbGUubWFwcy5wbGFjZXMudjEuUGxhY2VzLkdldFBsYWNlEAIYBCAA","4.5","1359","5","5","1","3","K J","3","Nonnina was an average experience. We had the pappardelle, spaghetti and meatballs, and fritto misto. They were okay, bu","info@nonninachicago.com","","","","2026-04-28"
"Terrace 16","401 N Wabash Ave 16th Floor, Chicago, IL 60611, USA","(312) 588-8030","https://www.trumphotels.com/chicago/dining/fine-dining-chicago?utm_source=gmb&utm_medium=Yext","https://maps.google.com/?cid=282518315180438682&g_mp=CiVnb29nbGUubWFwcy5wbGFjZXMudjEuUGxhY2VzLkdldFBsYWNlEAIYBCAA","4.3","749","5","5","1","3","Bavdun Umar","3","Super view but the food and especially deserts looked awful. and drinks wasn’t great for 16 dollars. Not Recommend someh","info@trumphotels.com","","","","2026-04-28"
"Flight Club Chicago","111 W Wacker Dr, Chicago, IL 60601, USA","(312) 284-2474","https://www.flightclubdartsusa.com/chicago","https://maps.google.com/?cid=6634553816882629042&g_mp=CiVnb29nbGUubWFwcy5wbGFjZXMudjEuUGxhY2VzLkdldFBsYWNlEAIYBCAA","4.6","1900","5","5","1","3","Rachel Arias - Tripp III","3","First time here, went for a work gathering. The place is easy enough to get to but not sure of parking availability or t","your@email.com","","","","2026-04-28"
"Travelle at The Langham, Chicago","330 N Wabash Ave, Chicago, IL 60611, USA","(312) 923-7705","https://www.travellechicago.com/?utm_campaign=tlchi&utm_medium=organic+&utm_source=yext&utm_content=na&utm_id=google_travelle_ads_profile_en_20220628&y_source=1_MTIwMTkxMjQtNzE1LWxvY2F0aW9uLndlYnNpdGU%3D","https://maps.google.com/?cid=7511062248870973799&g_mp=CiVnb29nbGUubWFwcy5wbGFjZXMudjEuUGxhY2VzLkdldFBsYWNlEAIYBCAA","4.6","521","5","5","1","3","Kelly Wen","3","Came back here for Chicago Restaurant Week and it was a bit disappointing. Imo, the food selected for CRW wasn't really","info@travellechicago.com","","","","2026-04-28"
"Elephant & Castle","111 W Adams St, Chicago, IL 60603, USA","(312) 236-6656","https://www.elephantcastle.com/en/locations/il/chicago/111-west-adams-street","https://maps.google.com/?cid=13328650119812647435&g_mp=CiVnb29nbGUubWFwcy5wbGFjZXMudjEuUGxhY2VzLkdldFBsYWNlEAIYBCAA","4.3","2538","5","5","1","2","vkl0253","2","Drinks. I love the lychee martini and the old fashion was a full pour. Service. Great. Our waitress was very friendly. F","info@elephantcastle.com","","","","2026-04-28"
"The Dearborn","145 N Dearborn St, Chicago, IL 60602, USA","(312) 384-1242","http://www.thedearborntavern.com/","https://maps.google.com/?cid=10334251053703883099&g_mp=CiVnb29nbGUubWFwcy5wbGFjZXMudjEuUGxhY2VzLkdldFBsYWNlEAIYBCAA","4.7","9025","5","5","0","4","A P","4","Love this atmosphere.  So many unique areas to sit and dine. Thee service was fantastic! Friendly, knowledgeable and tim","info@thedearborntavern.com","","","","2026-04-28"
"Aba","302 N Green St 3rd Floor, Chicago, IL 60607, USA","(773) 645-1400","http://www.abarestaurants.com/","https://maps.google.com/?cid=9209547638817621522&g_mp=CiVnb29nbGUubWFwcy5wbGFjZXMudjEuUGxhY2VzLkdldFBsYWNlEAIYBCAA","4.8","9500","5","5","0","4","LeAndra Rivera","4","Beautiful atmosphere the best service. I especially enjoyed the dips and appetizer plates. The meats (kebabs and skirt s","info@abarestaurants.com","","","","2026-04-28"
"River Roast","315 N LaSalle St, Chicago, IL 60654, USA","(312) 822-0100","https://www.riverroastchicago.com/","https://maps.google.com/?cid=8998798319887580743&g_mp=CiVnb29nbGUubWFwcy5wbGFjZXMudjEuUGxhY2VzLkdldFBsYWNlEAIYBCAA","4.6","5448","5","5","0","4","Skyy Strike","4","The view of the river is beautiful and the chicken is fabulous. If we were to return, however, we would have the chicken","hello@riverroastchicago.com","","","",""
"Beatnik On The River","180 N Wacker Dr, Chicago, IL 60606, USA","(312) 526-3345","http://beatnikontheriver.com/","https://maps.google.com/?cid=11825491033831278684&g_mp=CiVnb29nbGUubWFwcy5wbGFjZXMudjEuUGxhY2VzLkdldFBsYWNlEAIYBCAA","4.1","3036","5","5","0","4","J","4","Pretty cool place. We came here for brunch. Great coffee. Mezze Board was delicious. Brunch was good, not a top CHI favo","info@beatnikontheriver.com","","","","2026-04-28"
"AMBAR Restaurant, Chicago","700 N Clark St, Chicago, IL 60654, USA","(312) 547-1700","https://ambarrestaurant.com/ambarchicago?utm_source=google","https://maps.google.com/?cid=12092422655203918289&g_mp=CiVnb29nbGUubWFwcy5wbGFjZXMudjEuUGxhY2VzLkdldFBsYWNlEAIYBCAA","4.8","1697","5","5","0","5","Zlata Masya","5","Good place! We decided to go with the $55 per person unlimited option, and the concept is actually very interesting. You","info@ambarrestaurant.com","","","","2026-04-28"
"Remington's","20 N Michigan Ave, Chicago, IL 60602, USA","(312) 782-6000","http://www.remingtonschicago.com/?y_source=1_NDYzMDg0MTYtNzE1LWxvY2F0aW9uLndlYnNpdGU%3D","https://maps.google.com/?cid=10481072841389147234&g_mp=CiVnb29nbGUubWFwcy5wbGFjZXMudjEuUGxhY2VzLkdldFBsYWNlEAIYBCAA","4.6","2710","5","5","0","4","Marianne - Italianwifey","4","Pre-concert dinner with my cousins was at Remington‘s. I’ve been to this restaurant once before for dinner. Our server w","info@remingtonschicago.com","","","","2026-04-28"
"Roanoke Restaurant","135 W Madison St, Chicago, IL 60602, USA","(312) 361-3800","http://www.theroanokerestaurant.com/","https://maps.google.com/?cid=6443273368172164988&g_mp=CiVnb29nbGUubWFwcy5wbGFjZXMudjEuUGxhY2VzLkdldFBsYWNlEAIYBCAA","4.3","2042","5","5","0","4","Bill","4","The cheese curds and the fig & prosciutto pizza were both delicious, and the rotisserie lamb sandwich was packed with fl","info@roanokehospitality.com","","","","2026-04-28"
"Crying Tiger","51 W Hubbard St, Chicago, IL 60654, USA","(312) 736-0183","https://cryingtiger.com/","https://maps.google.com/?cid=18211127411922263887&g_mp=CiVnb29nbGUubWFwcy5wbGFjZXMudjEuUGxhY2VzLkdldFBsYWNlEAIYBCAA","4.8","1354","5","5","0","5","Jesse Palma","5","This restaurant is definitely worth the hype! My friends and I were thrilled to snag a last minute dinner reservation on","info@cryingtiger.com","","","","2026-04-28"
"Bar Mar","120 N Wacker Dr, Chicago, IL 60606, USA","(312) 820-6602","https://www.thebazaar.com/location/bar-mar-chicago","https://maps.google.com/?cid=14404782675196885270&g_mp=CiVnb29nbGUubWFwcy5wbGFjZXMudjEuUGxhY2VzLkdldFBsYWNlEAIYBCAA","4.5","1176","5","5","0","5","Natalie Tasminskaya","5","I’m always happy to be back at Bar Mar and this Valentine’s Day visit was honestly one of the best yet. The food is alwa","barmarreservations@grgmc.com","","","","2026-04-28"
"Labriola Ristorante - Chicago","535 N Michigan Ave, Chicago, IL 60611, USA","(312) 955-3100","https://www.labriolacafe.com/","https://maps.google.com/?cid=10477839186575790604&g_mp=CiVnb29nbGUubWFwcy5wbGFjZXMudjEuUGxhY2VzLkdldFBsYWNlEAIYBCAA","4.4","4537","5","5","0","4","Ellen Phillips","4","We stumbled on this place and it was amazing. First of all you can’t miss the amazing aroma of Italian food. The food wa","info@labriolacafe.com","","","","2026-04-28"
"Summer House Santa Monica","1954 N Halsted St, Chicago, IL 60614, USA","(773) 634-4100","https://www.summerhouserestaurants.com/?utm_source=google&utm_medium=social&utm_campaign=SHSMLP-GBiz","https://maps.google.com/?cid=15127580909077574493&g_mp=CiVnb29nbGUubWFwcy5wbGFjZXMudjEuUGxhY2VzLkdldFBsYWNlEAIYBCAA","4.7","7182","5","5","0","4","A H (Good Ol Reviews)","4","Great atmosphere, mediocre food  Atmosphere: I stepped in for lunch during the week. I was seated immediately in the nat","info@summerhouserestaurants.com","","","","2026-04-28"
"Cindy's Rooftop","12 S Michigan Ave, Chicago, IL 60603, USA","(312) 792-3502","http://www.cindysrooftop.com/","https://maps.google.com/?cid=17381083969962941052&g_mp=CiVnb29nbGUubWFwcy5wbGFjZXMudjEuUGxhY2VzLkdldFBsYWNlEAIYBCAA","4.4","5440","5","5","0","4","Tyler Cymet","4","You can’t argue with an incredible view. Beautiful view of Grant park, the Lake and the Art Institute. Comfortable space","cindysinfo@caa.bokagrp.com","","","",""
"Little Goat Diner","3325 N Southport Ave, Chicago, IL 60657, USA","(773) 819-7673","https://littlegoatchicago.com/","https://maps.google.com/?cid=15991765332655726279&g_mp=CiVnb29nbGUubWFwcy5wbGFjZXMudjEuUGxhY2VzLkdldFBsYWNlEAIYBCAA","4.7","10077","5","5","0","4","annie","4","while pricey, the food is pretty good. i really liked the shrimp sammie and the salted maple hojicha latte. service was","info@littlegoatchicago.com","","","","2026-04-28"
"The Gage","24 S Michigan Ave, Chicago, IL 60603, USA","(312) 372-4243","https://thegagechicago.com/","https://maps.google.com/?cid=130736374281788176&g_mp=CiVnb29nbGUubWFwcy5wbGFjZXMudjEuUGxhY2VzLkdldFBsYWNlEAIYBCAA","4.6","5033","5","5","0","4","Peter Dixon","4","This was a good dinner. I had an incredible glass of wine off a reasonably priced wine by the glass list full of actuall","info@thegagechicago.com","","","",""
"PLANTA Chicago","413 N Clark St, Chicago, IL 60654, USA","(630) 691-7238","https://www.plantarestaurants.com/location/planta-chicago/","https://maps.google.com/?cid=12434772062364923959&g_mp=CiVnb29nbGUubWFwcy5wbGFjZXMudjEuUGxhY2VzLkdldFBsYWNlEAIYBCAA","4.6","2231","5","5","0","4","Mayur Dhaniwala","4","Planta Queen is a great option in Chicago if you’re looking for a fun night out with creative food that happens to be fu","hellorivernorth@plantahq.com","","","",""
"Wildberry Pancakes & Cafe","130 E Randolph St, Chicago, IL 60601, USA","(312) 938-9777","https://wildberrycafe.com/prudential.php","https://maps.google.com/?cid=10750025147147960085&g_mp=CiVnb29nbGUubWFwcy5wbGFjZXMudjEuUGxhY2VzLkdldFBsYWNlEAIYBCAA","4.6","9631","5","5","0","4","J. Thompson","4","Had a few minutes of a wait but not too long. The food was good. Pancakes were okay. I didnt go all out and oot for the","info@wildberrycafe.com","","","","2026-04-28"
"Gibsons Italia","233 N Canal St, Chicago, IL 60606, USA","(312) 414-1100","https://www.gibsonsitalia.com/","https://maps.google.com/?cid=6099501835260677183&g_mp=CiVnb29nbGUubWFwcy5wbGFjZXMudjEuUGxhY2VzLkdldFBsYWNlEAIYBCAA","4.7","4158","5","5","0","5","Deanna FayCurry","5","We had a wonderful dining experience at Gibson’s Italia! The food was absolutely delicious—fresh, flavorful, and beautif","info@gibsonsitalia.com","","","","2026-04-28"
"Doc B's Restaurant (River North)","55 E Grand Ave, Chicago, IL 60611, USA","(312) 999-9300","https://docbsrestaurant.com/locations/chicago-river-north","https://maps.google.com/?cid=16667742058924215432&g_mp=CiVnb29nbGUubWFwcy5wbGFjZXMudjEuUGxhY2VzLkdldFBsYWNlEAIYBCAA","4.7","3051","5","5","0","4","ARI K PRODUCTION (Arian Khoroushi)","4","Doc B’s is a really solid spot with great food, a comfortable atmosphere, and friendly service. The dishes are always fr","jobs@docbs.com","","","","2026-04-28"
"RAISED | An Urban Rooftop Bar","1 W Wacker Dr, Chicago, IL 60601, USA","(312) 795-3444","https://www.raisedbarchicago.com/","https://maps.google.com/?cid=9170172767063021785&g_mp=CiVnb29nbGUubWFwcy5wbGFjZXMudjEuUGxhY2VzLkdldFBsYWNlEAIYBCAA","4.2","1536","5","5","0","5","Tonya","5","Nice vibes + good food and drinks = a great birthday celebration. When our party of 8 arrived there was a long wait for","raisedbar@renhotels.com","","","","2026-04-28"
"Beatrix Loop","155 N Wacker Dr, Chicago, IL 60606, USA","(312) 736-0404","https://www.beatrixrestaurants.com/beatrix/loop/","https://maps.google.com/?cid=3472891957784273027&g_mp=CiVnb29nbGUubWFwcy5wbGFjZXMudjEuUGxhY2VzLkdldFBsYWNlEAIYBCAA","4.8","700","5","5","0","5","Kelly CS","5","My friend and I stopped here for happy hour on a Friday afternoon and it was a complete vibe. We sat at the bar and got","info@beatrixrestaurants.com","","","","2026-04-28"
"Kitchen + Kocktails By Kevin Kelley - Chicago","339 N Dearborn St, Chicago, IL 60654, USA","(312) 847-5543","http://kitchenkocktailsusa.com/","https://maps.google.com/?cid=7958031046481470143&g_mp=CiVnb29nbGUubWFwcy5wbGFjZXMudjEuUGxhY2VzLkdldFBsYWNlEAIYBCAA","4.7","16325","5","5","0","4","Tiffany","4","Got there around 4:45 PM, Fatima was nice ! I decided to sit at the bar. Cam took my food and drink order. It was happy","info@kitchenkocktailsusa.com","","","","2026-04-28"
"Sophia Steak Chicago","748 N State St, Chicago, IL 60654, USA","(773) 569-3522","https://sophiasteak.com/","https://maps.google.com/?cid=2282328380003939610&g_mp=CiVnb29nbGUubWFwcy5wbGFjZXMudjEuUGxhY2VzLkdldFBsYWNlEAIYBCAA","4.8","510","5","5","0","5","Justin","5","This was our last dinner for restaraunt week and we are so glad we came after seeing other good reviews on it!  We start","info@sophiasteak.com","","","","2026-04-28"
"RPM Seafood","317 N Clark St, Chicago, IL 60654, USA","(312) 900-9035","http://rpmrestaurants.com/rpm-seafood/","https://maps.google.com/?cid=17557972303915198800&g_mp=CiVnb29nbGUubWFwcy5wbGFjZXMudjEuUGxhY2VzLkdldFBsYWNlEAIYBCAA","4.8","5933","5","5","0","4","Amanda Zampieri","4","This place is very cozy, with great lighting and a calm atmosphere. The food was delicious — our fish dishes were excell","info@rpmrestaurants.com","","","","2026-04-28"
"Broken English Taco Pub","75 E Lake St, Chicago, IL 60601, USA","(312) 929-3601","https://www.tacopub.com/","https://maps.google.com/?cid=13124381189420381560&g_mp=CiVnb29nbGUubWFwcy5wbGFjZXMudjEuUGxhY2VzLkdldFBsYWNlEAIYBCAA","4.5","4732","5","5","0","4","Nathan Nicholas","4","Fun spot with decent food. We’re traveling and had a super long day so didn’t do drinks but the margs looked great. Our","info@tacopub.com","","","","2026-04-28"
"Exchequer Restaurant & Pub","226 S Wabash Ave, Chicago, IL 60604, USA","(312) 939-5633","http://www.exchequerpub.com/","https://maps.google.com/?cid=3110015062117654380&g_mp=CiVnb29nbGUubWFwcy5wbGFjZXMudjEuUGxhY2VzLkdldFBsYWNlEAIYBCAA","4.4","3091","5","5","0","5","Jill B","5","Really cool restaurant/bar with lots of history.  We had the Chicago deep dish pizza with sausage and Italian beef and R","info@exchequerpub.com","","","","2026-04-28"
"State and Lake Chicago Tavern","201 N State St Floor 1, Chicago, IL 60601, USA","(312) 239-9400","https://stateandlakechicago.com/?y_source=1_MTU0MDUzNDItNzE1LWxvY2F0aW9uLndlYnNpdGU%3D","https://maps.google.com/?cid=17269827924935011587&g_mp=CiVnb29nbGUubWFwcy5wbGFjZXMudjEuUGxhY2VzLkdldFBsYWNlEAIYBCAA","4.1","1020","5","5","0","4","Tony H","4","Food... pretty decent! My steak was cooked perfect to order (medium-rare, as if there's any other way to eat a steak lol","info@stateandlakechicago.com","","","","2026-04-28"
"Frontera Grill","445 N Clark St, Chicago, IL 60654, USA","(312) 661-1434","https://www.fronteragrill.com/","https://maps.google.com/?cid=4051135207485635543&g_mp=CiVnb29nbGUubWFwcy5wbGFjZXMudjEuUGxhY2VzLkdldFBsYWNlEAIYBCAA","4.4","3370","5","5","0","4","Isabelle Hofgaertner","4","We had an absolutely delicious meal at Frontera. The food was top notch - very authentic flavors. The table side margari","info@fronteragrill.net","","","","2026-04-28"
"Acanto","18 S Michigan Ave, Chicago, IL 60603, USA","(312) 578-0763","https://www.acantochicago.com/","https://maps.google.com/?cid=857717032410439424&g_mp=CiVnb29nbGUubWFwcy5wbGFjZXMudjEuUGxhY2VzLkdldFBsYWNlEAIYBCAA","4.5","1148","5","5","0","5","Jordan C","5","Stopped in for a late lunch and was excited to find happy hour from 2-5 which included a decent variety of food and drin","info@acantochicago.com","","","","2026-04-28"
"ROOF on theWit","201 N State St 27th Floor, Chicago, IL 60601, USA","(312) 239-9502","http://www.roofonthewit.com/","https://maps.google.com/?cid=5429763138968559120&g_mp=CiVnb29nbGUubWFwcy5wbGFjZXMudjEuUGxhY2VzLkdldFBsYWNlEAIYBCAA","4.2","2203","5","5","0","4","Sam Martinez","4","Arrived at the restaurant and the host just directed me straight to the bar top due to just being one person which I ass","info@roofonthewit.com","","","","2026-04-28"
"Petterinos","150 N Dearborn St, Chicago, IL 60601, USA","(312) 422-0150","https://petterinos.com/","https://maps.google.com/?cid=10772972920853116446&g_mp=CiVnb29nbGUubWFwcy5wbGFjZXMudjEuUGxhY2VzLkdldFBsYWNlEAIYBCAA","4.3","2122","5","5","0","4","Claudene Simpson","4","We went after an Opera Matinée during the week, so we got there around 4:30 pm when it was quiet. The wait staff was att","info@petterinos.com","","","","2026-04-28"
"Roka Akor - Chicago","456 N Clark St, Chicago, IL 60654, USA","(312) 477-7652","https://rokaakor.com/","https://maps.google.com/?cid=6221646778107819994&g_mp=CiVnb29nbGUubWFwcy5wbGFjZXMudjEuUGxhY2VzLkdldFBsYWNlEAIYBCAA","4.6","2209","5","5","0","5","Bryon Schmitz","5","Very impressed with the service and food at Roka Akor on Clark St. We ordered a couple shareables and two rolls along wi","info@rokaakor.com","","","","2026-04-28"
"South Branch Tavern & Grille (The Loop - Chicago)","100 S Wacker Dr, Chicago, IL 60606, USA","(312) 546-6177","http://www.southbranchchicago.com/","https://maps.google.com/?cid=17428682362079228946&g_mp=CiVnb29nbGUubWFwcy5wbGFjZXMudjEuUGxhY2VzLkdldFBsYWNlEAIYBCAA","4.6","3026","5","5","0","4","-b","4","Stopped by here for a quick lunch on the way home from a meeting downtown. Ordered the buffalo rolls and they were hones","info@southbranchchicago.com","","","","2026-04-28"
"Chicago Cut Steakhouse","300 N La Salle Dr, Chicago, IL 60654, USA","(312) 329-1800","http://www.chicagocutsteakhouse.com/","https://maps.google.com/?cid=9294240848300660600&g_mp=CiVnb29nbGUubWFwcy5wbGFjZXMudjEuUGxhY2VzLkdldFBsYWNlEAIYBCAA","4.4","3258","5","5","0","4","Jacob Nunnenkamp","4","Unfortunately we didn’t get a picture of the fillet sliders but they were by far the best thing we ate all night. Also n","info@chicagocutsteakhouse.com","","","","2026-04-28"
"Blue Fire Restaurant","7438 W North Ave, Elmwood Park, IL 60707, USA","(708) 453-2155","https://bluefirerestaurant.com/?utm_source=googlemaps","https://maps.google.com/?cid=8984666728906298291&g_mp=CiVnb29nbGUubWFwcy5wbGFjZXMudjEuUGxhY2VzLkdldFBsYWNlEAIYBCAA","4.8","1137","5","5","0","4","H H (Mom42millenials)","4","What a find ! Came on a Monday evening and had fabulous service and tasty food. A bit dark for my liking but they have l","info@bluefirerestaurant.com","","","","2026-04-28"
"The Marq","60 W Adams St, Chicago, IL 60603, USA","(312) 600-4434","http://www.themarqchicago.com/","https://maps.google.com/?cid=2115237440027026030&g_mp=CiVnb29nbGUubWFwcy5wbGFjZXMudjEuUGxhY2VzLkdldFBsYWNlEAIYBCAA","4.5","1353","5","5","0","4","Ilhan Tanir","4","I stopped by the bar for lunch and ordered the Reuben sandwich with a glass of beer before catching up with my flight. T","user@domain.com","","","",""
"Smith & Wollensky - Chicago","318 N State St, Chicago, IL 60654, USA","(312) 670-9900","https://www.smithandwollensky.com/locations/chicago/","https://maps.google.com/?cid=3341069098741303602&g_mp=CiVnb29nbGUubWFwcy5wbGFjZXMudjEuUGxhY2VzLkdldFBsYWNlEAIYBCAA","4.4","3478","5","5","0","5","John Rustrick","5","Old fashioned steakhouse on the Chicago river. Service was great. Food was great. Amazing wine list to suit all budget r","info@smithandwollensky.com","","","","2026-04-28"
"State of Grace","3258 Westheimer Rd, Houston, TX 77098, USA","(832) 942-5080","http://www.stateofgracetx.com/","https://maps.google.com/?cid=15447332265126439228&g_mp=CiVnb29nbGUubWFwcy5wbGFjZXMudjEuUGxhY2VzLkdldFBsYWNlEAIYBCAA","4.6","1972","5","5","2","2","E","2","Food is DEFINITELY not worth the price tag. Save your money and get a better steak at travelers table or baso. Wanted to","eventsstateofgrace@rocketfarmrestaurants.com","","","","2026-04-28"
"Downtown Aquarium","410 Bagby St, Houston, TX 77002, USA","(713) 223-3474","https://www.downtownaquariumhouston.com/","https://maps.google.com/?cid=1885787193210241246&g_mp=CiVnb29nbGUubWFwcy5wbGFjZXMudjEuUGxhY2VzLkdldFBsYWNlEAIYBCAA","4.1","24870","5","5","2","3","Michael Scott","3","I've been to several aquariums🐠🐡 in different parts of the world.🌏 This one was nice. Very clean water. Obviously old","info@downtownaquariumhouston.com","","","","2026-04-28"
"Squable","632 W 19th St, Houston, TX 77008, USA","(832) 834-7362","http://squabletime.com/","https://maps.google.com/?cid=11618115099423228810&g_mp=CiVnb29nbGUubWFwcy5wbGFjZXMudjEuUGxhY2VzLkdldFBsYWNlEAIYBCAA","4.6","1066","5","5","2","3","ml","3","Came here to try the Dutch baby but didn’t see it on the menu, what we ended up ordering surprisingly delighted us. We l","info@squabletime.com","","","","2026-04-28"
"Bungalow","407 Main St, Houston, TX 77002, USA","(713) 393-7868","https://bungalowdining.com/","https://maps.google.com/?cid=69786644118019666&g_mp=CiVnb29nbGUubWFwcy5wbGFjZXMudjEuUGxhY2VzLkdldFBsYWNlEAIYBCAA","4.5","3172","5","5","1","3","Angelica P. Moore","3","We went to have dinner on 11-23-25. I’m a little late posting this review, but here it is. Our waitress was very nice, a","info@bungalowdining.com","","","","2026-04-28"
"Aquarium Restaurant","410 Bagby St, Houston, TX 77002, USA","(713) 315-5126","https://www.downtownaquariumhouston.com/aquarium-restaurant","https://maps.google.com/?cid=9019646833686271065&g_mp=CiVnb29nbGUubWFwcy5wbGFjZXMudjEuUGxhY2VzLkdldFBsYWNlEAIYBCAA","4.7","11097","5","5","1","2","Yvette Boafo","2","I’m gonna try not to be negative so I’ll say positives and negatives. The ambiance is great and the reason I came. Bring","aquariumhouston@ldry.com","","","","2026-04-28"
"Gotti's","811 St Emanuel St, Houston, TX 77003, USA","(713) 405-3500","https://www.gottis.com/","https://maps.google.com/?cid=239380848681080978&g_mp=CiVnb29nbGUubWFwcy5wbGFjZXMudjEuUGxhY2VzLkdldFBsYWNlEAIYBCAA","4.3","3672","5","5","1","3","Mr. T. Smith","3","We visited location while in Houston just being curious and hungry. The staff were awesome, friendly, helpful and honest","info@gottis.com","","","","2026-04-28"
"Brennan's Houston","3300 Smith St, Houston, TX 77006, USA","(713) 522-9711","https://www.brennanshouston.com/","https://maps.google.com/?cid=15025014485337751627&g_mp=CiVnb29nbGUubWFwcy5wbGFjZXMudjEuUGxhY2VzLkdldFBsYWNlEAIYBCAA","4.6","3285","5","5","1","3","Arun Nair","3","My three star rating is taking into account the hype of this restaurant and the menu prices. In true New Orleans fashion","info@brennanshouston.com","","","","2026-04-28"
"The Nash","1111 Rusk St Suite 172, Houston, TX 77002, USA","(713) 222-6274","https://www.thenashhouston.com/","https://maps.google.com/?cid=4057195080704843618&g_mp=CiVnb29nbGUubWFwcy5wbGFjZXMudjEuUGxhY2VzLkdldFBsYWNlEAIYBCAA","4.3","255","5","5","1","2","Christy Chen (Gin)","2","I ordered the “Cauliflower ‘Hot Wings’” ($14), and unfortunately the actual dish looked nothing like the menu photo.  Th","info@thenashhouston.com","","","","2026-04-28"
"Grotto Downtown","1001 Avenida De Las Americas Suite A, Houston, TX 77010, USA","(713) 658-0752","https://www.grottorestaurants.com/location/grotto-downtown-houston-tx/","https://maps.google.com/?cid=3568940419072200646&g_mp=CiVnb29nbGUubWFwcy5wbGFjZXMudjEuUGxhY2VzLkdldFBsYWNlEAIYBCAA","4.3","2020","5","5","1","3","sophia","3","I went to The Grotto for a Valentine’s dinner with friends. The place is gorgeous and being downtown makes it feel extra","info@grottorestaurants.com","","","","2026-04-28"
"The Moonshiners Southern Table + Bar","1000 Prairie St, Houston, TX 77002, USA","(713) 226-7717","http://www.themoonshinershouston.com/","https://maps.google.com/?cid=15884859451286228158&g_mp=CiVnb29nbGUubWFwcy5wbGFjZXMudjEuUGxhY2VzLkdldFBsYWNlEAIYBCAA","4.3","2678","5","5","1","3","Markus Broussard","3","Attended with my family of four. When we walked to the door, no one really greeted us and it took about 25 minutes befor","info@themoonshinershouston.com","","","","2026-04-28"
"Hearsay Market Square","218 Travis St, Houston, TX 77002, USA","(713) 225-8079","https://hearsaygastrolounge.com/locations/market","https://maps.google.com/?cid=2494068104416796340&g_mp=CiVnb29nbGUubWFwcy5wbGFjZXMudjEuUGxhY2VzLkdldFBsYWNlEAIYBCAA","4.4","2246","5","5","1","3","T M","3","Recently had dinner & drinks here - food was a little disappointing considering I have been very satisfied with the food","info@hearsaygastrolounge.com","","","","2026-04-28"
"Hearsay On The Green","1515 Dallas St, Houston, TX 77010, USA","(832) 377-3362","https://hearsaygastrolounge.com/locations/green","https://maps.google.com/?cid=18052082959191897026&g_mp=CiVnb29nbGUubWFwcy5wbGFjZXMudjEuUGxhY2VzLkdldFBsYWNlEAIYBCAA","4.3","1417","5","5","1","1","Lori Miller","1","The food was on point and quite tasty.  The drinks were well thought and presented nicely.  My issue is with the service","info@hearsaygastrolounge.com","","","","2026-04-28"
"Kulture","701 Avenida De Las Americas Suite A, Houston, TX 77010, USA","(713) 357-9697","https://www.opentable.com/r/kulture-restaurant-houston?corrid=50fae509-4298-4dea-aa45-617d784e66a4&avt=eyJ2IjoyLCJtIjoxLCJwIjowLCJzIjowLCJuIjowfQ&p=2&sd=2023-11-16T19%3A00%3A00","https://maps.google.com/?cid=15193923309356264226&g_mp=CiVnb29nbGUubWFwcy5wbGFjZXMudjEuUGxhY2VzLkdldFBsYWNlEAIYBCAA","4.4","1039","5","5","1","3","Tiexin Yang","3","We’ve heard good things about this restaurant and decided to make a reservation and give it a shot. It was a bit disappo","info@opentable.com","","","","2026-04-28"
"Vic & Anthony's Steakhouse","1510 Texas Ave, Houston, TX 77002, USA","(713) 228-1111","https://www.vicandanthonys.com/location/houston/","https://maps.google.com/?cid=8791736186360633508&g_mp=CiVnb29nbGUubWFwcy5wbGFjZXMudjEuUGxhY2VzLkdldFBsYWNlEAIYBCAA","4.6","3745","5","5","1","3","Rick A.","3","First time here. Unfortunately, I was disappointed. The bread they give to tables had a hard crust and was chewy inside.","info@vicandanthonys.com","","","","2026-04-28"
"Theodore Rex","1302 Nance St unit a, Houston, TX 77002, USA","(832) 830-8592","http://trexhouston.com/","https://maps.google.com/?cid=947286582756198313&g_mp=CiVnb29nbGUubWFwcy5wbGFjZXMudjEuUGxhY2VzLkdldFBsYWNlEAIYBCAA","4.6","647","5","5","1","1","Jeffery Williams","1","I write this review out of utmost respect and concern for the person reading it. I strongly advise against visiting this","info@trexhouston.com","","","",""
"Willie G's Seafood","1640 W Loop S, Houston, TX 77027, USA","(713) 840-7190","https://www.williegs.com/location/willie-gs-houston/","https://maps.google.com/?cid=5526383986764377601&g_mp=CiVnb29nbGUubWFwcy5wbGFjZXMudjEuUGxhY2VzLkdldFBsYWNlEAIYBCAA","4.3","3237","5","5","1","2","B. Messa","2","I wrote this review 5 days ago and here was the response:  'Thanks for taking the time to share your feedback with us. I","info@williegs.com","","","","2026-04-28"
"B&B Butchers","1814 Washington Ave, Houston, TX 77007, USA","(713) 862-1814","https://www.bbbutchers.com/","https://maps.google.com/?cid=16552888776156848926&g_mp=CiVnb29nbGUubWFwcy5wbGFjZXMudjEuUGxhY2VzLkdldFBsYWNlEAIYBCAA","4.5","2516","5","5","1","3","Rob Turner","3","Food and drinks were solid and the atmosphere is what you’d expect from a well-known Houston steakhouse. Unfortunately,","info@bbbutchers.com","","","","2026-04-28"
"Lost & Found","160 W Gray St, Houston, TX 77019, USA","(832) 649-3050","https://www.lostandfoundmidtown.com/","https://maps.google.com/?cid=15302077760254295057&g_mp=CiVnb29nbGUubWFwcy5wbGFjZXMudjEuUGxhY2VzLkdldFBsYWNlEAIYBCAA","4.8","17259","5","5","0","4","Charity Elanie","4","After being irritated with Peachez, my party and I went to Lost N Found instead for their Saturday brunch. A totally dif","info@lostandfoundmidtown.com","","","","2026-04-28"
"Hull & Oak","1070 Dallas St, Houston, TX 77002, USA","(713) 242-8555","https://hullandoak.com/","https://maps.google.com/?cid=2507672401770098838&g_mp=CiVnb29nbGUubWFwcy5wbGFjZXMudjEuUGxhY2VzLkdldFBsYWNlEAIYBCAA","4.6","1119","5","5","0","4","J. Siovahn","4","The service from Demont and Jasue in the bar space was awesome! They went above and beyond to ensure that we had a pleas","info@hullandoak.com","","","","2026-04-28"
"JOEY Uptown","5045 Westheimer Rd Suite X01, Houston, TX 77056, USA","(346) 646-5639","https://joeyrestaurants.com/location/joey-uptown","https://maps.google.com/?cid=4795605038652446773&g_mp=CiVnb29nbGUubWFwcy5wbGFjZXMudjEuUGxhY2VzLkdldFBsYWNlEAIYBCAA","4.8","11270","5","5","0","5","DoButter Xoxo","5","Celebrated my 31st birthday dinner here an had booked our reservation probably a few days before. When we arrived the ar","accessibility@joeyrestaurants.com","","","",""
"Brenner's on the Bayou","1 Birdsall St, Houston, TX 77007, USA","(713) 868-4444","https://www.brennerssteakhouse.com/location/brenners-on-the-bayou/","https://maps.google.com/?cid=1960865381609878393&g_mp=CiVnb29nbGUubWFwcy5wbGFjZXMudjEuUGxhY2VzLkdldFBsYWNlEAIYBCAA","4.4","2957","5","5","0","4","Kate Brown","4","We went for Christmas Eve dinner.  I downrated dinner as I was told that it would decorated up for Christmas.  Yes, ther","info@brennerssteakhouse.com","","","","2026-04-28"
"Taste of Texas","10505 Katy Fwy, Houston, TX 77024, USA","(713) 932-6901","http://www.tasteoftexas.com/","https://maps.google.com/?cid=4832776214782661752&g_mp=CiVnb29nbGUubWFwcy5wbGFjZXMudjEuUGxhY2VzLkdldFBsYWNlEAIYBCAA","4.7","10667","5","5","0","5","Jerrell M","5","Taste of Texas was an experience of a life time.  Starting with our waiter Chase.  We visited all the way from Jacksonvi","info@tasteoftexas.com","","","","2026-04-28"
"Pinkerton's Barbecue","1504 Airline Dr, Houston, TX 77009, USA","(713) 802-2000","http://www.pinkertonsbarbecue.com/","https://maps.google.com/?cid=6757941594909484332&g_mp=CiVnb29nbGUubWFwcy5wbGFjZXMudjEuUGxhY2VzLkdldFBsYWNlEAIYBCAA","4.6","5533","5","5","0","4","Jewelz Garcia","4","After an hour wait ��.. we finally were able to dig in and see what all the rave was about.  1st - grab a drink from the","info@pinkertonsbarbecue.com","","","","2026-04-28"
"Hillstone","4848 Kirby Dr, Houston, TX 77098, USA","(713) 529-2385","https://hillstonerestaurant.com/locations/houston/#","https://maps.google.com/?cid=8275844388899617527&g_mp=CiVnb29nbGUubWFwcy5wbGFjZXMudjEuUGxhY2VzLkdldFBsYWNlEAIYBCAA","4.3","3166","5","5","0","4","Ariyah Mandel","4","Had a fantastic night out with friends at Hillstone! ⭐⭐⭐⭐ It’s got that perfect blend of a high-energy vibe and top-tier","info@hillstonerestaurant.com","","","","2026-04-28"
"Granger's Restaurant & Bar","1200 Binz St Suite120, Houston, TX 77004, USA","(713) 529-1443","https://grangershouston.com/","https://maps.google.com/?cid=5871437875736632021&g_mp=CiVnb29nbGUubWFwcy5wbGFjZXMudjEuUGxhY2VzLkdldFBsYWNlEAIYBCAA","4.5","534","5","5","0","5","F Ham","5","Jan 16, 2025 Celebrated my birthday with my guests in the Library room(reserved for private party) at Granger’s. Never h","info@grangershouston.com","","","","2026-04-28"
"La Fisheria","213 Milam St, Houston, TX 77002, USA","(713) 802-1712","http://www.lafisheriahtx.com/","https://maps.google.com/?cid=888646364163046507&g_mp=CiVnb29nbGUubWFwcy5wbGFjZXMudjEuUGxhY2VzLkdldFBsYWNlEAIYBCAA","4.8","4711","5","5","0","5","Darby McAskill","5","Wow! Food and drinks were amazing. My husband and I came and were both highly impressed with the quality and freshness.","lafisheria.downtown@gmail.com","","","","2026-04-28"
"Fielding's Steak","3750 Westheimer Rd, Houston, TX 77027, USA","(713) 769-0670","https://www.fieldings.com/","https://maps.google.com/?cid=2054953327538467944&g_mp=CiVnb29nbGUubWFwcy5wbGFjZXMudjEuUGxhY2VzLkdldFBsYWNlEAIYBCAA","4.8","526","5","5","0","4","V H","4","I came across this gem while trying out the amazing pizza restaurant next-door. I saw they had a happy hour, which is on","info@fieldings.com","","","","2026-04-28"
"Josephine's","318 Gray St, Houston, TX 77002, USA","(713) 527-8988","https://josephinesgulfcoasttradition.com/","https://maps.google.com/?cid=13660047578113550994&g_mp=CiVnb29nbGUubWFwcy5wbGFjZXMudjEuUGxhY2VzLkdldFBsYWNlEAIYBCAA","4.6","656","5","5","0","5","sweeta babeeta","5","Worth the trip!  Stopped by on our way home from IAH looking for some Louisiana style food.  Success!  The recipes actua","info@josephinesgulfcoasttradition.com","","","","2026-04-28"
"The Finn","712 Main St, Houston, TX 77002, USA","(713) 357-5115","https://www.thefinnhou.com/","https://maps.google.com/?cid=16105087931431534332&g_mp=CiVnb29nbGUubWFwcy5wbGFjZXMudjEuUGxhY2VzLkdldFBsYWNlEAIYBCAA","4.4","1075","5","5","0","5","Juan Araujo","5","Laura was at the bar last night and she was so knowledgeable of the city, montrose, and downtown. she was a gem… service","email@example.com","","","","2026-04-28"
"Nancy's Hustle","2704 Polk St A, Houston, TX 77003, USA","(346) 571-7931","http://nancyshustle.com/","https://maps.google.com/?cid=18331579825277067387&g_mp=CiVnb29nbGUubWFwcy5wbGFjZXMudjEuUGxhY2VzLkdldFBsYWNlEAIYBCAA","4.7","2193","5","5","0","5","Bria N","5","Morgan at Nancy’s Hustle really made my birthday dinner special. I made a reservation for one to celebrate my birthday a","info@nancyshustle.com","","","",""
"Xochi","1777 Walker St, Houston, TX 77010, USA","(713) 400-3330","http://www.xochihouston.com/?y_source=1_MTAzMTYxNjcyOS03MTUtbG9jYXRpb24ud2Vic2l0ZQ%3D%3D","https://maps.google.com/?cid=15936752700066905463&g_mp=CiVnb29nbGUubWFwcy5wbGFjZXMudjEuUGxhY2VzLkdldFBsYWNlEAIYBCAA","4.6","4110","5","5","0","4","Connie Kwok","4","Xochi’s Sunday buffet is an incredible way to taste a wide range of dishes from one of Houston’s most reputable restaura","info@xochihouston.com","","","","2026-04-28"
"Good Times","2100 Travis St Ste 160, Houston, TX 77002, USA","(832) 804-7255","https://houstongoodtimes.com/","https://maps.google.com/?cid=2120481491942964872&g_mp=CiVnb29nbGUubWFwcy5wbGFjZXMudjEuUGxhY2VzLkdldFBsYWNlEAIYBCAA","4.5","844","5","5","0","5","Becca Jay","5","Kate was our server and she was amazing! She recommended the Tiffany mimosa which was really good!!!  My daughter and I","info@houstongoodtimes.com","","","","2026-04-28"
"Pappas Bros. Steakhouse","5839 Westheimer Rd, Houston, TX 77057, USA","(713) 780-7352","http://pappasbros.com/","https://maps.google.com/?cid=847379868133848813&g_mp=CiVnb29nbGUubWFwcy5wbGFjZXMudjEuUGxhY2VzLkdldFBsYWNlEAIYBCAA","4.7","2834","5","5","0","4","Melodie","4","Pappas Steakhouse is a classic done right. The staff is attentive and friendly. The elegant interior, and a well-designe","info@pappasbros.com","","","","2026-04-28"
"Bludorn","807 Taft St, Houston, TX 77019, USA","(713) 999-0146","http://www.bludornrestaurant.com/","https://maps.google.com/?cid=15606560300862113057&g_mp=CiVnb29nbGUubWFwcy5wbGFjZXMudjEuUGxhY2VzLkdldFBsYWNlEAIYBCAA","4.6","1363","5","5","0","4","kaylee southivong","4","Came here the Sunday after valentine. Reservation at 7:30pm, got sat around 7:45-7:50. Server was great, but seemed like","user@domain.com","","","",""
"Taste Kitchen + Bar","420 Main St, Houston, TX 77002, USA","(713) 485-5803","https://www.tastedowntownhtx.com/","https://maps.google.com/?cid=6099657683151399804&g_mp=CiVnb29nbGUubWFwcy5wbGFjZXMudjEuUGxhY2VzLkdldFBsYWNlEAIYBCAA","4.4","6691","5","5","0","4","Jaydom9293","4","Today our server Jeffery offered hands down the best customer service you could ever want. He was very informative of th","info@tastedowntownhtx.com","","","","2026-04-28"
"Guard and Grace - Houston","500 Dallas St Suite 100, Houston, TX 77002, USA","(346) 326-0789","https://www.guardandgrace.com/houston","https://maps.google.com/?cid=11405338673979423200&g_mp=CiVnb29nbGUubWFwcy5wbGFjZXMudjEuUGxhY2VzLkdldFBsYWNlEAIYBCAA","4.5","1947","5","5","0","5","Miriam - Houston Photographer","5","I recently photographed a wedding reception at Guard and Grace, and it was the epitome of downtown elegance. The space i","hectorm@tagrg.com","","","","2026-04-28"
"POST Market (Food Hall)","401 Franklin St Suite 1200, Houston, TX 77201, USA","(713) 999-2550","https://posthtx.com/eat","https://maps.google.com/?cid=15977678528076910847&g_mp=CiVnb29nbGUubWFwcy5wbGFjZXMudjEuUGxhY2VzLkdldFBsYWNlEAIYBCAA","4.6","2021","5","5","0","4","Gourmand","4","I give this food hall four stars because wild the food and service is average, the atmosphere is actually pretty cool. A","hello@posthtx.com","","","","2026-04-28"
"Traveler's Table - Montrose","520 Westheimer Rd, Houston, TX 77006, USA","(832) 409-5785","http://www.travelerstable.com/","https://maps.google.com/?cid=13267085063722997148&g_mp=CiVnb29nbGUubWFwcy5wbGFjZXMudjEuUGxhY2VzLkdldFBsYWNlEAIYBCAA","4.6","2817","5","5","0","5","Princy V","5","Forgot I had been sitting on this review for a bit now. This place is FANTASTIC and it’s very impressive to note that tr","info@travelerstable.com","","","","2026-04-28"
"Truluck's Ocean's Finest Seafood & Crab","5350 Westheimer Rd, Houston, TX 77056, USA","(713) 783-7270","https://trulucks.com/locations/houston-texas/","https://maps.google.com/?cid=8342698978172690792&g_mp=CiVnb29nbGUubWFwcy5wbGFjZXMudjEuUGxhY2VzLkdldFBsYWNlEAIYBCAA","4.6","2947","5","5","0","5","LaTora Reid","5","Yessssssssssssssssssssssssssssssssss you all are amazing!!! The food, ambiance, service, and anything I forgot to mentio","houstonevents@trulucks.com","","","","2026-04-28"
"Musaafer","Suite C-3500, 5115 Westheimer Rd, Houston, TX 77056, USA","(713) 242-8087","https://www.musaaferhouston.com/","https://maps.google.com/?cid=8490268807699190194&g_mp=CiVnb29nbGUubWFwcy5wbGFjZXMudjEuUGxhY2VzLkdldFBsYWNlEAIYBCAA","4.6","4045","5","5","0","4","J C","4","I had been meaning to visit this restaurant for quite some time. We usually dine out on Fridays or Saturdays, and since","info@musaaferhouston.com","","","","2026-04-28"
"Kiss","2313 Edwards St #100, Houston, TX 77007, USA","(281) 974-1759","https://kissrestaurant.com/","https://maps.google.com/?cid=12949864798775845705&g_mp=CiVnb29nbGUubWFwcy5wbGFjZXMudjEuUGxhY2VzLkdldFBsYWNlEAIYBCAA","4.3","1923","5","5","0","4","VStar","4","Great ambience and music. The servers were friendly and answered questions about drinks and food. We enjoyed a nice appe","info@kissrestaurant.com","","","","2026-04-28"
"Potente","1515 Texas Ave, Houston, TX 77002, USA","(713) 237-1515","https://www.potentehouston.com/","https://maps.google.com/?cid=6762223433519276191&g_mp=CiVnb29nbGUubWFwcy5wbGFjZXMudjEuUGxhY2VzLkdldFBsYWNlEAIYBCAA","4.7","924","5","5","0","5","Heath Felps","5","Potente is next level, food, service, and a quiet atmosphere to truly enjoy your meal. I’ve been several times and it al","gm@potentehouston.com","","","","2026-04-28"
"BCN Taste & Tradition","4210 Roseland St, Houston, TX 77006, USA","(832) 834-3411","http://bcnhouston.com/","https://maps.google.com/?cid=1302421977924149845&g_mp=CiVnb29nbGUubWFwcy5wbGFjZXMudjEuUGxhY2VzLkdldFBsYWNlEAIYBCAA","4.7","1230","5","5","0","5","Emilio Diaz","5","We went to BCN Taste & Tradition a few days ago for dinner, right after arriving in Houston from the airport. We made it","info@bcnhouston.com","","","","2026-04-28"
"Mi Luna Tapas Restaurant & Bar","888 Westheimer Rd Suite 126, Houston, TX 77006, USA","(281) 888-7649","https://www.milunatapasbar.com/","https://maps.google.com/?cid=5500914445729569392&g_mp=CiVnb29nbGUubWFwcy5wbGFjZXMudjEuUGxhY2VzLkdldFBsYWNlEAIYBCAA","4.6","763","5","5","0","5","Badeea Aad","5","Mi Luna Tapas Restaurant & Bar is truly a one-of-a-kind place. I would love to see more restaurants like this in Houston","info@milunatapasbar.com","","","","2026-04-28"
"The Breakfast Klub","3711 Travis St, Houston, TX 77002, USA","(713) 528-8561","http://www.thebreakfastklub.com/","https://maps.google.com/?cid=10512849386537792943&g_mp=CiVnb29nbGUubWFwcy5wbGFjZXMudjEuUGxhY2VzLkdldFBsYWNlEAIYBCAA","4.7","9980","5","5","0","5","jesse lopez","5","Right off the bat our experience got off to a great start. While we waited in line to order, one of the workers, possibl","info@thebreakfastklub.com","","","","2026-04-28"
"Toca Madera Houston","1755 Allen Pkwy Suite 101, Houston, TX 77019, USA","(713) 715-5808","https://tocamadera.com/","https://maps.google.com/?cid=17826517231630618791&g_mp=CiVnb29nbGUubWFwcy5wbGFjZXMudjEuUGxhY2VzLkdldFBsYWNlEAIYBCAA","4.2","2247","5","5","0","5","T. N.","5","I dined for the first time to celebrate my birthday. My guests and I truly enjoyed ourselves from the great staff to the","info@tocamadera.com","","","","2026-04-28"
"Terrace 54 Bar + Table","1709 Dryden Rd, Houston, TX 77030, USA","(713) 730-2404","https://terrace54.com/","https://maps.google.com/?cid=7433421667346246883&g_mp=CiVnb29nbGUubWFwcy5wbGFjZXMudjEuUGxhY2VzLkdldFBsYWNlEAIYBCAA","4.5","488","5","5","0","5","Chris Evans","5","Diana was outstanding. From the moment we sat down, she was attentive, professional, and genuinely welcoming. She handle","info@terrace54.com","","","","2026-04-28"
"Lucille's","5512 La Branch St, Houston, TX 77004, USA","(713) 568-2505","https://www.lucilleshouston.net/","https://maps.google.com/?cid=18256275143040862938&g_mp=CiVnb29nbGUubWFwcy5wbGFjZXMudjEuUGxhY2VzLkdldFBsYWNlEAIYBCAA","4.3","4527","5","5","0","4","Alyssha","4","Lucille’s was our first stop when we got settled on our trip to Houston. We sat at the bar (we didn’t want to wait bc we","info@lucilleshouston.net","","","","2026-04-28"
"ChòpnBlọk","401 Franklin St, Houston, TX 77201, USA","(281) 631-5009","https://chopnblok.co/","https://maps.google.com/?cid=17235656836976300830&g_mp=CiVnb29nbGUubWFwcy5wbGFjZXMudjEuUGxhY2VzLkdldFBsYWNlEAIYBCAA","4.6","809","5","5","0","4","Michele Andre","4","This past Saturday, I visited ChòpnBlọk and ordered the Golden entree with steak, chicken, and shrimp, along with a Redb","thebrain@chopnblok.co","","","","2026-04-28"
"Oporto Fooding House & Wine","125 W Gray St #500, Houston, TX 77019, USA","(713) 528-0115","http://www.oportomidtown.us/","https://maps.google.com/?cid=5484938419514968721&g_mp=CiVnb29nbGUubWFwcy5wbGFjZXMudjEuUGxhY2VzLkdldFBsYWNlEAIYBCAA","4.6","1854","5","5","0","5","J Alvarado","5","Been here a few times now and the food and service are always exceptional. Their recommendations were perfect and drinks","info@oportomidtown.us","","","","2026-04-28"
"The Grove","1611 Lamar St, Houston, TX 77010, USA","(713) 337-7321","http://thegrovehouston.com/","https://maps.google.com/?cid=6398782184855472403&g_mp=CiVnb29nbGUubWFwcy5wbGFjZXMudjEuUGxhY2VzLkdldFBsYWNlEAIYBCAA","4.3","1269","5","5","0","4","honeybitesjordy","4","Atmosphere was casual elegant perfect if you want something upscale without feeling overly formal. The setting was beaut","user@domain.com","","","",""
"The Palm - Downtown Houston","1201 Fannin St Suite 129, Houston, TX 77002, USA","(713) 977-2544","https://www.thepalm.com/location/the-palm-houston/","https://maps.google.com/?cid=14478865831945266144&g_mp=CiVnb29nbGUubWFwcy5wbGFjZXMudjEuUGxhY2VzLkdldFBsYWNlEAIYBCAA","4.4","812","5","5","0","5","Zarina Sementelli","5","I came to The Palm Downtown Houston for my birthday dinner, and it was an absolutely amazing experience. This is hands d","info@thepalm.com","","","","2026-04-28"
"Nobie's","2048 Colquitt St, Houston, TX 77098, USA","(346) 319-5919","http://nobieshtx.com/","https://maps.google.com/?cid=2542374498605610387&g_mp=CiVnb29nbGUubWFwcy5wbGFjZXMudjEuUGxhY2VzLkdldFBsYWNlEAIYBCAA","4.6","1097","5","5","0","5","josh L","5","Everything tasted absolutely delicious. The food was phenomenal and the cocktails were delicious. The plates were family","user@domain.com","","","",""
"Cuchara","214 Fairview St Suite #1, Houston, TX 77006, USA","(713) 942-0000","http://www.cuchararestaurant.com/","https://maps.google.com/?cid=12871146031004061396&g_mp=CiVnb29nbGUubWFwcy5wbGFjZXMudjEuUGxhY2VzLkdldFBsYWNlEAIYBCAA","4.3","4777","5","5","0","4","Monica Torres","4","Ordered a variety of plates as we finally had time to stay and try it out without rushing as much. Drinks were nice and","info@cuchararestaurant.com","","","","2026-04-28"
"Weights + Measures","2808 Caroline St, Houston, TX 77004, USA","(713) 281-0426","https://weights-measures.com/","https://maps.google.com/?cid=10300850513249641966&g_mp=CiVnb29nbGUubWFwcy5wbGFjZXMudjEuUGxhY2VzLkdldFBsYWNlEAIYBCAA","4.4","2185","5","5","0","4","Chance","4","Loved this spot! The avocado toast and espresso were incredible, honestly some of the best I’ve had. The chicken and Fre","info@weights-measures.com","","","","2026-04-28"
"Chardon","1711 Allen Pkwy Suite 101, Houston, TX 77019, USA","(346) 560-4180","https://www.chardonhouston.com/","https://maps.google.com/?cid=12639550683125571090&g_mp=CiVnb29nbGUubWFwcy5wbGFjZXMudjEuUGxhY2VzLkdldFBsYWNlEAIYBCAA","4.5","218","5","5","0","5","Zack Ng","5","The restaurant is gorgeous! The ladies in our group loved every corner. We took so many nice photos, I’m pretty sure the","info@chardonhouston.com","","","","2026-04-28"
"Rumi's Kitchen","1801 Post Oak Blvd Suite 120, Houston, TX 77056, USA","(713) 715-7020","https://www.rumiskitchen.com/","https://maps.google.com/?cid=13886727374170986809&g_mp=CiVnb29nbGUubWFwcy5wbGFjZXMudjEuUGxhY2VzLkdldFBsYWNlEAIYBCAA","4.5","1356","5","5","0","5","Helen Nguyen","5","I had a wonderful experience during my first time dining here. Christina and Nathan gave us great recommendations. My fa","user@domain.com","","","",""
"Le Jardinier","5500 Main St Suite 122, Houston, TX 77004, USA","(713) 714-3015","https://www.lejardinier-houston.com/","https://maps.google.com/?cid=4351860520114443708&g_mp=CiVnb29nbGUubWFwcy5wbGFjZXMudjEuUGxhY2VzLkdldFBsYWNlEAIYBCAA","4.5","651","5","5","0","4","Ginb Om","4","Appetizers and desserts were phenomenal. Absolutely loved the beef tartare and burrata. The entrées were a bit underwhel","user@domain.com","","","",""
"Brenner's Steakhouse","10911 Katy Fwy, Houston, TX 77079, USA","(713) 465-2901","https://www.brennerssteakhouse.com/location/brenners-steakhouse/","https://maps.google.com/?cid=1914615428724124111&g_mp=CiVnb29nbGUubWFwcy5wbGFjZXMudjEuUGxhY2VzLkdldFBsYWNlEAIYBCAA","4.5","1624","5","5","0","4","Johnny Quest","4","Heard lots of recommends on Brenner. Went for group party of +10ppl, sat outside during south's fall so comfortably plea","info@brennerssteakhouse.com","","","","2026-04-28"
"ARTISTRY","Finn Hall, 712 Main St, Houston, TX 77002, USA","(713) 309-6391","https://www.artistryhouston.com/?utm_source=google&utm_medium=wix_google_business_profile&utm_campaign=2060692281121717743","https://maps.google.com/?cid=11193850218498110632&g_mp=CiVnb29nbGUubWFwcy5wbGFjZXMudjEuUGxhY2VzLkdldFBsYWNlEAIYBCAA","4.9","127","5","5","0","5","Danielle Henry","5","I visited The Artistry in downtown Houston and ordered the chicken and goat cheese salad. It was fresh, flavorful, and b","info@artistryhouston.com","","","","2026-04-28"
"The Compass","122 N 2nd St, Phoenix, AZ 85004, USA","(602) 440-3166","https://www.thecompassarizona.com/","https://maps.google.com/?cid=426672728776827737&g_mp=CiVnb29nbGUubWFwcy5wbGFjZXMudjEuUGxhY2VzLkdldFBsYWNlEAIYBCAA","4.2","1523","5","5","2","1","Masha Krauchanka","1","My husband took me here for a celebratory night. I really hate to do this but unfortunately the food was so bad I have t","phxrp-compass@hyatt.com","","","","2026-04-28"
"LATHA","628 E Adams St, Phoenix, AZ 85004, USA","(480) 640-6183","https://www.lathaphx.com/","https://maps.google.com/?cid=5545586078511730869&g_mp=CiVnb29nbGUubWFwcy5wbGFjZXMudjEuUGxhY2VzLkdldFBsYWNlEAIYBCAA","4.8","583","5","5","2","2","G M","2","We went for dinner here for my birthday and I’m sorry we did. We didn’t make reservations, but went in as soon as it ope","user@domain.com","","","",""
"Sottise","1025 N 2nd St, Phoenix, AZ 85004, USA","(602) 254-6378","http://www.sottisephx.com/","https://maps.google.com/?cid=14431298928093849032&g_mp=CiVnb29nbGUubWFwcy5wbGFjZXMudjEuUGxhY2VzLkdldFBsYWNlEAIYBCAA","4.5","340","5","5","2","1","Caitlin Hernandez","1","It was my first time here this evening and I honestly hadn’t heard of it before visiting. It’s a beautiful historical ho","hello@sottisephx.com","","","","2026-04-28"
"Chilte","765 Grand Ave, Phoenix, AZ 85007, USA","(602) 807-5226","https://www.chiltephx.com/","https://maps.google.com/?cid=8168188598506199587&g_mp=CiVnb29nbGUubWFwcy5wbGFjZXMudjEuUGxhY2VzLkdldFBsYWNlEAIYBCAA","4.5","447","5","5","2","1","R L","1","We went to Chilte for their Valentine’s Day prix fixe dinner and left extremely disappointed. For a restaurant described","info@chiltephx.com","","","","2026-04-28"
"First & Last","1001 N 3rd Ave #1, Phoenix, AZ 85003, USA","(602) 975-8297","http://www.firstandlastphx.com/","https://maps.google.com/?cid=3886683190046234151&g_mp=CiVnb29nbGUubWFwcy5wbGFjZXMudjEuUGxhY2VzLkdldFBsYWNlEAIYBCAA","4.5","670","5","5","1","2","Hope O'Grady","2","Honestly a really cool spot! I got the veggie sandwich and it was great. My boyfriend ordered the chicken vodka sandwich","user@domain.com","","","",""
"Blanco Cocina + Cantina","123 E Washington St, Phoenix, AZ 85004, USA","(602) 899-8102","https://www.blancotacostequila.com/locations/phoenix-az-block-23/?utm_source=Google&utm_medium=Organic&utm_campaign=Maps","https://maps.google.com/?cid=1884882724359344061&g_mp=CiVnb29nbGUubWFwcy5wbGFjZXMudjEuUGxhY2VzLkdldFBsYWNlEAIYBCAA","4.5","1781","5","5","1","2","Jimmy Allen","2","I had high expectations for this restaurant, but soon I came back to reality. There were a number of issues with this vi","info@blancotacostequila.com","","","","2026-04-28"
"Chico Malo","50 W Jefferson St, Phoenix, AZ 85003, USA","(602) 603-9363","http://chicomalo.com/","https://maps.google.com/?cid=15548050476154818186&g_mp=CiVnb29nbGUubWFwcy5wbGFjZXMudjEuUGxhY2VzLkdldFBsYWNlEAIYBCAA","4.4","2827","5","5","1","3","Lorenzo Warfel","3","TASTY ENCHILADAS, yet small portions. Typically a enchilada dish comes with rice & beans or some sort of side. Unfortuna","user@domain.com","","","",""
"Blue Hound Kitchen & Cocktails","2 E Jefferson St, Phoenix, AZ 85004, USA","(602) 258-0231","https://bluehoundkitchen.com/","https://maps.google.com/?cid=6442625755323530882&g_mp=CiVnb29nbGUubWFwcy5wbGFjZXMudjEuUGxhY2VzLkdldFBsYWNlEAIYBCAA","4.2","1135","5","5","1","3","Timmy Doesn’t Share Food","3","The bar team deserves a medal for surviving the chaos—drinks were on point, service was sharp, and my bartender was basi","info@bluehoundkitchen.com","","","","2026-04-28"
"ROSSO ITALIAN","2 E Jefferson St #113, Phoenix, AZ 85004, USA","(602) 218-6001","http://www.rossoitalian.com/","https://maps.google.com/?cid=17303352176380822925&g_mp=CiVnb29nbGUubWFwcy5wbGFjZXMudjEuUGxhY2VzLkdldFBsYWNlEAIYBCAA","4.6","2113","5","5","1","3","Jenn Kate","3","Decided to go here to eat before a show. We had rsvp at 415pm, arrived at 430pm. Place was dead, a group of 6, 2 tables","info@rossoitalian.com","","","","2026-04-28"
"Pa'La Wood Fired Cooking","132 E Washington St, Phoenix, AZ 85004, USA","(602) 368-3052","http://palakitchen.com/downtown","https://maps.google.com/?cid=3391265101749038771&g_mp=CiVnb29nbGUubWFwcy5wbGFjZXMudjEuUGxhY2VzLkdldFBsYWNlEAIYBCAA","4.4","527","5","5","1","3","Sein G","3","I visited Pa’La Downtown on a Friday night for my friend’s birthday dinner. Overall, my experience was underwhelming, an","events@palakitchen.com","","","","2026-04-28"
"The Rose Garden","101 N 1st Ave, Phoenix, AZ 85003, USA","(602) 899-2988","https://therosegardenaz.com/","https://maps.google.com/?cid=6243814101037537679&g_mp=CiVnb29nbGUubWFwcy5wbGFjZXMudjEuUGxhY2VzLkdldFBsYWNlEAIYBCAA","4.4","415","5","5","1","2","Kayla","2","Although the environment was beautiful, the drinks were tasty, the service was just too terrible to stay. We had reserva","info@therosegardenaz.com","","","","2026-04-28"
"Flower Child","100 E Camelback Rd, Phoenix, AZ 85012, USA","(480) 212-0180","https://www.iamaflowerchild.com/locations/phoenix-az-uptown/?utm_source=Google&utm_medium=Organic&utm_campaign=Maps","https://maps.google.com/?cid=15320650047531842935&g_mp=CiVnb29nbGUubWFwcy5wbGFjZXMudjEuUGxhY2VzLkdldFBsYWNlEAIYBCAA","4.6","1640","5","5","1","1","Christina","1","My food was just sitting on the counter even though I ordered to go. No bags? No utensils? Ok cool! Bagged it myself… Sa","info@iamaflowerchild.com","","","","2026-04-28"
"Carcara","320 N 3rd St, Phoenix, AZ 85004, USA","(602) 817-5400","https://www.carcararestaurant.com/?scid=feed67b0-9a2f-4de1-8df6-114544116108","https://maps.google.com/?cid=3684055250718256139&g_mp=CiVnb29nbGUubWFwcy5wbGFjZXMudjEuUGxhY2VzLkdldFBsYWNlEAIYBCAA","4.1","525","5","5","1","2","Billy Marroquin","2","Went to eat and based on the reviews I had certain expectations. I ordered the Al Pastor Meatballs and the Adobo Shrimp.","carcara@sheraton.com","","","","2026-04-28"
"The Duce","525 S Central Ave, Phoenix, AZ 85004, USA","(602) 866-3823","http://www.theducephx.com/","https://maps.google.com/?cid=11275784414738087719&g_mp=CiVnb29nbGUubWFwcy5wbGFjZXMudjEuUGxhY2VzLkdldFBsYWNlEAIYBCAA","4.3","3356","5","5","1","1","Alessandro Cavallaro","1","Not worthy! Expensive drinks very, VERY, watered down. Like my son's friend lemonade stand offers stronger cocktails! We","reservations@theducephx.com","","","","2026-04-28"
"The Main Ingredient Ale House & Cafe","2337 N 7th St, Phoenix, AZ 85006, USA","(602) 843-6246","http://tmialehouse.com/","https://maps.google.com/?cid=3883094002031508303&g_mp=CiVnb29nbGUubWFwcy5wbGFjZXMudjEuUGxhY2VzLkdldFBsYWNlEAIYBCAA","4.6","1305","5","5","1","3","tdljld","3","This place is in a converted house. It's done up okay. You seat yourself and the benches are too low and our table was a","info@tmialehouse.com","","","","2026-04-28"
"The Coronado PHX","2245 N 12th St, Phoenix, AZ 85006, USA","(602) 325-1004","http://www.thecoronadophx.com/","https://maps.google.com/?cid=2806112239304484403&g_mp=CiVnb29nbGUubWFwcy5wbGFjZXMudjEuUGxhY2VzLkdldFBsYWNlEAIYBCAA","4.5","2289","5","5","1","2","Maia White","2","2 hours of my time I will never get back. For a Friday night, the restaurant was NOT very busy. Seated outside with a pa","thecoronadophx@gmail.com","","","","2026-04-28"
"Barrel & Bushel","122 N 2nd St, Phoenix, AZ 85004, USA","(602) 523-3222","https://barrelandbushelphoenix.com/","https://maps.google.com/?cid=8834029184806839683&g_mp=CiVnb29nbGUubWFwcy5wbGFjZXMudjEuUGxhY2VzLkdldFBsYWNlEAIYBCAA","4.1","328","5","5","1","2","Your Marketing Guy in AZ","2","When it's obvious that the management doesn't want to serve you....  Shout out to the manager here! He just ignored us,","watertablehb@hyatt.com","","","","2026-04-28"
"Wren & Wolf","2 N Central Ave #101, Phoenix, AZ 85004, USA","(602) 562-3510","https://www.wrenandwolf.com/","https://maps.google.com/?cid=9739450341981980330&g_mp=CiVnb29nbGUubWFwcy5wbGFjZXMudjEuUGxhY2VzLkdldFBsYWNlEAIYBCAA","4.5","1719","5","5","0","4","Luna V","4","Wren and Wolf has been my go-to-place for lunch since they opened. They have a wonderful lunch menu that includes breakf","email@example.com","","","","2026-04-28"
"Different Pointe of View","11111 N 7th St, Phoenix, AZ 85020, USA","(623) 745-8485","http://www.tapatiocliffshilton.com/dining/different-pointe-of-view/","https://maps.google.com/?cid=9753363138849406918&g_mp=CiVnb29nbGUubWFwcy5wbGFjZXMudjEuUGxhY2VzLkdldFBsYWNlEAIYBCAA","4.5","2595","5","5","0","4","MEGHAN CUMA","4","What a fantastic experience! My partner and I came for a nice dinner and was blown away by the views. I will say upfront","traci.fox@hilton.com","","","","2026-04-28"
"Miel De Agave Phoenix","705 N 1st St #110, Phoenix, AZ 85004, USA","(480) 690-2872","https://www.lamieldeagave.com/","https://maps.google.com/?cid=985958364204628904&g_mp=CiVnb29nbGUubWFwcy5wbGFjZXMudjEuUGxhY2VzLkdldFBsYWNlEAIYBCAA","4.8","6711","5","5","0","5","mary puga","5","The food here is simply fantastic, and the staff is incredibly friendly. The atmosphere is amazing, with great music to","info@lamieldeagave.com","","","","2026-04-28"
"The Arrogant Butcher","2 E Jefferson St #150, Phoenix, AZ 85004, USA","(602) 324-8502","https://www.thearrogantbutcher.com/locations/phoenix-az/?utm_source=Google&utm_medium=Organic&utm_campaign=Maps","https://maps.google.com/?cid=16729133382072992982&g_mp=CiVnb29nbGUubWFwcy5wbGFjZXMudjEuUGxhY2VzLkdldFBsYWNlEAIYBCAA","4.4","5495","5","5","0","4","Ericka dela Cruz","4","From start to finish, the food was amazing. Fish was fresh, steak cooked to perfection. The jalapeño mignonette with the","info@thearrogantbutcher.com","","","","2026-04-28"
"The Vig","606 N 4th Ave, Phoenix, AZ 85003, USA","(602) 254-2242","https://www.thevig.us/fillmore","https://maps.google.com/?cid=14011754816399414771&g_mp=CiVnb29nbGUubWFwcy5wbGFjZXMudjEuUGxhY2VzLkdldFBsYWNlEAIYBCAA","4.4","3063","5","5","0","5","NATHANIEL BORGSTROM","5","My wife and I had dinner here after seeing a play. What can I say but such a great experience.  The location as a whole","user@domain.com","","","",""
"Palma","903 N 2nd St, Phoenix, AZ 85004, USA","(602) 580-0000","http://palmaphx.com/","https://maps.google.com/?cid=7581280836204187529&g_mp=CiVnb29nbGUubWFwcy5wbGFjZXMudjEuUGxhY2VzLkdldFBsYWNlEAIYBCAA","4.3","1151","5","5","0","4","Dana Torgerson","4","We can hear the first full day of our trip to Phoenix. We were not sure where to park or where to go in for patio seatin","user@domain.com","","","",""
"Olive & Ivy","7135 E Camelback Rd, Scottsdale, AZ 85251, USA","(480) 751-2200","https://www.oliveandivyrestaurant.com/locations/scottsdale-az/?utm_source=Google&utm_medium=Organic&utm_campaign=Maps","https://maps.google.com/?cid=169569295519012288&g_mp=CiVnb29nbGUubWFwcy5wbGFjZXMudjEuUGxhY2VzLkdldFBsYWNlEAIYBCAA","4.6","5943","5","5","0","4","Lane Reed","4","Olive and Ivy is certainly a beautiful spot, making it a perfect place for a nice night out or a happy hour stop. The at","info@oliveandivyrestaurant.com","","","","2026-04-28"
"Cornish Pasty Co","7 W Monroe St, Phoenix, AZ 85003, USA","(602) 374-8500","http://www.cornishpastyco.com/","https://maps.google.com/?cid=6851367274624411876&g_mp=CiVnb29nbGUubWFwcy5wbGFjZXMudjEuUGxhY2VzLkdldFBsYWNlEAIYBCAA","4.5","4669","5","5","0","5","Lex H","5","No matter what you’re in the mood for, Cornish won’t disappoint. Food, drinks, atmosphere, and music are always perfect.","info@cornishpastyco.com","","","","2026-04-28"
"CASA DE JULIA RESTAURANT BAR","Luhrs Tower, 45 W Jefferson St, Phoenix, AZ 85003, USA","(480) 257-2424","https://www.casadejuliaphx.com/","https://maps.google.com/?cid=3604935041335234272&g_mp=CiVnb29nbGUubWFwcy5wbGFjZXMudjEuUGxhY2VzLkdldFBsYWNlEAIYBCAA","4.6","427","5","5","0","5","Erika B","5","We went to Casa de Julia to celebrate my friend’s engagement and had such a great time! The place was fancy, the dinner","info@casadejuliaphx.com","","","","2026-04-28"
"Phoenix City Grille","5816 N 16th St, Phoenix, AZ 85016, USA","(602) 266-3001","http://phoenixcitygrille.com/","https://maps.google.com/?cid=10840478795017150932&g_mp=CiVnb29nbGUubWFwcy5wbGFjZXMudjEuUGxhY2VzLkdldFBsYWNlEAIYBCAA","4.6","1666","5","5","0","4","Kata Budapest tour guide","4","The food at Phoenix City Grille was okay, though a bit on the greasy side. I ordered a burger cooked medium, but it came","info@phoenixcitygrille.com","","","","2026-04-28"
"Caffe Boa","5063 E Elliot Rd, Phoenix, AZ 85044, USA","(480) 630-6314","https://caffeboa.com/","https://maps.google.com/?cid=12863222068199241524&g_mp=CiVnb29nbGUubWFwcy5wbGFjZXMudjEuUGxhY2VzLkdldFBsYWNlEAIYBCAA","4.5","1122","5","5","0","4","Tina T","4","Food tasted great. Menu had a good variety of choices. We really enjoyed the drinks as well. Service as a little slow. A","filler@godaddy.com","","","","2026-04-28"
"The Farish House","816 N 3rd St, Phoenix, AZ 85004, USA","(602) 281-6659","https://farishhouse.com/?utm_source=google&utm_medium=local&utm_campaign=1","https://maps.google.com/?cid=12934519848895546009&g_mp=CiVnb29nbGUubWFwcy5wbGFjZXMudjEuUGxhY2VzLkdldFBsYWNlEAIYBCAA","4.7","609","5","5","0","4","Martin Loehr","4","Brought my boyfriend here for Valentine’s Day. Love the atmosphere. Very intimate, and being in a historic house is alwa","info@farishhouse.com","","","","2026-04-28"
"Bobby-Q BBQ Restaurant and Steakhouse","8501 N 27th Ave, Phoenix, AZ 85051, USA","(602) 995-5982","https://bobbyqbbq.com/bbq-restaurant-phoenix-az/?utm_source=google&utm_medium=organic&utm_campaign=GooglelocalPhoenix","https://maps.google.com/?cid=11940719194717959783&g_mp=CiVnb29nbGUubWFwcy5wbGFjZXMudjEuUGxhY2VzLkdldFBsYWNlEAIYBCAA","4.6","9419","5","5","0","5","Let’s Go Traveling","5","🔥 Whole Hog Heaven in Phoenix, AZ 🔥  If you’re serious about barbecue, this is the spot.  The Whole Hog Heaven platter","info@bobbyqbbq.com","","","","2026-04-28"
"Centrico","101 N 1st Ave, Phoenix, AZ 85003, USA","(602) 254-8226","http://centricophx.com/","https://maps.google.com/?cid=5738330745764777711&g_mp=CiVnb29nbGUubWFwcy5wbGFjZXMudjEuUGxhY2VzLkdldFBsYWNlEAIYBCAA","4.7","1141","5","5","0","5","matthew mckenney","5","Had a great lunch today in downtown PHX. Absolutely delicious. My good friend told to ask if Carnitas would be available","info@centricophx.com","","","","2026-04-28"
"Pretty Penny","509 E Roosevelt St, Phoenix, AZ 85004, USA","(602) 960-0406","http://www.intastewetrust.com/","https://maps.google.com/?cid=1939802855816153917&g_mp=CiVnb29nbGUubWFwcy5wbGFjZXMudjEuUGxhY2VzLkdldFBsYWNlEAIYBCAA","4.9","190","5","5","0","5","Christine Confehr","5","Pretty Penny is such a gem in downtown Phoenix. The food is absolutely beautiful, both visually and flavor-wise. Everyth","info@intastewetrust.com","","","","2026-04-28"
"Lux Central","4402 N Central Ave, Phoenix, AZ 85012, USA","(602) 327-1396","http://www.luxcoffee.com/","https://maps.google.com/?cid=11282892664685570641&g_mp=CiVnb29nbGUubWFwcy5wbGFjZXMudjEuUGxhY2VzLkdldFBsYWNlEAIYBCAA","4.5","3109","5","5","0","5","Voluptuous Vegan","5","Okay Lux Central is not just a coffee shop — it’s an experience. From the outside you’d never know what’s happening insi","info@luxcoffee.com","","","","2026-04-28"
"Pizzeria Bianco","623 E Adams St, Phoenix, AZ 85004, USA","(602) 258-8300","http://www.pizzeriabianco.com/","https://maps.google.com/?cid=1091072168939758786&g_mp=CiVnb29nbGUubWFwcy5wbGFjZXMudjEuUGxhY2VzLkdldFBsYWNlEAIYBCAA","4.4","4806","5","5","0","4","Mariya R","4","Visited the spot featured on Chef’s Table: Pizza. The pizza is truly delicious — great flavor and texture. Salad is just","user@domain.com","","","",""
"Harumi Sushi Bar","101 N 1st Ave, Phoenix, AZ 85003, USA","(602) 258-0131","http://harumisushiaz.com/","https://maps.google.com/?cid=5999889529249404370&g_mp=CiVnb29nbGUubWFwcy5wbGFjZXMudjEuUGxhY2VzLkdldFBsYWNlEAIYBCAA","4.7","3337","5","5","0","4","Luis “Mr.Kopriti” Glinos","4","Walked in with a party of six without a reservation and were seated quickly, which set a great tone. The staff was genui","info@harumisushiaz.com","","","","2026-04-28"
"Crown Public House","333 E Jefferson St, Phoenix, AZ 85004, USA","(602) 368-4344","http://crownpublichouse.com/","https://maps.google.com/?cid=10746933404106759561&g_mp=CiVnb29nbGUubWFwcy5wbGFjZXMudjEuUGxhY2VzLkdldFBsYWNlEAIYBCAA","4.5","963","5","5","0","5","Elizabeth Marie","5","I enjoyed this spot was my first time didn’t expect much because was a game day . My husband and me shared a Carnivore P","info@crownpublichouse.com","","","","2026-04-28"
"Mancuso's Restaurant","201 E Washington St Suite 201, Phoenix, AZ 85004, USA","(480) 556-0770","http://www.mancusosrestaurant.com/","https://maps.google.com/?cid=7536713159985368829&g_mp=CiVnb29nbGUubWFwcy5wbGFjZXMudjEuUGxhY2VzLkdldFBsYWNlEAIYBCAA","4.5","1268","5","5","0","5","Giovane Reta","5","Excellent experience! The food was amazing and the drinks were absolutely delicious. I had the chicken marsala with penn","info@mancusosrestaurant.com","","","","2026-04-28"
"Hanny's","40 N 1st St, Phoenix, AZ 85004, USA","(602) 252-2285","https://hannys.net/","https://maps.google.com/?cid=10347835368263186715&g_mp=CiVnb29nbGUubWFwcy5wbGFjZXMudjEuUGxhY2VzLkdldFBsYWNlEAIYBCAA","4.4","2636","5","5","0","4","Michele Gartzke","4","Hannys is my favorite restaurant in DT PHX. I frequent there for some of the food and of course martinis. I went in this","info@hannys.net","","","","2026-04-28"
"Que Sazon South American Cuisine & Ceviche Bar","622 E Adams St, Phoenix, AZ 85004, USA","(602) 919-2246","https://www.quesazonrestaurant.com/","https://maps.google.com/?cid=11708837452376658697&g_mp=CiVnb29nbGUubWFwcy5wbGFjZXMudjEuUGxhY2VzLkdldFBsYWNlEAIYBCAA","4.9","677","5","5","0","5","Jennifer Cannon","5","What an incredible restaurant! We can’t believe they’ve been open 3 years and we’re just now discovering it. Had the yuc","quesazon.restaurantaz@gmail.com","","","","2026-04-28"
"Rough Rider","1001 N Central Ave, Phoenix, AZ 85004, USA","(602) 675-0439","http://www.roughrideraz.com/","https://maps.google.com/?cid=7137866326368213157&g_mp=CiVnb29nbGUubWFwcy5wbGFjZXMudjEuUGxhY2VzLkdldFBsYWNlEAIYBCAA","4.7","889","5","5","0","5","Alan Haywood","5","Great food, excellent drink and food menu.  The duck was phenomenal, as was the filet and salmon.  Was slow on water ref","info@roughrideraz.com","","","","2026-04-28"
"The Churchill","901 N 1st St Ste 100 - 109, Phoenix, AZ 85004, USA","","https://www.thechurchillphx.com/","https://maps.google.com/?cid=2786358114868468818&g_mp=CiVnb29nbGUubWFwcy5wbGFjZXMudjEuUGxhY2VzLkdldFBsYWNlEAIYBCAA","4.5","460","5","5","0","5","Rose Valor K.","5","This place is a great addition to downtown Phoenix! It’s a creative container setup with a variety of small shops inside","info@thechurchillphx.com","","","","2026-04-28"
"Ingo’s Tasty Food","101 E Washington St Suite A, Phoenix, AZ 85004, USA","(602) 825-3000","https://ingostastyfood.com/?utm_source=GMB&utm_medium=local&utm_campaign=dtphx","https://maps.google.com/?cid=11410120533093979667&g_mp=CiVnb29nbGUubWFwcy5wbGFjZXMudjEuUGxhY2VzLkdldFBsYWNlEAIYBCAA","4.6","727","5","5","0","4","Richard LaBennett","4","Stopped by for lunch. Food was bomb. Service was also really good. It was pretty busy downtown. The steak salad was grea","info@ingostastyfood.com","","","","2026-04-28"
"Welcome Diner","929 E Pierce St, Phoenix, AZ 85006, USA","(602) 495-1111","http://www.welcomediner.net/","https://maps.google.com/?cid=16529200511536996300&g_mp=CiVnb29nbGUubWFwcy5wbGFjZXMudjEuUGxhY2VzLkdldFBsYWNlEAIYBCAA","4.5","2724","5","5","0","4","Don Rogers","4","Friendly staff and welcoming environment. Parking was easy when I went, but I can see how it might get tricky. It is mai","desk@marthaandmary.net","","","","2026-04-28"
"Christopher’s at Wrigley Mansion","2501 E Telawa Trail, Phoenix, AZ 85016, USA","(602) 522-2344","http://wrigleymansion.com/christophers/","https://maps.google.com/?cid=16556806921163913009&g_mp=CiVnb29nbGUubWFwcy5wbGFjZXMudjEuUGxhY2VzLkdldFBsYWNlEAIYBCAA","4.7","204","5","5","0","5","Dante T9","5","I visited Christopher’s at Wrigley Mansion around 8 PM, and the whole experience was incredible. The nighttime atmospher","user@domain.com","","","",""
"Bad Jimmy's","108 E Pierce St, Phoenix, AZ 85004, USA","(480) 386-0129","https://www.badjimmys.com/","https://maps.google.com/?cid=6914144122764352085&g_mp=CiVnb29nbGUubWFwcy5wbGFjZXMudjEuUGxhY2VzLkdldFBsYWNlEAIYBCAA","4.3","531","5","5","0","4","Robert Goolsby","4","While this place was good, didn't live up to the hype. Cool interior with a bar, so that's different than most hamburger","info@badjimmys.com","","","","2026-04-28"
"Course Restaurant","7366 E Shea Blvd Suite 106, Scottsdale, AZ 85260, USA","(480) 687-0491","https://courserestaurantaz.com/","https://maps.google.com/?cid=10760191542069401192&g_mp=CiVnb29nbGUubWFwcy5wbGFjZXMudjEuUGxhY2VzLkdldFBsYWNlEAIYBCAA","4.8","188","5","5","0","5","Jennifer Tran","5","My husband and I came here for my birthday and everything was amazing. The food was delicious and beautifully presented,","%20info@courserestaurantaz.com","","","","2026-04-28"
"The Kettle Black Kitchen & Pub","1 N 1st St # 108, Phoenix, AZ 85004, USA","(602) 651-1185","http://thekettleblackpub.com/","https://maps.google.com/?cid=9529120627326299810&g_mp=CiVnb29nbGUubWFwcy5wbGFjZXMudjEuUGxhY2VzLkdldFBsYWNlEAIYBCAA","4.5","2628","5","5","0","5","Ayanna Crouch","5","I don't usually leave reviews but maybe I should start because this was amazing. I had $17 philly cheesesteak fries and","harry.stpierre22@gmail.com","","","","2026-04-28"
"Arizona Wilderness DTPHX","201 E Roosevelt St, Phoenix, AZ 85004, USA","(480) 462-1836","https://azwbeer.com/location/dtphx-beer-garden","https://maps.google.com/?cid=8559060875669790181&g_mp=CiVnb29nbGUubWFwcy5wbGFjZXMudjEuUGxhY2VzLkdldFBsYWNlEAIYBCAA","4.6","2183","5","5","0","4","Václav Šojdel","4","A pleasant place with a beautiful, spacious garden. The service and food-ordering system is a bit unique, but it works.","info@azwbeer.com","","","","2026-04-28"
"Jacy & Dakota’s","333 N Central Ave, Phoenix, AZ 85004, USA","(602) 429-3600","https://www.jacyanddakotas.com/?scid=feed67b0-9a2f-4de1-8df6-114544116108","https://maps.google.com/?cid=15850101415958110529&g_mp=CiVnb29nbGUubWFwcy5wbGFjZXMudjEuUGxhY2VzLkdldFBsYWNlEAIYBCAA","3.8","123","5","5","0","5","Lane Reed","5","My visit to Jacy and Dakota's during Restaurant Week was a definite success! We opted for the prix fixe menu, and everyt","jacyanddakotas@westin.com","","","","2026-04-28"
"Alden","Restaurant At Phoenix Art Museum, 1625 N Central Ave, Phoenix, AZ 85004, USA","(602) 623-2725","https://aldenphx.com/","https://maps.google.com/?cid=3508315140362414263&g_mp=CiVnb29nbGUubWFwcy5wbGFjZXMudjEuUGxhY2VzLkdldFBsYWNlEAIYBCAA","4.8","35","5","5","0","4","Madeline Dines","4","Went to Alden connected to The Phoenix Theater Company for the first time. We kinda had a weird experience in the beginn","info@aldenphx.com","","","","2026-04-28"
"Gallo Blanco","928 E Pierce St, Phoenix, AZ 85006, USA","","http://galloblancocafe.com/","https://maps.google.com/?cid=11130878346119297924&g_mp=CiVnb29nbGUubWFwcy5wbGFjZXMudjEuUGxhY2VzLkdldFBsYWNlEAIYBCAA","4.6","1914","5","5","0","4","The Food Dude","4","Gallo Blanco delivers a fresh, modern take on Mexican cuisine, and it does so with confidence. The space itself sets the","info@galloblancocafe.com","","","","2026-04-28"
"Yellowbell","2401 E Camelback Rd, Phoenix, AZ 85016, USA","(602) 522-6691","https://www.thecamby.com/dine/yellowbell/","https://maps.google.com/?cid=15095557149228407017&g_mp=CiVnb29nbGUubWFwcy5wbGFjZXMudjEuUGxhY2VzLkdldFBsYWNlEAIYBCAA","4.5","10","5","5","0","4","Jennifer DiPietro","4","My husband and I recently had a lovely evening together at the Camby for Valentines Day. We kick started it with the Rar","info@thecamby.com","","","","2026-04-28"
"Yard House","21001 N Tatum Blvd, Phoenix, AZ 85050, USA","(480) 563-9273","https://www.yardhouse.com/locations/az/phoenix/phoenix-desert-ridge/8310?cmpid=br:yh_ag:ie_ch:loc_ca:YHGMB_sn:gmb_gt:phoenix-az-8310_pl:locurl_rd:1009","https://maps.google.com/?cid=11896137497086410591&g_mp=CiVnb29nbGUubWFwcy5wbGFjZXMudjEuUGxhY2VzLkdldFBsYWNlEAIYBCAA","4.5","3862","5","5","0","4","Sparkle's TheLady","4","The overall experience was great. Chill atmosphere and good food. Drinks were great as well. We would go back if there w","info@yardhouse.com","","","",""
"The Pemberton","1121 N 2nd St, Phoenix, AZ 85004, USA","(602) 830-3797","http://www.thepemberton.com/","https://maps.google.com/?cid=8895038308526915618&g_mp=CiVnb29nbGUubWFwcy5wbGFjZXMudjEuUGxhY2VzLkdldFBsYWNlEAIYBCAA","4.6","855","5","5","0","5","msbusyblonde","5","The Pemberton is a large outdoor entertainment venue in downtown Phoenix. Park along the street or do as we did and pull","info@thepemberton.com","","","","2026-04-28"
"Fry Bread House","4545 N 7th Ave, Phoenix, AZ 85013, USA","(602) 351-2345","https://www.azfrybreadhouse.com/","https://maps.google.com/?cid=17585002828924543526&g_mp=CiVnb29nbGUubWFwcy5wbGFjZXMudjEuUGxhY2VzLkdldFBsYWNlEAIYBCAA","4.6","4173","5","5","0","4","FoodWanderer","4","This is place is good. I got the ultimate taco with chile verde. It was good as well as the red chilli. I also got a poz","user@domain.com","","","",""
"The Old Spaghetti Factory","1418 N Central Ave, Phoenix, AZ 85004, USA","(602) 257-0380","http://www.osf.com/location/phoenix-az/","https://maps.google.com/?cid=3620206354062127326&g_mp=CiVnb29nbGUubWFwcy5wbGFjZXMudjEuUGxhY2VzLkdldFBsYWNlEAIYBCAA","4.3","6484","5","5","0","4","Jennifer DiPietro","4","’ve been wanting to come here for years and was so excited to finally try it. The minestrone soup and bread were absolut","info@osf.com","","","","2026-04-28"
"Mariscos Playa Hermosa","1605 E Garfield St, Phoenix, AZ 85006, USA","(602) 462-1563","http://www.mariscosplayahermosa.com/","https://maps.google.com/?cid=8446152687741294868&g_mp=CiVnb29nbGUubWFwcy5wbGFjZXMudjEuUGxhY2VzLkdldFBsYWNlEAIYBCAA","4.4","3357","5","5","0","5","Lane Reed","5","I had a really solid experience at Marsico's Playa Hermosa. If you are looking for fresh seafood and a lively atmosphere","info@mariscosplayahermosa.com","","","","2026-04-28"
"Bacanora PHX","1301 Grand Ave #1, Phoenix, AZ 85007, USA","","https://www.bacanoraphx.com/","https://maps.google.com/?cid=6768588956740967366&g_mp=CiVnb29nbGUubWFwcy5wbGFjZXMudjEuUGxhY2VzLkdldFBsYWNlEAIYBCAA","4.4","666","5","5","0","4","Robert Kirkpatrick","4","Bacanora has become a bit of a local sensation.  It is rather difficult to find upscale traditional Mexican food in the","user@domain.com","","","",""
"Condesa Phoenix","130 N Central Ave, Phoenix, AZ 85004, USA","(602) 892-5550","https://condesaphx.com/","https://maps.google.com/?cid=7605905129194911399&g_mp=CiVnb29nbGUubWFwcy5wbGFjZXMudjEuUGxhY2VzLkdldFBsYWNlEAIYBCAA","4.6","203","5","5","0","4","Brandon Pickett","4","This was a tough one. Everything was very good! If you go here for tacos you will not be disappointed! Go for lunch 3 ta","info@condesaphx.com","","","","2026-04-28"
"Rouge","205 S 18th St, Philadelphia, PA 19103, USA","(215) 732-6622","http://www.rouge98.com/","https://maps.google.com/?cid=18315660904743286510&g_mp=CiVnb29nbGUubWFwcy5wbGFjZXMudjEuUGxhY2VzLkdldFBsYWNlEAIYBCAA","4.2","816","5","5","2","1","Nuria El","1","I’m sorry, but the food was really disappointing this time. We ordered the roasted chicken, and it was completely underc","events@jmachospitality.com","","","","2026-04-28"
"Bonchon Philadelphia","1020 Cherry St, Philadelphia, PA 19107, USA","(267) 639-6686","https://restaurants.bonchon.com/locations/pa/philadelphia/1020-cherry-st","https://maps.google.com/?cid=10479699513706488750&g_mp=CiVnb29nbGUubWFwcy5wbGFjZXMudjEuUGxhY2VzLkdldFBsYWNlEAIYBCAA","4.1","1848","5","5","2","1","Rye Hall","1","I rarely leave reviews, but my experience at Bonchon in Chinatown was so disappointing that I feel compelled to warn oth","info@restaurants.bonchon.com","","","","2026-04-28"
"The Dandelion","124 S 18th St, Philadelphia, PA 19103, USA","(215) 558-2500","https://thedandelionpub.com/?utm_source=GoogleBusinessProfile&utm_medium=Website&utm_campaign=MapLabs","https://maps.google.com/?cid=3628859633631552925&g_mp=CiVnb29nbGUubWFwcy5wbGFjZXMudjEuUGxhY2VzLkdldFBsYWNlEAIYBCAA","4.6","5404","5","5","1","3","hungry angela","3","Basically a harry potter set! Such a cute place.  I have been on several occasions for dinner, afternoon tea and even ju","info@thedandelionpub.com","","","","2026-04-28"
"Harper's Garden","31 S 18th St, Philadelphia, PA 19103, USA","(267) 886-8552","http://harpersgardenphilly.com/","https://maps.google.com/?cid=5112434731021252714&g_mp=CiVnb29nbGUubWFwcy5wbGFjZXMudjEuUGxhY2VzLkdldFBsYWNlEAIYBCAA","4.1","1301","5","5","1","3","Khabirah Acosta","3","If you’re looking for a cute restaurant to just grab drinks and not really eat, this is perfect for that! Our server Liz","info@harpersgardenphilly.com","","","","2026-04-28"
"Harp & Crown","1525 Sansom St, Philadelphia, PA 19102, USA","(215) 330-2800","https://harpcrown.com/","https://maps.google.com/?cid=16164783213441600536&g_mp=CiVnb29nbGUubWFwcy5wbGFjZXMudjEuUGxhY2VzLkdldFBsYWNlEAIYBCAA","4.5","2398","5","5","1","3","Ariana Lucidonio","3","Harp & Crown has a brunch buffet on the weekends at $38 per person. It was unfortunately a miss for our group. I do want","user@domain.com","","","",""
"Jean-Georges Philadelphia","One N 19th St, Philadelphia, PA 19103, USA","(215) 419-5057","https://www.jean-georgesphiladelphia.com/?utm_source=google&utm_medium=organicsearch&utm_campaign=tor-phi-fab-mid-seo-na&utm_content=na-na&utm_term=na","https://maps.google.com/?cid=9925574267792618118&g_mp=CiVnb29nbGUubWFwcy5wbGFjZXMudjEuUGxhY2VzLkdldFBsYWNlEAIYBCAA","4.5","801","5","5","1","3","Miguel Ballesteros","3","The service was fantastic, our server Yusuf was very professional and attentive. Started off with drinks, pretty good, a","info@jean-georgesphiladelphia.com","","","","2026-04-28"
"Skyhigh","One N 19th St, Philadelphia, PA 19103, USA","(215) 419-5059","https://www.skyhighphiladelphia.com/?utm_source=google&utm_medium=organicsearch&utm_campaign=tor-phi-fab-mid-seo-na&utm_content=na-na&utm_term=na","https://maps.google.com/?cid=4897540185506444026&g_mp=CiVnb29nbGUubWFwcy5wbGFjZXMudjEuUGxhY2VzLkdldFBsYWNlEAIYBCAA","4.3","582","5","5","1","2","jack wang","2","The only reason this place has 2 star is because of the desert. The chocolate cake was so good I was licking at the plat","info@skyhighphiladelphia.com","","","","2026-04-28"
"Bud & Marilyn's","1234 Locust St, Philadelphia, PA 19107, USA","(215) 546-2220","http://budandmarilyns.com/","https://maps.google.com/?cid=6256924426230298740&g_mp=CiVnb29nbGUubWFwcy5wbGFjZXMudjEuUGxhY2VzLkdldFBsYWNlEAIYBCAA","4.5","2425","5","5","1","3","Samantha","3","We went to Bud & Marilyn’s for brunch after seeing all the great reviews. We were seated quickly and arrived just a minu","info@budandmarilyns.com","","","","2026-04-28"
"The Capital Grille","1338-46 Chestnut St, Philadelphia, PA 19107, USA","(215) 545-9588","https://www.thecapitalgrille.com/locations/pa/philadelphia/philadelphia/8013?cmpid=br:tcg_ag:ie_ch:loc_ca:TCGGMB_sn:gmb_gt:philadelphia-pa-8013_pl:locurl_rd:1010","https://maps.google.com/?cid=11626946142647012124&g_mp=CiVnb29nbGUubWFwcy5wbGFjZXMudjEuUGxhY2VzLkdldFBsYWNlEAIYBCAA","4.6","2288","5","5","1","3","Maya","3","We’ve been here several times before. I’m glad we were able to get reservations the day before Valentine’s Day because t","info@thecapitalgrille.com","","","","2026-04-28"
"Barbuzzo","110 S 13th St, Philadelphia, PA 19107, USA","(215) 546-9300","http://barbuzzo.com/","https://maps.google.com/?cid=16591130364369490179&g_mp=CiVnb29nbGUubWFwcy5wbGFjZXMudjEuUGxhY2VzLkdldFBsYWNlEAIYBCAA","4.5","2267","5","5","1","3","DelAware","3","Enjoyed my zero fizz passion fruit mocktail in a dimly lit cozy bar atmosphere!  No bar stool back support so won't reco","barbuzzorestaurant@yahoo.com","","","","2026-04-28"
"High Street Philadelphia","101 S 9th St Suite 106, Philadelphia, PA 19107, USA","(215) 625-0988","http://www.highstreetphilly.com/","https://maps.google.com/?cid=17196661176786097642&g_mp=CiVnb29nbGUubWFwcy5wbGFjZXMudjEuUGxhY2VzLkdldFBsYWNlEAIYBCAA","4.5","1163","5","5","1","3","Danakha","3","Fun fact, this place was a bakery, and they had amazing pizza crust. Overall the food was good, the staff friendly. Not","info@highstreetphilly.com","","","","2026-04-28"
"Her Place Supper Club","1740 Sansom St, Philadelphia, PA 19103, USA","","http://www.herplacephilly.com/","https://maps.google.com/?cid=3557427363717305539&g_mp=CiVnb29nbGUubWFwcy5wbGFjZXMudjEuUGxhY2VzLkdldFBsYWNlEAIYBCAA","4.7","233","5","5","1","3","N J","3","Nothing is too bad here, but nothing is impressive either.  I liked the quail, which was nicely cooked. I liked the savo","info@herplacephilly.com","","","","2026-04-28"
"Marathon Grill","121 S 16th St, Philadelphia, PA 19102, USA","(215) 569-3278","http://eatmarathon.com/16th-and-sansom/","https://maps.google.com/?cid=17298719839344608988&g_mp=CiVnb29nbGUubWFwcy5wbGFjZXMudjEuUGxhY2VzLkdldFBsYWNlEAIYBCAA","4.2","1716","5","5","1","3","Tinotenda Muvuti","3","The food was good—I had the chicken Marsala, and it was delicious. We arrived during a busy period and quickly realized","catering@eatmarathon.com","","","","2026-04-28"
"Maggiano's Little Italy","1201 Filbert St, Philadelphia, PA 19107, USA","(215) 567-2020","https://www.maggianos.com/locations/pennsylvania/philadelphia/1201-filbert-st.?utm_source=google&utm_medium=organic&utm_campaign=Maggianos","https://maps.google.com/?cid=11334632727239253482&g_mp=CiVnb29nbGUubWFwcy5wbGFjZXMudjEuUGxhY2VzLkdldFBsYWNlEAIYBCAA","4.4","4996","5","5","1","1","Reviewed by T","1","Really really really disappointed with our meal here. We were visiting Philadelphia and wanted to get some food and stop","info@maggianos.com","","","","2026-04-28"
"Alpen Rose","116 S 13th St, Philadelphia, PA 19107, USA","(215) 600-0709","https://www.alpenrosephl.com/","https://maps.google.com/?cid=1868191540923504374&g_mp=CiVnb29nbGUubWFwcy5wbGFjZXMudjEuUGxhY2VzLkdldFBsYWNlEAIYBCAA","4.7","816","5","5","1","3","Robert Dukat","3","Appetizers: I highly recommend the bone marrow and oysters. Bone marrow is a personal favorite anywhere I go, but the oy","user@domain.com","","","",""
"Aqimero by Chef Richard Sandoval","10 Ave Of The Arts, Philadelphia, PA 19102, USA","(215) 523-8200","http://www.aqimero.com/","https://maps.google.com/?cid=4205418944912875779&g_mp=CiVnb29nbGUubWFwcy5wbGFjZXMudjEuUGxhY2VzLkdldFBsYWNlEAIYBCAA","4.3","921","5","5","1","1","Ian Avila","1","Took my girlfriend here around 3-5pm on Valentine’s Day to make her feel special. Food was actually great—hot, tasty, no","user@domain.com","","","",""
"Wilder","2009 Sansom St, Philadelphia, PA 19103, USA","(215) 309-2149","https://wilderphilly.com/","https://maps.google.com/?cid=11062795878844089290&g_mp=CiVnb29nbGUubWFwcy5wbGFjZXMudjEuUGxhY2VzLkdldFBsYWNlEAIYBCAA","4.6","975","5","5","0","5","Eva Mae","5","Ben was our server tonight and his attention to detail and creating an individualized experience for us really made this","user@domain.com","","","",""
"The Love.","130 S 18th St, Philadelphia, PA 19103, USA","(215) 433-1555","https://theloverestaurant.com/?utm_source=GoogleBusinessProfile&utm_medium=Website&utm_campaign=MapLabs","https://maps.google.com/?cid=2231648943229760031&g_mp=CiVnb29nbGUubWFwcy5wbGFjZXMudjEuUGxhY2VzLkdldFBsYWNlEAIYBCAA","4.6","1879","5","5","0","5","Bohemian Waxwing","5","Have been here for fabulous dinners before and tried them for brunch for my daughter’s birthday— did not disappoint! App","info@theloverestaurant.com","","","","2026-04-28"
"Talula's Garden","210 W Washington Square, Philadelphia, PA 19106, USA","(215) 592-7787","http://www.talulasgarden.com/?utm_source=Google%20My%20Business&utm_medium=Website%20Button","https://maps.google.com/?cid=15260183439466010518&g_mp=CiVnb29nbGUubWFwcy5wbGFjZXMudjEuUGxhY2VzLkdldFBsYWNlEAIYBCAA","4.8","2937","5","5","0","4","Z z","4","This restaurant is highly recommended by many foodies in Philadelphia, and even Taylor Swift has stopped by 📸✨. The ove","info@talulasgarden.com","","","","2026-04-28"
"Butcher and Singer","1500 Walnut St, Philadelphia, PA 19102, USA","(215) 732-4444","https://butcherandsinger.com/?utm_source=GoogleBusinessProfile&utm_medium=Website&utm_campaign=MapLabs","https://maps.google.com/?cid=12899843527446676481&g_mp=CiVnb29nbGUubWFwcy5wbGFjZXMudjEuUGxhY2VzLkdldFBsYWNlEAIYBCAA","4.7","2379","5","5","0","4","Zee P","4","Loved everything about this restaurant, even the valet parking right in front of the entrance as it was freezing outside","butcherandsinger.info@starr-restaurants.com","","","","2026-04-28"
"Grandma's Philly","1304 Walnut St, Philadelphia, PA 19107, USA","(215) 315-9050","http://www.grandmasphilly.com/","https://maps.google.com/?cid=782358796598820820&g_mp=CiVnb29nbGUubWFwcy5wbGFjZXMudjEuUGxhY2VzLkdldFBsYWNlEAIYBCAA","4.7","3197","5","5","0","4","Mario Christianto","4","It's a modern take of Thai cuisine. If you're looking for old school authentic Thai cuisine, this isn't for you. This is","info@grandmasphilly.com","","","","2026-04-28"
"Parc","227 S 18th St, Philadelphia, PA 19103, USA","(215) 545-2262","https://parc-restaurant.com/?utm_source=GoogleBusinessProfile&utm_medium=Website&utm_campaign=MapLabs","https://maps.google.com/?cid=1964063945267213101&g_mp=CiVnb29nbGUubWFwcy5wbGFjZXMudjEuUGxhY2VzLkdldFBsYWNlEAIYBCAA","4.6","6341","5","5","0","4","Ed batis","4","My wife and I visited Parc on Thanksgiving, the atmosphere was great and restaurant was beautifully decorated. The servi","info@parc-restaurant.com","","","","2026-04-28"
"Little Nonna's","1234 Locust St, Philadelphia, PA 19107, USA","(215) 546-2100","http://littlenonnas.com/","https://maps.google.com/?cid=9426808602518896377&g_mp=CiVnb29nbGUubWFwcy5wbGFjZXMudjEuUGxhY2VzLkdldFBsYWNlEAIYBCAA","4.5","1761","5","5","0","4","Brittany Spears","4","We visited Little Nonna’s this past Saturday while in Philly, and it was such a great experience. We grabbed a cheeseste","littlenonnas@yahoo.com","","","","2026-04-28"
"Cuba Libre Restaurant & Rum Bar","10 S 2nd St, Philadelphia, PA 19106, USA","(215) 627-0666","https://cubalibrerestaurant.com/en/philadelphia","https://maps.google.com/?cid=15622668497221390084&g_mp=CiVnb29nbGUubWFwcy5wbGFjZXMudjEuUGxhY2VzLkdldFBsYWNlEAIYBCAA","4.3","3870","5","5","0","5","Verena Aibel","5","Was invited to join friends who knew this restaurant and wow! So glad I got to enjoy it myself. I felt transported as so","info@cubalibrerestaurant.com","","","","2026-04-28"
"Giuseppe & Sons","1523 Sansom St, Philadelphia, PA 19102, USA","(215) 399-9199","https://giuseppesons.com/","https://maps.google.com/?cid=13694708580095038078&g_mp=CiVnb29nbGUubWFwcy5wbGFjZXMudjEuUGxhY2VzLkdldFBsYWNlEAIYBCAA","4.4","1329","5","5","0","5","Georgia Neligan","5","i rarely write reviews but wow am i astonished with giuseppe and sons! today was my first time ever coming here. we did","giuseppeinfo@schulson.com","","","","2026-04-28"
"Osteria Ama Philly","1905 Chestnut St, Philadelphia, PA 19103, USA","(484) 355-4133","http://osteriaama-philly.com/","https://maps.google.com/?cid=2531610873633014011&g_mp=CiVnb29nbGUubWFwcy5wbGFjZXMudjEuUGxhY2VzLkdldFBsYWNlEAIYBCAA","4.8","2637","5","5","0","4","Michele Bonaccurso","4","Due to holidays and possibly over booking themselves, we had a work party booked and they were short staffed it seemed s","info@osteriaamaphilly.com","","","","2026-04-28"
"Darling Jack's Tavern","104 S 13th St, Philadelphia, PA 19107, USA","(215) 546-4200","http://www.darlingjacks.com/","https://maps.google.com/?cid=7890889970345924859&g_mp=CiVnb29nbGUubWFwcy5wbGFjZXMudjEuUGxhY2VzLkdldFBsYWNlEAIYBCAA","4.6","440","5","5","0","5","Za Fetti","5","I genuinely rock with Darling’s Tavern. I’ve dined in multiple times and grabbed takeout too, and every experience been","info@darlingjacks.com","","","","2026-04-28"
"Sampan","124 S 13th St, Philadelphia, PA 19107, USA","(215) 732-3501","https://www.sampanphilly.com/","https://maps.google.com/?cid=16347214787389857387&g_mp=CiVnb29nbGUubWFwcy5wbGFjZXMudjEuUGxhY2VzLkdldFBsYWNlEAIYBCAA","4.5","2325","5","5","0","4","Gabby A","4","Came during happy hour and ordered a ton of the menu to try. There were lots of delicious options, my favorite were the","user@domain.com","","","",""
"El Vez","121 S 13th St, Philadelphia, PA 19107, USA","(215) 928-9800","https://elvezrestaurant.com/?utm_source=GoogleBusinessProfile&utm_medium=Website&utm_campaign=MapLabs","https://maps.google.com/?cid=3725547160420946629&g_mp=CiVnb29nbGUubWFwcy5wbGFjZXMudjEuUGxhY2VzLkdldFBsYWNlEAIYBCAA","4.5","6380","5","5","0","4","Rebecca Higginson","4","The food is absolutely amazing. I will be dreaming of the Mexican corn dish side. The chicken enchiladas were perfect. T","info@elvezrestaurant.com","","","","2026-04-28"
"Buddakan","325 Chestnut St, Philadelphia, PA 19106, USA","(215) 574-9440","https://buddakan.com/?utm_source=GoogleBusinessProfile&utm_medium=Website&utm_campaign=MapLabs","https://maps.google.com/?cid=933272636758604117&g_mp=CiVnb29nbGUubWFwcy5wbGFjZXMudjEuUGxhY2VzLkdldFBsYWNlEAIYBCAA","4.6","2720","5","5","0","4","Michael Miller","4","Buddakan in Philadelphia is a notable modern Asian restaurant, and during Restaurant Week it offered a good opportunity","buddakan.info@starr-restaurants.com","","","","2026-04-28"
"Del Frisco's Double Eagle Steakhouse","1428-1432 Chestnut St, Philadelphia, PA 19102, USA","(215) 246-0533","https://www.delfriscos.com/location/del-friscos-double-eagle-steakhouse-philadelphia-pa/","https://maps.google.com/?cid=8660574707464992339&g_mp=CiVnb29nbGUubWFwcy5wbGFjZXMudjEuUGxhY2VzLkdldFBsYWNlEAIYBCAA","4.5","4038","5","5","0","4","George Terplan","4","I treated my mom to dinner here tonight and we had a fantastic experience. The setting is incredibly unique—it’s an old","info@delfriscos.com","","","","2026-04-28"
"Ocean Prime","124 S 15th St, Philadelphia, PA 19102, USA","(215) 563-0163","https://www.ocean-prime.com/locations-menus/philadelphia","https://maps.google.com/?cid=14769040490502304389&g_mp=CiVnb29nbGUubWFwcy5wbGFjZXMudjEuUGxhY2VzLkdldFBsYWNlEAIYBCAA","4.5","2061","5","5","0","4","Malcolm K","4","Disclosure that this is above my average level of sophistication so idk what I’m talking about.  We reserved the $145 Di","info@ocean-prime.com","","","",""
"Kitchen + Kocktails By Kevin Kelley - Philadelphia","225 S Broad St, Philadelphia, PA 19107, USA","(215) 867-5112","https://www.kitchenkocktailsusa.com/","https://maps.google.com/?cid=13195403118985127269&g_mp=CiVnb29nbGUubWFwcy5wbGFjZXMudjEuUGxhY2VzLkdldFBsYWNlEAIYBCAA","4.7","4002","5","5","0","4","Mrs. Mae","4","Kitchen + Kocktails is a beautiful, beautiful, beautiful establishment. From the moment you walk in, the ambiance is war","info@kitchenkocktailsusa.com","","","","2026-04-28"
"The Continental Mid-town","1801 Chestnut St, Philadelphia, PA 19103, USA","(215) 567-1800","https://continentalmidtown.com/?utm_source=GoogleBusinessProfiles&utm_medium=Website&utm_campaign=MapLabs","https://maps.google.com/?cid=11998241013195879520&g_mp=CiVnb29nbGUubWFwcy5wbGFjZXMudjEuUGxhY2VzLkdldFBsYWNlEAIYBCAA","4.4","3642","5","5","0","5","Jennifer Musser","5","This was our first visit to The Continental Mid-town and we were excited when we walked in because it had such a great v","info@continentalmidtown.com","","","","2026-04-28"
"Charlie was a sinner.","131 S 13th St, Philadelphia, PA 19107, USA","(267) 758-5372","http://charliewasasinner.com/","https://maps.google.com/?cid=7264192126620954222&g_mp=CiVnb29nbGUubWFwcy5wbGFjZXMudjEuUGxhY2VzLkdldFBsYWNlEAIYBCAA","4.5","1922","5","5","0","4","Vaishali Pandey","4","We reserved this restaurant for a party of 11 people and ordered through the tasting menu and I loved that each individu","inquire@charliewasasinner.com","","","","2026-04-28"
"Estia Restaurant","1405-07 Locust St, Philadelphia, PA 19102, USA","(215) 735-7700","http://www.estiarestaurant.com/","https://maps.google.com/?cid=15149775158038906506&g_mp=CiVnb29nbGUubWFwcy5wbGFjZXMudjEuUGxhY2VzLkdldFBsYWNlEAIYBCAA","4.6","1852","5","5","0","5","Serge Kozhukhar • Real Estate Advisor","5","Finally made it to Estia after wanting to visit for the longest time, and it absolutely exceeded expectations. We went f","info@estiarestaurant.com","","","","2026-04-28"
"Vernick Food & Drink","2031 Walnut St, Philadelphia, PA 19103, USA","(267) 639-6644","https://www.vernickphilly.com/vernick-food-and-drink","https://maps.google.com/?cid=10704140173344084801&g_mp=CiVnb29nbGUubWFwcy5wbGFjZXMudjEuUGxhY2VzLkdldFBsYWNlEAIYBCAA","4.7","1082","5","5","0","4","Brandon Fry","4","Vernick is probably the most conflicted 4-star review I've ever given. There is absolutely no doubt that they serve grea","user@domain.com","","","",""
"Double Knot","120 S 13th St, Philadelphia, PA 19107, USA","(215) 631-3868","https://www.doubleknotphilly.com/","https://maps.google.com/?cid=11431499941031502298&g_mp=CiVnb29nbGUubWFwcy5wbGFjZXMudjEuUGxhY2VzLkdldFBsYWNlEAIYBCAA","4.6","2743","5","5","0","5","Nicole N.H.","5","Went during restaurant week. We got there early and grabbed a drink at the bar while waiting for our table. All the drin","doubleknotinfo@schulson.com","","","","2026-04-28"
"Loch Bar","301 S Broad St, Philadelphia, PA 19107, USA","(215) 267-8272","http://www.lochbar.com/philly","https://maps.google.com/?cid=12051238538497268341&g_mp=CiVnb29nbGUubWFwcy5wbGFjZXMudjEuUGxhY2VzLkdldFBsYWNlEAIYBCAA","4.5","1070","5","5","0","5","MrSix8 & Pretty Woman Trvl2Eat","5","Loch Bar is an awesome surprise for us during our Loveuary Weekend in Philly 2026. Very busy and had to wait without Res","philly@lochbar.com","","","","2026-04-28"
"Spice Finch","220 S 17th St, Philadelphia, PA 19103, USA","(215) 309-2238","http://www.spicefinchphilly.com/","https://maps.google.com/?cid=10565877574258989385&g_mp=CiVnb29nbGUubWFwcy5wbGFjZXMudjEuUGxhY2VzLkdldFBsYWNlEAIYBCAA","4.4","956","5","5","0","4","Kiwi J","4","Spice Finch has a beautiful ambiance—modern, warm, and inviting. The food was flavorful and well-prepared, and the custo","info@spicefinchphilly.com","","","","2026-04-28"
"Vernick Fish","One N 19th St, Philadelphia, PA 19103, USA","(215) 419-5055","https://www.vernickfish.com/?utm_source=google&utm_medium=organicsearch&utm_campaign=tor-phi-fab-mid-seo-na&utm_content=na-na&utm_term=na","https://maps.google.com/?cid=1245096121290649676&g_mp=CiVnb29nbGUubWFwcy5wbGFjZXMudjEuUGxhY2VzLkdldFBsYWNlEAIYBCAA","4.6","597","5","5","0","4","Julie","4","The entire aesthetics were quite nice. Very fitting for the city atmosphere and hotel finesse fitting a Four Seasons spo","info@vernickfish.com","","","","2026-04-28"
"Urban Farmer Philadelphia","1850 Benjamin Franklin Pkwy, Philadelphia, PA 19103, USA","(215) 963-2788","https://www.urbanfarmersteakhouse.com/","https://maps.google.com/?cid=10009205783483188678&g_mp=CiVnb29nbGUubWFwcy5wbGFjZXMudjEuUGxhY2VzLkdldFBsYWNlEAIYBCAA","4.3","1639","5","5","0","4","Rafiat Kasumu","4","Atmosphere: Urban Farmer is conveniently located inside The Logan Philadelphia, Curio Collection by Hilton, making it an","info@urbanfarmersteakhouse.com","","","","2026-04-28"
"a.kitchen+bar","135 S 18th St, Philadelphia, PA 19103, USA","(215) 825-7030","http://www.akitchenandbar.com/","https://maps.google.com/?cid=7482379655428091850&g_mp=CiVnb29nbGUubWFwcy5wbGFjZXMudjEuUGxhY2VzLkdldFBsYWNlEAIYBCAA","4.5","740","5","5","0","4","Shravan Sivakumar","4","A really nice French-American restaurant at the aka hotel which also had a separate bar to wait for your reservation. Go","info@akitchenandbar.com","","","","2026-04-28"
"Lacroix Restaurant at The Rittenhouse","210 W Rittenhouse Square, Philadelphia, PA 19103, USA","(215) 790-2533","https://www.lacroixrestaurant.com/","https://maps.google.com/?cid=2547459653370268927&g_mp=CiVnb29nbGUubWFwcy5wbGFjZXMudjEuUGxhY2VzLkdldFBsYWNlEAIYBCAA","4.4","344","5","5","0","5","Spam Me Forever","5","This Chef loves this place for the Sunday brunch!! Always went before Covid hit. Have not been back post Covid. But I he","user@domain.com","","","",""
"Fogo de Chão Brazilian Steakhouse","1337 Chestnut St, Philadelphia, PA 19107, USA","(215) 636-9700","https://fogodechao.com/location/philadelphia/","https://maps.google.com/?cid=4004803390559832630&g_mp=CiVnb29nbGUubWFwcy5wbGFjZXMudjEuUGxhY2VzLkdldFBsYWNlEAIYBCAA","4.6","8172","5","5","0","4","Alice Head","4","Crowded on a Saturday night. I was in a group. Our drinks came out fast but not that strong 3rd time around our drinks g","info@fogodechao.com","","","","2026-04-28"
"EMei 峨嵋","915 Arch St, Philadelphia, PA 19107, USA","(215) 627-2500","https://www.emeiphilly.com/","https://maps.google.com/?cid=10394022876335684871&g_mp=CiVnb29nbGUubWFwcy5wbGFjZXMudjEuUGxhY2VzLkdldFBsYWNlEAIYBCAA","4.6","2348","5","5","0","4","R S","4","Went on a Sunday for dinner. We had the spicy chicken, snow pea leaves with garlic, cumin lamb, Dan Dan noodles and dump","%20hello@emei.restaurant","","","","2026-04-28"
"Oyster House","1516 Sansom St, Philadelphia, PA 19102, USA","(215) 567-7683","http://oysterhousephilly.com/","https://maps.google.com/?cid=8721164751972628834&g_mp=CiVnb29nbGUubWFwcy5wbGFjZXMudjEuUGxhY2VzLkdldFBsYWNlEAIYBCAA","4.6","2639","5","5","0","4","Yifan Wu","4","Try each of the oysters, it was decent, but wasn’t amazed. We also ordered all of the three cold dishes. The ceviche mix","user@domain.com","","","",""
"Barclay Prime","237 S 18th St, Philadelphia, PA 19103, USA","(215) 732-7560","http://www.barclayprime.com/?utm_source=GoogleBusinessProfile&utm_medium=Website&utm_campaign=MapLabs","https://maps.google.com/?cid=8947866685836773017&g_mp=CiVnb29nbGUubWFwcy5wbGFjZXMudjEuUGxhY2VzLkdldFBsYWNlEAIYBCAA","4.7","1676","5","5","0","5","V H","5","One of the best steaks I’ve had in my life and I’ve been to many good steakhouses around NY.  The steak was the star of","info@barclayprime.com","","","","2026-04-28"
"Red Owl Tavern","433 Chestnut St, Philadelphia, PA 19106, USA","(215) 923-2267","https://redowltavern.com/","https://maps.google.com/?cid=15366752679130490515&g_mp=CiVnb29nbGUubWFwcy5wbGFjZXMudjEuUGxhY2VzLkdldFBsYWNlEAIYBCAA","4.3","1868","5","5","0","5","Kawame Curry","5","Red Owl at the Kimpton Hotel delivered a truly enjoyable dining experience from start to finish. The meatballs were abso","info@redowltavern.com","","","","2026-04-28"
"Dizengoff","1625 Sansom St, Philadelphia, PA 19103, USA","(215) 867-8181","http://www.dizengoffphilly.com/","https://maps.google.com/?cid=14695376401210897094&g_mp=CiVnb29nbGUubWFwcy5wbGFjZXMudjEuUGxhY2VzLkdldFBsYWNlEAIYBCAA","4.5","1123","5","5","0","4","Lily","4","*good lamb, chicken, wine  Cute, chill, and vibrant interior. Went for restaurant week lunch for 2. The lamb and chicken","user@domain.com","","","",""
"Square 1682","121 S 17th St, Philadelphia, PA 19103, USA","(215) 563-5008","https://square1682.com/","https://maps.google.com/?cid=13800846189414724455&g_mp=CiVnb29nbGUubWFwcy5wbGFjZXMudjEuUGxhY2VzLkdldFBsYWNlEAIYBCAA","4.3","758","5","5","0","5","LATOYA FAISON","5","Very sexy date night vibe. Small & intimate. Food was good, drinks were artisan and delicious. I'm still dreaming about","info@square1682.com","","","","2026-04-28"
"LaScala's FIRE - Center City","615 Chestnut St, Philadelphia, PA 19106, USA","(215) 928-0900","https://www.lascalasfire.com/","https://maps.google.com/?cid=18116030197552176309&g_mp=CiVnb29nbGUubWFwcy5wbGFjZXMudjEuUGxhY2VzLkdldFBsYWNlEAIYBCAA","4.4","1646","5","5","0","4","Basil & Honey","4","LaScala’s FIRE in Center City earns four stars for the pizza alone.  The pizza arrived looking exactly as it should. Wel","marlton@lascalasfire.com","","","","2026-04-28"
"Vetri Cucina","1312 Spruce St, Philadelphia, PA 19107, USA","(215) 732-3478","http://www.vetricucina.com/","https://maps.google.com/?cid=1533780043332392000&g_mp=CiVnb29nbGUubWFwcy5wbGFjZXMudjEuUGxhY2VzLkdldFBsYWNlEAIYBCAA","4.8","830","5","5","0","5","Caitlin Keiper","5","Hands down the best meal and dining experience ever. For Christmas, my husband got my friend and I a dinner reservation","vetri@vetricucina.com","","","","2026-04-28"
"Rittenhouse Grill","1701 Locust St, Philadelphia, PA 19103, USA","(215) 772-1701","https://rittenhousegrill.com/","https://maps.google.com/?cid=16932976656403172748&g_mp=CiVnb29nbGUubWFwcy5wbGFjZXMudjEuUGxhY2VzLkdldFBsYWNlEAIYBCAA","4.5","669","5","5","0","4","Jacques Hudson","4","Took the Mrs. for a romantic Saturday night dinner. The food was good. The Mrs had the Ribeye and I had the Rittenhouse","contactus@rittenhousegrill.com","","","","2026-04-28"
"Terra Grill","1099 Germantown Ave, Philadelphia, PA 19123, USA","(267) 962-0011","https://www.terragrillrestaurant.com/","https://maps.google.com/?cid=11923486544211428145&g_mp=CiVnb29nbGUubWFwcy5wbGFjZXMudjEuUGxhY2VzLkdldFBsYWNlEAIYBCAA","4.9","21","5","5","0","4","Gilbert Arcilla Jr.","4","Verdict: Try it out!  Pretty decent experience!  The vibe of the place definitely isn’t similar to any of what we have i","info@terragrillrestaurant.com","","","","2026-04-28"
"The Plough & the Stars","123 Chestnut Street Entrance on, N 2nd St, Philadelphia, PA 19106, USA","(215) 733-0300","http://www.ploughstars.com/","https://maps.google.com/?cid=7408985591361259109&g_mp=CiVnb29nbGUubWFwcy5wbGFjZXMudjEuUGxhY2VzLkdldFBsYWNlEAIYBCAA","4.5","1827","5","5","0","5","A Zuluaga A","5","Mouth watering food and welcoming atmosphere. The clamp soup was one of the best so far. Staff interactions with costume","info@ploughstars.com","","","","2026-04-28"
"Vedge","1221 Locust St, Philadelphia, PA 19107, USA","(215) 320-7500","http://www.vedgerestaurant.com/","https://maps.google.com/?cid=6676318340807180187&g_mp=CiVnb29nbGUubWFwcy5wbGFjZXMudjEuUGxhY2VzLkdldFBsYWNlEAIYBCAA","4.8","1740","5","5","0","4","Kira H","4","I went to Vedge for a birthday dinner and noted it in the reservation. The staff was friendly and the food was delicious","contact@vedgerestaurant.com","","","","2026-04-28"
"Dim Sum House By Jane G's - Rittenhouse","1930 Chestnut St, Philadelphia, PA 19103, USA","(215) 563-8800","http://dimsum.house/","https://maps.google.com/?cid=4768910895404698397&g_mp=CiVnb29nbGUubWFwcy5wbGFjZXMudjEuUGxhY2VzLkdldFBsYWNlEAIYBCAA","4.2","931","5","5","0","4","Liam S.","4","The food was good. However, there were several issues with the overall experience.  When I placed my order over the phon","info@dimsum.house","","","","2026-04-28"
"Sabrina's Cafe","1804 Callowhill St, Philadelphia, PA 19130, USA","(215) 636-9061","http://www.sabrinascafe.com/","https://maps.google.com/?cid=10736154785507782659&g_mp=CiVnb29nbGUubWFwcy5wbGFjZXMudjEuUGxhY2VzLkdldFBsYWNlEAIYBCAA","4.6","3944","5","5","0","4","ADG","4","Great brunch spot!! Had the California dream omelette which was fantastic (I could do with a lil less cilantro crema but","info@sabrinascafe.com","","","","2026-04-28"
"Bistro Romano","120 Lombard St, Philadelphia, PA 19147, USA","(215) 925-8880","http://www.bistroromano.com/","https://maps.google.com/?cid=1403210993619009409&g_mp=CiVnb29nbGUubWFwcy5wbGFjZXMudjEuUGxhY2VzLkdldFBsYWNlEAIYBCAA","4.6","1076","5","5","0","4","Ashley Peterson","4","Really nice service and such a wonderful atmosphere! I went during restaurant week and got the chef tasting menu. I love","info@bistroromano.com","","","","2026-04-28"
"Tokyo Cowboy","135 E Commerce St, San Antonio, TX 78205, USA","(726) 227-4989","https://www.tokyocowboy-tx.com/","https://maps.google.com/?cid=8922166862326854708&g_mp=CiVnb29nbGUubWFwcy5wbGFjZXMudjEuUGxhY2VzLkdldFBsYWNlEAIYBCAA","4.4","1045","5","5","2","2","Elizabeth Iglesias","2","My husband made reservations for my birthday during lunch. The place is small but has a nice layout, very nicely decorat","user@domain.com","","","",""
"Maverick Texas Brasserie","710 S St Mary's St, San Antonio, TX 78205, USA","(210) 973-6050","http://www.mavericktexas.com/","https://maps.google.com/?cid=7183139252582074487&g_mp=CiVnb29nbGUubWFwcy5wbGFjZXMudjEuUGxhY2VzLkdldFBsYWNlEAIYBCAA","4.4","1373","5","5","2","3","Christine Krem","3","Came here for Culinaria Restaurant Week and ordered the Beef Bourgignon, a dish I'd been wanting to try for years. The R","info@mavericktexas.com","","","","2026-04-28"
"Lone Star Cafe","237 Losoya St, San Antonio, TX 78205, USA","(210) 223-9374","http://lonestarcafe.us/","https://maps.google.com/?cid=11590768526346622615&g_mp=CiVnb29nbGUubWFwcy5wbGFjZXMudjEuUGxhY2VzLkdldFBsYWNlEAIYBCAA","3.9","2685","5","5","2","1","Kevin Broome","1","I checked in outside. The guy told me to go to the podium upstairs. When the lady finally got to that podium, she seemed","ed@riverrestaurants.com","","","",""
"Kona Grill - San Antonio at North Star","7400 San Pedro Ave #1255, San Antonio, TX 78216, USA","(210) 998-7601","https://konagrill.com/locations?locations=San-Antonio,78216","https://maps.google.com/?cid=798535669460301893&g_mp=CiVnb29nbGUubWFwcy5wbGFjZXMudjEuUGxhY2VzLkdldFBsYWNlEAIYBCAA","4.6","5188","5","5","2","1","Maricela Ocasio","1","I have eaten in before and would recommend definitely but ToGo is horrible. The portions are outrageously smaller $32 fo","info@togrp.com","","","",""
"Ida Claire","7300 Jones Maltsberger Rd, San Antonio, TX 78209, USA","(210) 667-2145","http://ida-claire.com/","https://maps.google.com/?cid=15581900517848024211&g_mp=CiVnb29nbGUubWFwcy5wbGFjZXMudjEuUGxhY2VzLkdldFBsYWNlEAIYBCAA","4.5","3890","5","5","1","3","Jarek","3","Food from scratch.  Service and atmosphere: Both were very good. The restaurant is nice and offers many seating options,","info@ida-claire.com","","","","2026-04-28"
"Mi Tierra Cafe y Panaderia","218 Produce Row, San Antonio, TX 78207, USA","(210) 225-1262","https://mitierracafe.com/","https://maps.google.com/?cid=8598934189318908430&g_mp=CiVnb29nbGUubWFwcy5wbGFjZXMudjEuUGxhY2VzLkdldFBsYWNlEAIYBCAA","4.4","24748","5","5","1","2","Yazmin Tusa","2","I recently revisited Mi Tierra after about five years, and unfortunately, it’s not the gem it used to be. I was really l","guestservice@lafamiliacortez.com","","","","2026-04-28"
"Four Brothers","112 College St, San Antonio, TX 78205, USA","(210) 518-1063","https://www.omnihotels.com/hotels/san-antonio-la-mansion-del-rio/dining/four-brothers?utm_source=gmblisting&utm_medium=organic","https://maps.google.com/?cid=10908865703276636471&g_mp=CiVnb29nbGUubWFwcy5wbGFjZXMudjEuUGxhY2VzLkdldFBsYWNlEAIYBCAA","4.3","525","5","5","1","3","Moe","3","We had a bit of a rocky start here—on our first visit, we asked for a riverfront table, but were told by host or hostess","info@omnihotels.com","","","","2026-04-28"
"Chart House","739 E César E. Chávez Blvd, San Antonio, TX 78205, USA","(210) 223-3101","https://www.chart-house.com/location/chart-house-san-antonio-tx/","https://maps.google.com/?cid=15927867014991219872&g_mp=CiVnb29nbGUubWFwcy5wbGFjZXMudjEuUGxhY2VzLkdldFBsYWNlEAIYBCAA","4.2","6698","5","5","1","3","sheree henton","3","So this place has great service and great  Views of course because it’s a tourist attraction but the food… It’s very hit","info@chart-house.com","","","","2026-04-28"
"Corinne San Antonio","555 S Alamo St, San Antonio, TX 78205, USA","(210) 353-8018","https://www.corinnesatx.com/?utm_source=google&utm_medium=organic&utm_campaign=business_listing","https://maps.google.com/?cid=6654602707410603824&g_mp=CiVnb29nbGUubWFwcy5wbGFjZXMudjEuUGxhY2VzLkdldFBsYWNlEAIYBCAA","4.8","1254","5","5","1","3","Flitter","3","Ordered the fried bread and half chicken. The food was well prepared and friendly staff but not the flavor of food I lik","forms@tambourine.com","","","",""
"Southerleigh Fine Food & Brewery","136 E Grayson St Suite 120, San Antonio, TX 78215, USA","(210) 455-5701","https://www.southerleighatpearl.com/?y_source=1_MTA1NjI1NDkxMC03MTUtbG9jYXRpb24ud2Vic2l0ZQ%3D%3D","https://maps.google.com/?cid=9421338573375328974&g_mp=CiVnb29nbGUubWFwcy5wbGFjZXMudjEuUGxhY2VzLkdldFBsYWNlEAIYBCAA","4.5","4281","5","5","1","2","Surbirnaayah","2","This was my second visit to Southerleigh Fine Food & Brewery. The first time I came here, I had a great experience and g","info@southerleighatpearl.com","","","","2026-04-28"
"Bliss Restaurant","926 S Presa St, San Antonio, TX 78210, USA","(210) 225-2547","https://foodisbliss.com/menu/","https://maps.google.com/?cid=14811262503054481313&g_mp=CiVnb29nbGUubWFwcy5wbGFjZXMudjEuUGxhY2VzLkdldFBsYWNlEAIYBCAA","4.8","1455","5","5","1","3","Ali Hemati","3","We celebrated my birthday at Bliss with the chef’s tasting menu and wine pairing. The 7 course meal was fine overall som","info@foodisbliss.com","","","","2026-04-28"
"Casa Rio","430 E Commerce St, San Antonio, TX 78205, USA","(210) 225-6718","http://www.casario.com/","https://maps.google.com/?cid=2728289186931312478&g_mp=CiVnb29nbGUubWFwcy5wbGFjZXMudjEuUGxhY2VzLkdldFBsYWNlEAIYBCAA","4","10648","5","5","1","3","A Graham","3","What happened to this iconic San Antonio Mexican restaurant on the Riverwalk? It had been 10+ years since I’d eaten here","user@domain.com","","","",""
"Sugar Factory - San Antonio","849 E Commerce St # 109, San Antonio, TX 78205, USA","(726) 204-2020","http://sanantonio.sugarfactory.com/","https://maps.google.com/?cid=2161207896086103431&g_mp=CiVnb29nbGUubWFwcy5wbGFjZXMudjEuUGxhY2VzLkdldFBsYWNlEAIYBCAA","4","1715","5","5","1","2","Tawni Kofler","2","I went here for my birthday dinner with my husband and 4 children.  First, I was a little surprised on arrival because f","info@sanantonio.sugarfactory.com","","","","2026-04-28"
"Guillermo's","618 McCullough Ave, San Antonio, TX 78215, USA","(210) 223-5587","http://www.guillermosdowntown.com/","https://maps.google.com/?cid=1877491409024258005&g_mp=CiVnb29nbGUubWFwcy5wbGFjZXMudjEuUGxhY2VzLkdldFBsYWNlEAIYBCAA","4.4","3294","5","5","1","1","Judith Pavon","1","SLOW and BAD service. It took us more than one hour to get our food. No refills on my drink. We asked for ranch and Parm","guillermo@guillermosdowntown.com","","","","2026-04-28"
"Margaritaville Restaurant - San Antonio","849 E Commerce St, San Antonio, TX 78205, USA","(210) 973-5911","https://www.margaritavillesanantonio.com/","https://maps.google.com/?cid=10721551682900705568&g_mp=CiVnb29nbGUubWFwcy5wbGFjZXMudjEuUGxhY2VzLkdldFBsYWNlEAIYBCAA","4","5162","5","5","1","1","Confidential","1","I didn’t get a chance to eat here, so I can’t review the food.  The service was disappointing. I was greeted politely an","info@margaritavillesanantonio.com","","","","2026-04-28"
"Bubba Gump Shrimp Co.","406 Navarro St, San Antonio, TX 78205, USA","(210) 224-4867","https://www.bubbagump.com/location/bubba-gump-san-antonio-tx/","https://maps.google.com/?cid=10795034700735926421&g_mp=CiVnb29nbGUubWFwcy5wbGFjZXMudjEuUGxhY2VzLkdldFBsYWNlEAIYBCAA","4.2","3649","5","5","1","3","Amber Poff","3","Pros: * Amazing location right on the Riverwalk — the scenery can’t be beat * Clean space * Cozy, welcoming lighting  Co","info@bubbagump.com","","","","2026-04-28"
"Mad Dogs British Pub (River Walk)","123 Losoya St #19, San Antonio, TX 78205, USA","(210) 222-0220","https://www.maddogs.net/","https://maps.google.com/?cid=654048027772931410&g_mp=CiVnb29nbGUubWFwcy5wbGFjZXMudjEuUGxhY2VzLkdldFBsYWNlEAIYBCAA","4.2","4201","5","5","1","1","David Bruton","1","What a horrible experience. I don't often write 1 star reviews, but I'll make an exception for an experience where I hav","info@maddogs.net","","","","2026-04-28"
"1Watson","111 Soledad St, San Antonio, TX 78205, USA","(210) 222-8300","https://www.1watsonrooftop.com/","https://maps.google.com/?cid=17580169062008053714&g_mp=CiVnb29nbGUubWFwcy5wbGFjZXMudjEuUGxhY2VzLkdldFBsYWNlEAIYBCAA","4.1","457","5","5","1","1","Preston Mccallister","1","I’m quite literally standing in the restaurant as I type this. The service was fine. Getting my drink, being spoken to n","info@1watsonrooftop.com","","","","2026-04-28"
"Box St. All Day Brunch - Hemisfair","623 Hemisfair Blvd Ste 108, San Antonio, TX 78205, USA","(210) 476-5705","https://boxstallday.com/","https://maps.google.com/?cid=13099310993837623214&g_mp=CiVnb29nbGUubWFwcy5wbGFjZXMudjEuUGxhY2VzLkdldFBsYWNlEAIYBCAA","4.6","1760","5","5","1","3","kristin w","3","Overall, my experience was okay. I ordered the chilaquiles and felt like what I got was breakfast nachos - bowl of chips","user@domain.com","","","",""
"Mariachi Bar","218 Produce Row, San Antonio, TX 78207, USA","(210) 225-1262","http://www.mariachibar.com/","https://maps.google.com/?cid=12989266393293682394&g_mp=CiVnb29nbGUubWFwcy5wbGFjZXMudjEuUGxhY2VzLkdldFBsYWNlEAIYBCAA","4.4","756","5","5","1","1","Richard Hollon","1","Terrible service here. We sat at the end of the bar next to a couple from Kansas. They started complaining that they had","guestservice@lafamiliacortez.com","","","","2026-04-28"
"The Moon's Daughters","115 Lexington Ave, San Antonio, TX 78205, USA","(210) 942-6032","http://themoonsdaughters.com/","https://maps.google.com/?cid=8114188977735901575&g_mp=CiVnb29nbGUubWFwcy5wbGFjZXMudjEuUGxhY2VzLkdldFBsYWNlEAIYBCAA","4.3","1477","5","5","0","5","Delexma H","5","This weekend I got to experience this beautiful place. I enjoyed every minute of it. The view is absolutely breathtaking","info@themoonsdaughters.com","","","","2026-04-28"
"Domingo Restaurant","123 N St Mary's St, San Antonio, TX 78205, USA","(210) 404-7516","https://www.domingorestaurant.com/?SEO_id=GMB--R-SATPYPY&y_source=1_Mjg5MTMwOTktNzE1LWxvY2F0aW9uLndlYnNpdGU=","https://maps.google.com/?cid=9419558226313164950&g_mp=CiVnb29nbGUubWFwcy5wbGFjZXMudjEuUGxhY2VzLkdldFBsYWNlEAIYBCAA","4.7","9206","5","5","0","4","Traveling G's","4","Christmas Dinner at Domingo was a nice treat.  I made reservations for 6:15 and we arrived a little early.  After making","forms@tambourine.com","","","",""
"Boudro's on the Riverwalk","On The Riverwalk Level, 421 E Commerce St, San Antonio, TX 78205, USA","(210) 224-8484","http://www.boudros.com/","https://maps.google.com/?cid=5434842793229321958&g_mp=CiVnb29nbGUubWFwcy5wbGFjZXMudjEuUGxhY2VzLkdldFBsYWNlEAIYBCAA","4.5","6629","5","5","0","4","Travelosivi","4","This place is very popular on the riverwalk. A table outdoors has great atmosphere. However, our party of 14 was seated","info@boudros.com","","","","2026-04-28"
"Maria Bonita Restaurant","350 Northaven Dr, San Antonio, TX 78229, USA","(210) 332-5504","http://www.mariabonitatx.com/","https://maps.google.com/?cid=10106134808829999237&g_mp=CiVnb29nbGUubWFwcy5wbGFjZXMudjEuUGxhY2VzLkdldFBsYWNlEAIYBCAA","4.6","2951","5","5","0","4","PHJ TEXAN","4","Radio station HIGHLY recommended and here is my opinion.  Out of town, travelled all over the US/International.. Here on","info@mariabonitatx.com","","","","2026-04-28"
"The Sicilian Butcher","5546 N Loop 1604 W Suite 120, San Antonio, TX 78249, USA","(726) 226-3519","https://locations.thesicilianbutcher.com/tx/san-antonio/san-antonio/","https://maps.google.com/?cid=2432843611976280184&g_mp=CiVnb29nbGUubWFwcy5wbGFjZXMudjEuUGxhY2VzLkdldFBsYWNlEAIYBCAA","4.6","805","5","5","0","4","Stephanie Wu","4","Great place to grab Italian food with family. Variety of pizza and pasta to share. Spacious with plenty of seating. It i","info@locations.thesicilianbutcher.com","","","","2026-04-28"
"Rita's on the River","River Level, 245 E Commerce St, San Antonio, TX 78205, USA","(210) 227-7482","http://www.ritasontheriver.com/","https://maps.google.com/?cid=902248974909025953&g_mp=CiVnb29nbGUubWFwcy5wbGFjZXMudjEuUGxhY2VzLkdldFBsYWNlEAIYBCAA","4.6","3955","5","5","0","4","Henry Hoffman","4","Had a couple cocktails, appetizers and early dinner on the Riverwalk with some colleagues. We walked from the hotel alon","info@ritasontheriver.com","","","","2026-04-28"
"Rainforest Cafe","110 E Crockett St, San Antonio, TX 78205, USA","(210) 277-6300","https://www.rainforestcafe.com/location/rainforest-cafe-san-antonio-tx/","https://maps.google.com/?cid=3874926482401094223&g_mp=CiVnb29nbGUubWFwcy5wbGFjZXMudjEuUGxhY2VzLkdldFBsYWNlEAIYBCAA","4.2","11432","5","5","0","4","Travis Blank","4","I love this place.  They have a very good selection of food and the portions are of good size.  It's a little pricey but","info@rainforestcafe.com","","","","2026-04-28"
"NOLA Restaurant","1101 Broadway Ste 120, San Antonio, TX 78215, USA","(210) 255-8842","http://eatatnola.com/","https://maps.google.com/?cid=813165601024871040&g_mp=CiVnb29nbGUubWFwcy5wbGFjZXMudjEuUGxhY2VzLkdldFBsYWNlEAIYBCAA","4.4","2826","5","5","0","5","NotEasy ToImpress","5","Stopped by NOLA for brunch in San Antonio and it was a great way to start the day.  We ordered the marinated beef po’boy","hello@whereyatsa.com","","","","2026-04-28"
"Max and Louie's New York Diner","226 W Bitters Rd #126, San Antonio, TX 78216, USA","(210) 483-7600","https://maxandlouies.com/","https://maps.google.com/?cid=12176369677292552898&g_mp=CiVnb29nbGUubWFwcy5wbGFjZXMudjEuUGxhY2VzLkdldFBsYWNlEAIYBCAA","4.5","6481","5","5","0","5","Ronald Foster","5","Max and Louie’s Diner manages to pull off something special: it feels like a classic New York diner wrapped in unmistaka","info@maxandlouies.com","","","","2026-04-28"
"Dean's Steak & Seafood","431 S Alamo St, San Antonio, TX 78205, USA","(210) 759-7441","https://www.deanssteakandseafood.com/?utm_source=google&utm_medium=organic&utm_campaign=business_listing","https://maps.google.com/?cid=5795018966617301270&g_mp=CiVnb29nbGUubWFwcy5wbGFjZXMudjEuUGxhY2VzLkdldFBsYWNlEAIYBCAA","4.8","1782","5","5","0","5","diana alzeer","5","We had an amazing experience at Dean’s Steak & Seafood, and I truly appreciate how professionally everything was handled","forms@tambourine.com","","","",""
"Chama Gaúcha Brazilian Steakhouse - San Antonio","18318 Sonterra Pl, San Antonio, TX 78258, USA","(210) 564-9400","https://www.chamagaucha.com/sanantonio","https://maps.google.com/?cid=11691215256167830523&g_mp=CiVnb29nbGUubWFwcy5wbGFjZXMudjEuUGxhY2VzLkdldFBsYWNlEAIYBCAA","4.9","14930","5","5","0","4","Em Y","4","Similar to Fogo De Chao, this is an all you can eat Brazilian BBQ. Their salad bar was extensive with many choices rangi","info@chamagaucha.com","","","","2026-04-28"
"Seasons 52","255 E Basse Rd #1400, San Antonio, TX 78209, USA","(210) 526-6525","https://www.seasons52.com/locations/tx/san-antonio/san-antonio/4557?cmpid=br:s52_ag:ie_ch:loc_ca:S52GMB_sn:gmb_gt:san-antonio-tx-4557_pl:locurl_rd:1046","https://maps.google.com/?cid=15203637318432094475&g_mp=CiVnb29nbGUubWFwcy5wbGFjZXMudjEuUGxhY2VzLkdldFBsYWNlEAIYBCAA","4.6","957","5","5","0","5","Geo-T22 Pav","5","We visited Seasons 52 for the first time with some friends that have frequented a few times. They had made reservations,","info@seasons52.com","","","",""
"Mare E Monte Italian Restaurant (San Antonio)","9390 Huebner Rd, San Antonio, TX 78240, USA","(210) 267-1233","https://www.mareemonte.com/","https://maps.google.com/?cid=4182283447967539449&g_mp=CiVnb29nbGUubWFwcy5wbGFjZXMudjEuUGxhY2VzLkdldFBsYWNlEAIYBCAA","4.9","4175","5","5","0","5","Daniela Benavides","5","I had such a beautiful experience here. The service was exceptional — truly some of the most caring hospitality I’ve see","info@mareemonte.com","","","","2026-04-28"
"Ambler Texas Kitchen + Cocktails","306 W Market St, San Antonio, TX 78205, USA","(210) 298-8040","https://www.amblersanantonio.com/","https://maps.google.com/?cid=5726713194996680482&g_mp=CiVnb29nbGUubWFwcy5wbGFjZXMudjEuUGxhY2VzLkdldFBsYWNlEAIYBCAA","4.4","1232","5","5","0","5","ARNIE BUCASAS","5","It was my first time dining here, and the experience was truly exceptional! The staff were incredibly approachable - esp","info@amblersanantonio.com","","","","2026-04-28"
"Biga - San Antonio Riverwalk Restaurant","203 S St Mary's St, San Antonio, TX 78205, USA","(210) 225-0722","https://biga.com/?utm_source=GoogleLocal&utm_campaign=GoogleLocal","https://maps.google.com/?cid=16032547321510139907&g_mp=CiVnb29nbGUubWFwcy5wbGFjZXMudjEuUGxhY2VzLkdldFBsYWNlEAIYBCAA","4.6","1504","5","5","0","5","Andrew","5","What a delight! We went for dinner and were treated like royalty. Excellent food and service. The lamb was lovely and th","info@biga.com","","","","2026-04-28"
"Paesanos Riverwalk","111 W Crockett St Suite 101, San Antonio, TX 78205, USA","(210) 227-2782","https://www.paesanosriverwalk.com/","https://maps.google.com/?cid=11710448536429269479&g_mp=CiVnb29nbGUubWFwcy5wbGFjZXMudjEuUGxhY2VzLkdldFBsYWNlEAIYBCAA","4.5","5636","5","5","0","4","Sangam Thapa","4","The food was satisfying, and the overall vibe of the place was nice. We went as a group of six and had a pleasant experi","info@paesanosriverwalk.com","","","","2026-04-28"
"Saltgrass Steak House","502 River Walk, San Antonio, TX 78205, USA","(210) 222-9092","https://www.saltgrass.com/location/saltgrass-san-antonio-riverwalk/","https://maps.google.com/?cid=15620649934117819413&g_mp=CiVnb29nbGUubWFwcy5wbGFjZXMudjEuUGxhY2VzLkdldFBsYWNlEAIYBCAA","4.2","6083","5","5","0","4","Bianca","4","The seafood Fondeaux was absolutely delicious!! So savory and cheesy with the perfect amount of shrimp and crawfish. Rec","info@saltgrass.com","","","","2026-04-28"
"Battalion","604 S Alamo St, San Antonio, TX 78205, USA","(210) 816-0088","http://www.battalionsa.com/","https://maps.google.com/?cid=6624812000437846717&g_mp=CiVnb29nbGUubWFwcy5wbGFjZXMudjEuUGxhY2VzLkdldFBsYWNlEAIYBCAA","4.5","1831","5","5","0","4","Angeline A","4","Battalion delivered an outstanding dining experience from start to finish. I was warmly greeted by both the hostess and","user@domain.com","","","",""
"Blush Restaurant & Bakery","713 S Alamo St, San Antonio, TX 78205, USA","(210) 202-0804","http://blushrestaurant.com/","https://maps.google.com/?cid=10020845636951809652&g_mp=CiVnb29nbGUubWFwcy5wbGFjZXMudjEuUGxhY2VzLkdldFBsYWNlEAIYBCAA","4.4","785","5","5","0","4","TN","4","First time here and had a nice experience for brunch. The menu is what brought us here (specifically a he chicken and cr","info@blushrestaurant.com","","","","2026-04-28"
"Bohanan's Prime Steaks and Seafood","219 E Houston St #275, San Antonio, TX 78205, USA","(210) 472-2600","http://www.bohanans.com/?utm_source=google&utm_medium=local&utm_campaign=1&utm_content=primary","https://maps.google.com/?cid=1499684603831171043&g_mp=CiVnb29nbGUubWFwcy5wbGFjZXMudjEuUGxhY2VzLkdldFBsYWNlEAIYBCAA","4.7","2604","5","5","0","4","Rose Oatley","4","We celebrated Valentine’s Day at Bohanan’s a week early due to booked reservations.  The drink list leans heavily on win","info@bohanans.com","","","","2026-04-28"
"Rosario's ComidaMex & Bar","722 S St Mary's St, San Antonio, TX 78205, USA","(210) 223-1806","https://rosariossa.com/","https://maps.google.com/?cid=9523404905876497502&g_mp=CiVnb29nbGUubWFwcy5wbGFjZXMudjEuUGxhY2VzLkdldFBsYWNlEAIYBCAA","4.3","7808","5","5","0","5","Leon C","5","Had an absolutely incredible night here! From start to finish, the experience was seamless. The food was delicious and t","info@rosariossa.com","","","","2026-04-28"
"The Shack","11502 Perrin Beitel, San Antonio, TX 78217, USA","(210) 257-9414","https://theshacksatx.com/","https://maps.google.com/?cid=4281645233992119304&g_mp=CiVnb29nbGUubWFwcy5wbGFjZXMudjEuUGxhY2VzLkdldFBsYWNlEAIYBCAA","4.8","571","5","5","0","4","Pat Edinger","4","Group visit for lunch. Ordering at the counter. Order was accurate and there were no issues with it. Food was good and o","info@theshacksatx.com","","","","2026-04-28"
"Crockett Tavern","320 Bonham Suite #2, San Antonio, TX 78205, USA","(210) 890-2224","http://crocketttavern.com/","https://maps.google.com/?cid=12471143755640558868&g_mp=CiVnb29nbGUubWFwcy5wbGFjZXMudjEuUGxhY2VzLkdldFBsYWNlEAIYBCAA","4.4","877","5","5","0","4","Alex K","4","Reserved a table at a later time expecting   less visitors. At 9 PM there were few tables, if any, but I was seated imme","heathers@maddogs.net","","","","2026-04-28"
"NONNA Osteria - Downtown","401 S Alamo St, San Antonio, TX 78205, USA","(210) 224-8800","http://nonnasa.com/","https://maps.google.com/?cid=13921112425039494625&g_mp=CiVnb29nbGUubWFwcy5wbGFjZXMudjEuUGxhY2VzLkdldFBsYWNlEAIYBCAA","4.6","1211","5","5","0","5","Galliano Marinelli","5","An exceptional Italian restaurant that warrants a visit. The wild boar bruschetta is a highlight, and the signature oliv","info@nonnasa.com","","","","2026-04-28"
"The Republic of Texas Restaurant","526 River Walk St, San Antonio, TX 78205, USA","","https://www.therepublicoftexasrestaurant.com/","https://maps.google.com/?cid=1831555944655557137&g_mp=CiVnb29nbGUubWFwcy5wbGFjZXMudjEuUGxhY2VzLkdldFBsYWNlEAIYBCAA","4","3926","5","5","0","4","Pat Rodriguez","4","Food was fine.. Riverwalk food. Service made us feel rushed although he indicated it was a slow day. The atmosphere.. Th","info@therepublicoftexasrestaurant.com","","","",""
"The Kendall Restaurant","128 W Blanco Rd, Boerne, TX 78006, USA","(830) 572-5000","https://www.kendallrestaurant.com/?utm_source=google_business_profile&utm_medium=local_seo&utm_campaign=kedallrestaurant","https://maps.google.com/?cid=2881028886749859786&g_mp=CiVnb29nbGUubWFwcy5wbGFjZXMudjEuUGxhY2VzLkdldFBsYWNlEAIYBCAA","4.8","68","5","5","0","5","kyle grothues","5","The change from Peggy’s to The Kendall seems to have gone smoothly.  Same great bar and great food.  The change has allo","user@domain.com","","","",""
"Ostra Restaurant","212 W Crockett St, San Antonio, TX 78205, USA","(210) 396-5817","https://www.omnihotels.com/hotels/san-antonio-mokara/dining/ostra?utm_source=gmblisting&utm_medium=organic","https://maps.google.com/?cid=16884532699064851737&g_mp=CiVnb29nbGUubWFwcy5wbGFjZXMudjEuUGxhY2VzLkdldFBsYWNlEAIYBCAA","4.3","1511","5","5","0","4","Sandra Balboa","4","We dined here recently on a Saturday night. The food presentation and wine service were great. The oysters had been just","info@omnihotels.com","","","","2026-04-28"
"Dick's Last Resort - San Antonio","223 Losoya St, San Antonio, TX 78205, USA","(210) 224-0026","https://dickslastresort.com/locations/","https://maps.google.com/?cid=18113686464849099146&g_mp=CiVnb29nbGUubWFwcy5wbGFjZXMudjEuUGxhY2VzLkdldFBsYWNlEAIYBCAA","4.2","3354","5","5","0","5","Bello Solano","5","Had a great time at Dick’s Last Resort in San Antonio! We sat outside and the whole experience was exactly what you hope","james@gobestbiz.com","","","","2026-04-28"
"Chef's Table SA TX Turkish Mediterranean Grill - Babcock Rd.","1546 Babcock Rd #102, San Antonio, TX 78229, USA","(210) 664-5100","https://chefstableturkish.com/","https://maps.google.com/?cid=15774663315201941973&g_mp=CiVnb29nbGUubWFwcy5wbGFjZXMudjEuUGxhY2VzLkdldFBsYWNlEAIYBCAA","4.7","1758","5","5","0","5","Sebastian Cabuto","5","First time here! From the photos on their website, I knew it would be delicious. The wait was about 10 minutes.  The com","info@chefstableturkish.com","","","","2026-04-28"
"Brenner's on the River Walk","215 Losoya St, San Antonio, TX 78205, USA","(726) 215-8703","https://www.brennerssteakhouse.com/location/brenners-on-the-river-walk/","https://maps.google.com/?cid=3143479931858849671&g_mp=CiVnb29nbGUubWFwcy5wbGFjZXMudjEuUGxhY2VzLkdldFBsYWNlEAIYBCAA","4.3","532","5","5","0","5","Bex","5","My hubby and I had an absolutely fantastic dinner here! We started with cocktails and Bang Bang shrimp; the drinks were","info@brennerssteakhouse.com","","","","2026-04-28"
"The Palm - San Antonio","233 E Houston St Ste 100, San Antonio, TX 78205, USA","(210) 226-7256","https://www.thepalm.com/restaurants/san-antonio/","https://maps.google.com/?cid=12890783140352940421&g_mp=CiVnb29nbGUubWFwcy5wbGFjZXMudjEuUGxhY2VzLkdldFBsYWNlEAIYBCAA","4.4","1138","5","5","0","5","Jessica Koenigseder","5","Every dish was beautifully presented and absolutely delicious. The steak was cooked to perfection—tender, juicy, and ful","info@thepalm.com","","","","2026-04-28"
"Schilo's","424 E Commerce St, San Antonio, TX 78205, USA","(210) 223-6692","https://www.schilos.com/","https://maps.google.com/?cid=15816658571755978074&g_mp=CiVnb29nbGUubWFwcy5wbGFjZXMudjEuUGxhY2VzLkdldFBsYWNlEAIYBCAA","4.5","5544","5","5","0","5","Xiao FU","5","Strongly recommend the sausage and the root beer. The sausage is perfectly seasoned and tender, and paired with some sau","user@domain.com","","","",""
"Texas de Brazil - San Antonio","313 E Houston St, San Antonio, TX 78205, USA","(210) 255-2775","https://texasdebrazil.com/locations/san-antonio/?utm_source=gmb&utm_medium=yext&y_source=1_NDg4MzA3NDgtNzE1LWxvY2F0aW9uLndlYnNpdGU%3D","https://maps.google.com/?cid=9918862716000756407&g_mp=CiVnb29nbGUubWFwcy5wbGFjZXMudjEuUGxhY2VzLkdldFBsYWNlEAIYBCAA","4.3","3205","5","5","0","4","Maria T Ferreira","4","I’ve always loved Texas de Brazil and it’s still on my top list of Brazilian steakhouses — but this recent visit felt a","info@texasdebrazil.com","","","","2026-04-28"
"The Jerk Shack","10234 TX-151 Suite 103, San Antonio, TX 78251, USA","(210) 776-7780","http://www.thejerkshacksatx.com/","https://maps.google.com/?cid=6456164703869525008&g_mp=CiVnb29nbGUubWFwcy5wbGFjZXMudjEuUGxhY2VzLkdldFBsYWNlEAIYBCAA","4.3","1686","5","5","0","4","SecondaryProtocol1","4","Decided to try this location since I've found in the Michelin list. Never trying Caribbean food, I was open but of cours","manager@thejerkshacksatx.com","","","","2026-04-28"
"Landry's Seafood House","517 N Presa St, San Antonio, TX 78205, USA","(210) 229-1010","https://www.landrysseafood.com/location/landrys-seafood-san-antonio/","https://maps.google.com/?cid=11425780886749129435&g_mp=CiVnb29nbGUubWFwcy5wbGFjZXMudjEuUGxhY2VzLkdldFBsYWNlEAIYBCAA","4.1","4131","5","5","0","4","Ninette","4","Great service.  Great atmosphere. (Loved the playlist). The lobster bisque could have had a bit more sherry but was load","info@landrysseafood.com","","","","2026-04-28"
"Iron Cactus Mexican Restaurant and Margarita Bar","200 River Walk Suite 100, San Antonio, TX 78205, USA","(210) 224-9835","https://ironcactus.com/","https://maps.google.com/?cid=1030424582055903414&g_mp=CiVnb29nbGUubWFwcy5wbGFjZXMudjEuUGxhY2VzLkdldFBsYWNlEAIYBCAA","4.1","7927","5","5","0","4","Ryan Young","4","Had dinner at Iron Cactus on the Riverwalk. Probably one of the best drinks I've ever had was the Mezcal Royale. Really","info@ironcactus.com","","","","2026-04-28"
"La Margarita Mexican Restaurant & Oyster Bar","120 Produce Row, San Antonio, TX 78207, USA","(210) 898-1745","http://www.lamargarita.com/","https://maps.google.com/?cid=1860637334961964454&g_mp=CiVnb29nbGUubWFwcy5wbGFjZXMudjEuUGxhY2VzLkdldFBsYWNlEAIYBCAA","4.3","4692","5","5","0","4","Mahealani C.","4","Staff was great and welcoming, chatty and fun. We sat at the bar & I had the watermelon rita, hubbs had the pomegranate","guestservice@lafamiliacortez.com","","","","2026-04-28"
"Coasterra","880 B Harbor Island Dr, San Diego, CA 92101, USA","(619) 814-1300","https://www.coasterra.com/","https://maps.google.com/?cid=13138992375895706443&g_mp=CiVnb29nbGUubWFwcy5wbGFjZXMudjEuUGxhY2VzLkdldFBsYWNlEAIYBCAA","4.4","5264","5","5","3","2","Arushi Bhargava","2","My husband and I visited the restaurant today for our anniversary dinner. We had a reservation so we were seated promptl","info@coasterra.com","","","","2026-04-28"
"AKA San Diego","611 Fifth Ave, San Diego, CA 92101, USA","(619) 780-0430","https://www.akagaslamp.com/","https://maps.google.com/?cid=12708471912018355326&g_mp=CiVnb29nbGUubWFwcy5wbGFjZXMudjEuUGxhY2VzLkdldFBsYWNlEAIYBCAA","4.5","855","5","5","3","2","Amy","2","What a BUMMER! We made our reservation over 2 weeks in advance. When we arrived we were told there was only bar seating","user@domain.com","","","",""
"Greystone Prime Steakhouse & Seafood","658 Fifth Ave, San Diego, CA 92101, USA","(619) 232-0225","https://www.greystonesteakhouse.com/","https://maps.google.com/?cid=5607939352686011690&g_mp=CiVnb29nbGUubWFwcy5wbGFjZXMudjEuUGxhY2VzLkdldFBsYWNlEAIYBCAA","4.3","2355","5","5","3","1","Ernest Carreira","1","I made reservations for my girlfriend and myself for Valentine’s Day expecting a special and memorable evening. I knew i","info@greystonesteakhouse.com","","","","2026-04-28"
"Seneca Trattoria","901 Bayfront Ct Level 19, San Diego, CA 92101, USA","(619) 877-8642","http://senecatrattoria.com/","https://maps.google.com/?cid=4769397286521790739&g_mp=CiVnb29nbGUubWFwcy5wbGFjZXMudjEuUGxhY2VzLkdldFBsYWNlEAIYBCAA","4.2","1405","5","5","2","2","Kristina A","2","We arrived on time for our 7:45pm reservation, were immediately told they are running behind- ended up seated by 8pm. Fi","user@domain.com","","","",""
"The Remy","2445 Hotel Circle Place, San Diego, CA 92108, USA","(619) 906-5570","https://www.theremysd.com/","https://maps.google.com/?cid=9422221078646450085&g_mp=CiVnb29nbGUubWFwcy5wbGFjZXMudjEuUGxhY2VzLkdldFBsYWNlEAIYBCAA","4.6","488","5","5","2","3","Hector Cruz","3","Gave an overall 3 because I was brought here for my birthday and I ordered the waygu my strip medium rare and I got a me","user@domain.com","","","",""
"Nobu San Diego","207 Fifth Ave, San Diego, CA 92101, USA","(619) 814-4124","https://www.noburestaurants.com/sandiego/home/?utm_source=google&utm_medium=Yext","https://maps.google.com/?cid=12985922639095748162&g_mp=CiVnb29nbGUubWFwcy5wbGFjZXMudjEuUGxhY2VzLkdldFBsYWNlEAIYBCAA","4.2","902","5","5","2","1","Ruth Thomson","1","Had dinner tonight with a group in San Diego for a conference. We each ordered individually. I ordered the rock shrimp t","info@noburestaurants.com","","","","2026-04-28"
"Malibu Farm San Diego","831 W Harbor Dr, San Diego, CA 92101, USA","(619) 695-2300","https://www.malibu-farm.com/seaport-san-diego/","https://maps.google.com/?cid=11303879801333713294&g_mp=CiVnb29nbGUubWFwcy5wbGFjZXMudjEuUGxhY2VzLkdldFBsYWNlEAIYBCAA","4.2","843","5","5","1","3","Aadhya Pandya","3","This is a aesthetic cafe aand that's all. we had ordered most of the breakfast items, the pancakes were very chewy and j","email@address.com","","","","2026-04-28"
"Water Grill San Diego","615 J St, San Diego, CA 92101, USA","(619) 717-6992","https://www.watergrill.com/sandiego","https://maps.google.com/?cid=14882137766428122778&g_mp=CiVnb29nbGUubWFwcy5wbGFjZXMudjEuUGxhY2VzLkdldFBsYWNlEAIYBCAA","4.5","2755","5","5","1","3","Quality Queen","3","Water Grill has a sweet place in my heart since it was one of the first places I went to with my husband when we started","ajames@kingsseafood.com","","","","2026-04-28"
"Herb & Wood","2210 Kettner Blvd, San Diego, CA 92101, USA","(619) 955-8495","https://www.herbandwood.com/","https://maps.google.com/?cid=18328325797112983035&g_mp=CiVnb29nbGUubWFwcy5wbGFjZXMudjEuUGxhY2VzLkdldFBsYWNlEAIYBCAA","4.5","2496","5","5","1","2","Tammy Atkins","2","My birthday was January 17th. My boyfriend made reservations over a week ago and mentioned it was my birthday. Our reser","user@domain.com","","","",""
"Cafe Sevilla of San Diego","353 Fifth Ave, San Diego, CA 92101, USA","(619) 233-5979","https://www.cafesevilla.com/","https://maps.google.com/?cid=1136575806614048066&g_mp=CiVnb29nbGUubWFwcy5wbGFjZXMudjEuUGxhY2VzLkdldFBsYWNlEAIYBCAA","4.3","3643","5","5","1","2","Charu Sharma","2","Missable spot for vegetarians. Tried the papas bravas which were NOT like the patatas bravas of Spain! This one had onio","info@cafesevilla.com","","","","2026-04-28"
"Sally's Waterfront Dining","1 Market Pl, San Diego, CA 92101, USA","(619) 358-6740","http://sallyssandiego.com/","https://maps.google.com/?cid=12281351598427163708&g_mp=CiVnb29nbGUubWFwcy5wbGFjZXMudjEuUGxhY2VzLkdldFBsYWNlEAIYBCAA","4.3","1601","5","5","1","3","Donna","3","The restaurant is in a beautiful location with very nice views outside. The inside is beautiful as well. The server for","user@domain.com","","","",""
"Cesarina","4161 Voltaire St, San Diego, CA 92107, USA","(619) 226-6222","http://www.cesarinarestaurant.com/","https://maps.google.com/?cid=9254955461539448953&g_mp=CiVnb29nbGUubWFwcy5wbGFjZXMudjEuUGxhY2VzLkdldFBsYWNlEAIYBCAA","4.7","2574","5","5","1","1","Tanja","1","We had a very disappointing dining experience due to poor service. Definitely not return!  We had a 7:45 PM outdoor seat","info@cesarinarestaurant.com","","","","2026-04-28"
"Kettner Exchange","2001 Kettner Blvd, San Diego, CA 92101, USA","(619) 255-2001","http://www.kettnerexchange.com/","https://maps.google.com/?cid=4849539590414607249&g_mp=CiVnb29nbGUubWFwcy5wbGFjZXMudjEuUGxhY2VzLkdldFBsYWNlEAIYBCAA","4.5","2263","5","5","1","1","Gary Bruce","1","So my first time going to Kitna exchange very excited to try this place out so I book on OpenTable for New Year’s Eve. T","info@kettnerexchange.com","","","","2026-04-28"
"Cowboy Star Restaurant and Butcher Shop","640 Tenth Ave, San Diego, CA 92101, USA","(619) 450-5880","http://www.cowboystarsd.com/","https://maps.google.com/?cid=7117496641802227857&g_mp=CiVnb29nbGUubWFwcy5wbGFjZXMudjEuUGxhY2VzLkdldFBsYWNlEAIYBCAA","4.6","1035","5","5","1","3","JLynn P","3","Cowboy Star came with rave reviews from friends, so expectations were high. It was a very busy, fully booked night and w","will@thecowboystar.com","","","","2026-04-28"
"The Melt","635 Fifth Ave, San Diego, CA 92101, USA","(619) 356-7307","https://www.themelt.com/","https://maps.google.com/?cid=9478294673417559690&g_mp=CiVnb29nbGUubWFwcy5wbGFjZXMudjEuUGxhY2VzLkdldFBsYWNlEAIYBCAA","4.5","1697","5","5","1","3","Carly Coleman","3","This is definitely good drunk food. We ordered the jalapeño burger, the burger was a bit bland, texture mushy, and overa","tellus@themelt.com","","","","2026-04-28"
"Rustic Root","535 Fifth Ave, San Diego, CA 92101, USA","(619) 232-1747","https://rusticrootsd.com/","https://maps.google.com/?cid=3632296939270863198&g_mp=CiVnb29nbGUubWFwcy5wbGFjZXMudjEuUGxhY2VzLkdldFBsYWNlEAIYBCAA","4.3","2892","5","5","1","3","Alexander Woodcock","3","A little disappointed— style over substance? We were excited for a Saturday brunch on the rooftop here. The menu is smal","info@rusticrootsd.com","","","","2026-04-28"
"Barbusa","1917 India St, San Diego, CA 92101, USA","(619) 238-1917","http://www.barbusa.com/","https://maps.google.com/?cid=16802621157533613927&g_mp=CiVnb29nbGUubWFwcy5wbGFjZXMudjEuUGxhY2VzLkdldFBsYWNlEAIYBCAA","4.4","2584","5","5","1","3","Victoria","3","Service was incredible Outdoor patio was warm and cozy  Fried zucchini blossoms appetizer was good but I prefer a lighte","info@barbusa.com","","","","2026-04-28"
"Punch Bowl Social","1485 E St, San Diego, CA 92101, USA","(619) 452-3352","https://punchbowlsocial.com/location/san-diego/","https://maps.google.com/?cid=9985230586649428455&g_mp=CiVnb29nbGUubWFwcy5wbGFjZXMudjEuUGxhY2VzLkdldFBsYWNlEAIYBCAA","4.3","2177","5","5","1","3","Daniela Alvarado","3","I was excited to try this place because I've never been. We walked in and were greated right away. Got some bowling shoe","info@punchbowlsocial.com","","","","2026-04-28"
"Lionfish Modern Coastal Cuisine – San Diego","435 Fifth Ave, San Diego, CA 92101, USA","(619) 738-7200","https://lionfishsd.com/","https://maps.google.com/?cid=15845931239721186116&g_mp=CiVnb29nbGUubWFwcy5wbGFjZXMudjEuUGxhY2VzLkdldFBsYWNlEAIYBCAA","4.3","886","5","5","1","3","rashmi","3","Good food - their scallop and octopus dish was really good. We also really liked the drinks - both cocktail and mocktail","info@lionfishsd.com","","","","2026-04-28"
"Claim Jumper Steakhouse & Bar - San Diego, CA","1355 N Harbor Dr, San Diego, CA 92101, USA","(619) 531-7994","https://www.claimjumper.com/","https://maps.google.com/?cid=4773885360953627229&g_mp=CiVnb29nbGUubWFwcy5wbGFjZXMudjEuUGxhY2VzLkdldFBsYWNlEAIYBCAA","4","2634","5","5","1","1","Brandon A","1","This is legitimately a 0 star review. I have the whole experience time stamped. My girlfriend and I arrived at 735 on 11","info@claimjumper.com","","","","2026-04-28"
"Bronze Bird","910 Broadway Cir, San Diego, CA 92101, USA","(619) 272-5840","https://www.marriott.com/en-us/hotels/sanwi-the-westin-san-diego-gaslamp-quarter/dining/?scid=feed67b0-9a2f-4de1-8df6-114544116108","https://maps.google.com/?cid=17905730756120344721&g_mp=CiVnb29nbGUubWFwcy5wbGFjZXMudjEuUGxhY2VzLkdldFBsYWNlEAIYBCAA","4.5","199","5","5","1","3","Angela Galitski","3","Service is great! As soon as you walk in are warmly greeted. However, the scent they pump through the A/C unit is overly","info@marriott.com","","","","2026-04-28"
"Hob Nob Hill","2271 First Ave., San Diego, CA 92101, USA","(619) 239-8176","https://hobnobhill.com/","https://maps.google.com/?cid=8775799931912797892&g_mp=CiVnb29nbGUubWFwcy5wbGFjZXMudjEuUGxhY2VzLkdldFBsYWNlEAIYBCAA","4.4","2227","5","5","1","1","Melissa Hernandez","1","Regular HobNob customer here, this was our place. The place that we would always come to for a great breakfast, amazing","user@domain.com","","","",""
"Cocina 35","1435 Sixth Ave, San Diego, CA 92101, USA","(619) 431-5611","http://www.cocina35.com/","https://maps.google.com/?cid=5504402603938767260&g_mp=CiVnb29nbGUubWFwcy5wbGFjZXMudjEuUGxhY2VzLkdldFBsYWNlEAIYBCAA","4.4","2711","5","5","1","3","bmfmikeb","3","Let me preface this review by saying that I never order chilquiles from any restaurant. It is a dish that has always bee","info@cocina35.com","","","","2026-04-28"
"Dobson's Bar & Restaurant","956 Broadway Cir, San Diego, CA 92101, USA","(619) 231-6771","http://dobsonsrestaurant.com/","https://maps.google.com/?cid=9755423406748263590&g_mp=CiVnb29nbGUubWFwcy5wbGFjZXMudjEuUGxhY2VzLkdldFBsYWNlEAIYBCAA","4.5","494","5","5","1","1","Joe McGowan","1","Waited an hour and 10 minutes for cold entrée to be delivered and only after flagging our waiter down asking where our f","marcos@dobsonsrestaurant.com","","","","2026-04-28"
"Tapas & Beers | French and Spanish Restaurant","926 Broadway Cir, San Diego, CA 92101, USA","(619) 564-7255","https://tapasbeers.com/","https://maps.google.com/?cid=16088891558730306147&g_mp=CiVnb29nbGUubWFwcy5wbGFjZXMudjEuUGxhY2VzLkdldFBsYWNlEAIYBCAA","4.7","384","5","5","1","3","Sammy Luk","3","Went in at 7pm and the restaurant is completely empty. Only the salad and the fries is actually good , the pane con toma","info@tapasbeers.com","","","","2026-04-28"
"Pushkin Lounge & Bar","750 Sixth Ave, San Diego, CA 92101, USA","(619) 496-1908","https://www.pushkinlounge.com/","https://maps.google.com/?cid=7437882317261326660&g_mp=CiVnb29nbGUubWFwcy5wbGFjZXMudjEuUGxhY2VzLkdldFBsYWNlEAIYBCAA","4.5","771","5","5","1","1","Olzhas Rakhmetov","1","I liked the location, we found parking nearby, and everything inside was clean and beautiful.  The interior definitely d","info@pushkinlounge.com","","","","2026-04-28"
"The Mission/ East Village","1250 J St, San Diego, CA 92101, USA","(619) 232-7662","http://www.themissionsd.com/","https://maps.google.com/?cid=1218361531700735864&g_mp=CiVnb29nbGUubWFwcy5wbGFjZXMudjEuUGxhY2VzLkdldFBsYWNlEAIYBCAA","4.5","1565","5","5","1","2","Angie Cruz","2","This is a cute and charming little place with decent food. The women working here are incredibly kind, friendly, and pro","themissionsd@gmail.com","","","","2026-04-28"
"La Puerta","560 Fourth Ave, San Diego, CA 92101, USA","(619) 696-3466","https://lapuertasd.com/?utm_source=Business-Listings","https://maps.google.com/?cid=4238869013816314905&g_mp=CiVnb29nbGUubWFwcy5wbGFjZXMudjEuUGxhY2VzLkdldFBsYWNlEAIYBCAA","4.5","5150","5","5","0","4","Mrinalini Buddha","4","We got food delivered from here and ordered on the phone. The staff were very helpful and guided us to navigate the menu","info@lapuertasd.com","","","","2026-04-28"
"C Level Lounge","880 Harbor Island Dr, San Diego, CA 92101, USA","(619) 298-6802","https://www.clevelsd.com/","https://maps.google.com/?cid=5170912310496567725&g_mp=CiVnb29nbGUubWFwcy5wbGFjZXMudjEuUGxhY2VzLkdldFBsYWNlEAIYBCAA","4.6","3343","5","5","0","4","Kaveri Kesarwani","4","Came here for a Valentine’s brunch and loved the 'business casual' red carpet setup. As a vegetarian at a seafood-heavy","info@clevelsd.com","","","","2026-04-28"
"The Fish Market","750 N Harbor Dr, San Diego, CA 92101, USA","(619) 232-3474","http://www.thefishmarket.com/","https://maps.google.com/?cid=14731232986280580132&g_mp=CiVnb29nbGUubWFwcy5wbGFjZXMudjEuUGxhY2VzLkdldFBsYWNlEAIYBCAA","4.4","7884","5","5","0","4","Kelli Farr","4","We came for a late lunch/early dinner and were easily seated outside by the water. We chose this restaurant as it seemed","info@thefishmarket.com","","","","2026-04-28"
"Duke's La Jolla","1216 Prospect St, La Jolla, CA 92037, USA","(858) 454-5888","http://www.dukeslajolla.com/","https://maps.google.com/?cid=9621594320739148064&g_mp=CiVnb29nbGUubWFwcy5wbGFjZXMudjEuUGxhY2VzLkdldFBsYWNlEAIYBCAA","4.5","5560","5","5","0","5","Maura B","5","⭐️⭐️⭐️⭐️⭐️ Duke’s La Jolla — A Truly Memorable Dining Experience  Duke’s La Jolla is exceptional in every way — deliciou","info@dukeslajolla.com","","","","2026-04-28"
"Morning Glory","550 W Date St Suite #C, San Diego, CA 92101, USA","(619) 629-0302","http://www.morningglorybreakfast.com/","https://maps.google.com/?cid=10904478176897912104&g_mp=CiVnb29nbGUubWFwcy5wbGFjZXMudjEuUGxhY2VzLkdldFBsYWNlEAIYBCAA","4.3","3582","5","5","0","4","Charu Sharma","4","Food is extraordinary! We had the French omelette with a side of hash browns, and millennial tears with side of vegan pa","human@morninggloryrestaurant.com","","","","2026-04-28"
"Juniper and Ivy","2228 Kettner Blvd, San Diego, CA 92101, USA","(619) 269-9036","https://www.juniperandivy.com/","https://maps.google.com/?cid=413959024025564405&g_mp=CiVnb29nbGUubWFwcy5wbGFjZXMudjEuUGxhY2VzLkdldFBsYWNlEAIYBCAA","4.6","2690","5","5","0","4","Pelumi Olaleye","4","First time visiting and I’m genuinely impressed.  I stopped in about an hour before closing on a Monday night, so I did","info@juniperandivy.com","","","","2026-04-28"
"Zama San Diego","467 Fifth Ave, San Diego, CA 92101, USA","(619) 915-5789","https://www.zamasandiego.com/","https://maps.google.com/?cid=9155490528370422388&g_mp=CiVnb29nbGUubWFwcy5wbGFjZXMudjEuUGxhY2VzLkdldFBsYWNlEAIYBCAA","4.6","1528","5","5","0","5","Katherine Cerda","5","We came to Zama San Diego for a bachelorette celebration, and the experience exceeded our expectations! The atmosphere w","info@zamasandiego.com","","","","2026-04-28"
"Wolf In The Woods","1920 Fort Stockton Dr Suite C, San Diego, CA 92103, USA","(619) 234-2597","http://www.thewolfinthewoods.com/","https://maps.google.com/?cid=12261548194371536841&g_mp=CiVnb29nbGUubWFwcy5wbGFjZXMudjEuUGxhY2VzLkdldFBsYWNlEAIYBCAA","4.7","385","5","5","0","4","Luan Nguyen Minh (Luke)","4","Decent dinner atmostphere (music was a little bit loud inside, the patio was calmer). Service was timely and staff was n","user@domain.com","","","",""
"Georges at the Cove","1250 Prospect St, La Jolla, CA 92037, USA","(858) 454-4244","https://www.georgesatthecove.com/","https://maps.google.com/?cid=18189491404613468604&g_mp=CiVnb29nbGUubWFwcy5wbGFjZXMudjEuUGxhY2VzLkdldFBsYWNlEAIYBCAA","4.4","4283","5","5","0","4","Chris Stephenson","4","We recently visited Georges at the Cove and were absolutely blown away by the newly renovated Ocean Terrace. The fresh l","user@domain.com","","","",""
"Ristorante Illando","1825 India St, San Diego, CA 92101, USA","(619) 693-5204","http://www.illando.com/","https://maps.google.com/?cid=1136306259703003030&g_mp=CiVnb29nbGUubWFwcy5wbGFjZXMudjEuUGxhY2VzLkdldFBsYWNlEAIYBCAA","4.3","985","5","5","0","4","Sky Thai","4","Super intimate and small space so definitely recommend reservations. The food is classic Italian food that is made well","info@illando.com","","","","2026-04-28"
"Breakfast Republic","707 G St, San Diego, CA 92101, USA","(619) 501-8280","http://www.breakfastrepublic.com/","https://maps.google.com/?cid=5863843897201710163&g_mp=CiVnb29nbGUubWFwcy5wbGFjZXMudjEuUGxhY2VzLkdldFBsYWNlEAIYBCAA","4.5","4383","5","5","0","5","Nadia S","5","I went to the Breakfast Republic at their downtown location over the weekend and had a really great experience. Even tho","info@breakfastrepublic.com","","","","2026-04-28"
"Brigantine Seafood & Oyster Bar","1360 N Harbor Dr, San Diego, CA 92101, USA","(619) 719-4960","http://www.brigantine.com/","https://maps.google.com/?cid=781831163293565907&g_mp=CiVnb29nbGUubWFwcy5wbGFjZXMudjEuUGxhY2VzLkdldFBsYWNlEAIYBCAA","4.4","4598","5","5","0","5","Sharon B","5","Beautiful venue with gorgeous view of the bay and ships from the nautical museum next door. This is a great place to tak","info@brigantine.com","","","","2026-04-28"
"Osteria Panevino","722 Fifth Ave, San Diego, CA 92101, USA","(619) 595-7959","https://www.osteriapanevino.com/","https://maps.google.com/?cid=18211913828659775616&g_mp=CiVnb29nbGUubWFwcy5wbGFjZXMudjEuUGxhY2VzLkdldFBsYWNlEAIYBCAA","4.3","1260","5","5","0","5","Greg Koehler","5","My wife and I went in here for date night. BEST Italian food we've had outside of Italy in a long time. The server recom","info@osteriapanevino.com","","","","2026-04-28"
"Il Fornaio Coronado","1333 1st St, Coronado, CA 92118, USA","(619) 437-4911","https://www.ilfornaio.com/location/il-fornaio-coronado/","https://maps.google.com/?cid=13354997451369476505&g_mp=CiVnb29nbGUubWFwcy5wbGFjZXMudjEuUGxhY2VzLkdldFBsYWNlEAIYBCAA","4.4","2937","5","5","0","4","Marc Cole","4","Had a pretty good time with family at Il Fornaio in San Diego! We arrived early enough to be among the first patrons of","coronado@ilfo.com","","","","2026-04-28"
"Mimoza Mediterranean Restaurant","409 F St, San Diego, CA 92101, USA","(619) 228-9357","http://mimozasd.com/","https://maps.google.com/?cid=9298051118526804644&g_mp=CiVnb29nbGUubWFwcy5wbGFjZXMudjEuUGxhY2VzLkdldFBsYWNlEAIYBCAA","4.7","875","5","5","0","4","Vaish “Siso” C","4","We had a lovely time here. Our barterders were very friendly and made it fun to sit at the bar.  We throughly enjoyed ou","team@latofonts.com","","","","2026-04-28"
"STK Steakhouse","600 F St, San Diego, CA 92101, USA","(619) 354-5988","https://stksteakhouse.com/venues/san-diego/","https://maps.google.com/?cid=9498492989745249593&g_mp=CiVnb29nbGUubWFwcy5wbGFjZXMudjEuUGxhY2VzLkdldFBsYWNlEAIYBCAA","4.5","2372","5","5","0","4","Momo Zhang","4","With the new year comes the return of Amex credit card perks, and we booked an Italian restaurant through Resy—which led","info@togrp.com","","","",""
"Tacos El Gordo","511 F St, San Diego, CA 92102, USA","(619) 955-8220","https://tacoselgordobc.com/","https://maps.google.com/?cid=3385535148072060085&g_mp=CiVnb29nbGUubWFwcy5wbGFjZXMudjEuUGxhY2VzLkdldFBsYWNlEAIYBCAA","4.4","4120","5","5","0","4","Tikitty Boo (Tikittyboo)","4","This is a hectic, fast paced taco stop but a must visit any time you’re passing by! The food is unbelievably fresh, flav","info@tacoselgordobc.com","","","","2026-04-28"
"Roy's Restaurant","333 W Harbor Dr, San Diego, CA 92101, USA","(619) 239-7697","https://www.roysrestaurant.com/locations/san-diego-waterfront/","https://maps.google.com/?cid=8603496863835518332&g_mp=CiVnb29nbGUubWFwcy5wbGFjZXMudjEuUGxhY2VzLkdldFBsYWNlEAIYBCAA","4.1","1537","5","5","0","4","Arturs Mons","4","The food was truly great — well prepared, flavorful, and presented beautifully. You can tell there’s real attention to q","info@roysrestaurant.com","","","","2026-04-28"
"The Rooftop by STK","600 F St, San Diego, CA 92101, USA","(619) 814-2002","https://sandiego.andaz.hyatt.com/en/hotel/dining/the-rooftop-by-stk.html","https://maps.google.com/?cid=6652408777475060622&g_mp=CiVnb29nbGUubWFwcy5wbGFjZXMudjEuUGxhY2VzLkdldFBsYWNlEAIYBCAA","4.3","456","5","5","0","4","Jeff Hayes","4","Headed upstairs to watch the sun set over downtown. Good drinks, good view, great atmosphere! Furnishings were very comf","info@sandiego.andaz.hyatt.com","","","","2026-04-28"
"Eddie V's Prime Seafood","1270 Prospect St, La Jolla, CA 92037, USA","(858) 459-5500","https://www.eddiev.com/locations/ca/la-jolla/la-jolla/8511?cmpid=br:ev_ag:ie_ch:loc_ca:EVGMB_sn:gmb_gt:la-jolla-ca-8511_pl:locurl_rd:1010","https://maps.google.com/?cid=14170514692473749185&g_mp=CiVnb29nbGUubWFwcy5wbGFjZXMudjEuUGxhY2VzLkdldFBsYWNlEAIYBCAA","4.7","2278","5","5","0","5","Sue Duong","5","02/03/26 Amber, our waitress, paid attention to detail. She checked in on us often and had a quick chat with us. At the","info@eddiev.com","","","","2026-04-28"
"Lucrezia La Jolla","4301 La Jolla Village Dr Unit 1050, San Diego, CA 92122, USA","(858) 352-6266","https://lucrezia.us/","https://maps.google.com/?cid=16291210053622895816&g_mp=CiVnb29nbGUubWFwcy5wbGFjZXMudjEuUGxhY2VzLkdldFBsYWNlEAIYBCAA","4.5","684","5","5","0","5","Steph R","5","Kim was absolutely incredible  hands down one of the best servers I’ve ever had. She was kind, attentive, and made us fe","info@lucrezia.us","","","","2026-04-28"
"Covewood Restaurant","1775 E Mission Bay Dr., San Diego, CA 92109, USA","(619) 275-7922","https://www.missionbayresort.com/covewood-restaurant/?utm_source=gmb-restaurant&utm_medium=organic&utm_campaign=gmb","https://maps.google.com/?cid=9889982127312659581&g_mp=CiVnb29nbGUubWFwcy5wbGFjZXMudjEuUGxhY2VzLkdldFBsYWNlEAIYBCAA","4.2","465","5","5","0","4","Shannon Terriquez","4","Went for a breakfast here while staying at Mission Bay Resort. The food was good, I only got eggs,bacon, and potatoes so","info@missionbayresort.com","","","","2026-04-28"
"Saint James French Diner","830 Sixth Ave, San Diego, CA 92101, USA","(619) 678-1007","https://saintjamesfrenchdiner.com/","https://maps.google.com/?cid=3619175052953306700&g_mp=CiVnb29nbGUubWFwcy5wbGFjZXMudjEuUGxhY2VzLkdldFBsYWNlEAIYBCAA","4.3","250","5","5","0","4","Samuel Baek","4","On our way into the city we had to make an audible and do last minute dinner plans and luckily, Saint James French Diner","user@domain.com","","","",""
"Operacaffe","835 Fourth Ave, San Diego, CA 92101, USA","(619) 234-6538","http://operacaffe.com/","https://maps.google.com/?cid=11308208232072936008&g_mp=CiVnb29nbGUubWFwcy5wbGFjZXMudjEuUGxhY2VzLkdldFBsYWNlEAIYBCAA","4.6","843","5","5","0","4","M Hosokawa","4","I visited this Italian restaurant over the weekend and had a great experience overall. The space is small and intimate,","info@operacaffe.com","","","","2026-04-28"
"Hodad's Downtown","945 Broadway, San Diego, CA 92101, USA","(619) 234-6323","http://hodadsdowntown.com/","https://maps.google.com/?cid=14298829408041334999&g_mp=CiVnb29nbGUubWFwcy5wbGFjZXMudjEuUGxhY2VzLkdldFBsYWNlEAIYBCAA","4.6","4414","5","5","0","4","Mohammed Morris","4","Great service, good atmosphere, and a good burger. The burgers aren’t necessarily huge, the patty is a regular size. It’","hodads1904@gmail.com","","","","2026-04-28"
"Parfait Paris","555 G St, San Diego, CA 92101, USA","(619) 245-4457","https://parfaitparis.com/","https://maps.google.com/?cid=6125819932177508967&g_mp=CiVnb29nbGUubWFwcy5wbGFjZXMudjEuUGxhY2VzLkdldFBsYWNlEAIYBCAA","4.5","2546","5","5","0","4","Zsuzsanna Sziveri","4","Nice atmosphere, however staff is slow, we had to wait for a single crepe over 30 minutes (there were two other customer","contact@parfaitparis.com","","","","2026-04-28"
"Karina's Cantina Gaslamp","755 Fifth Ave, San Diego, CA 92101, USA","(619) 756-7333","http://www.karinasseafood.com/","https://maps.google.com/?cid=13146064320171634646&g_mp=CiVnb29nbGUubWFwcy5wbGFjZXMudjEuUGxhY2VzLkdldFBsYWNlEAIYBCAA","4.2","591","5","5","0","4","Vicky Sanders","4","The food at this location was amazing, but the only thing it’s a little pricey. We got the oysters and they were really","info@karinasseafood.com","","","","2026-04-28"
"Flama Llama","4433 Convoy St, San Diego, CA 92111, USA","(858) 492-0402","https://www.flamallama.com/","https://maps.google.com/?cid=1952409151777459956&g_mp=CiVnb29nbGUubWFwcy5wbGFjZXMudjEuUGxhY2VzLkdldFBsYWNlEAIYBCAA","4.7","2249","5","5","0","4","Volodymyr Korsun","4","A lovely experience at Flama Llama, highlighted by outstanding service from April, who was attentive and welcoming. ​The","info@flamallama.com","","","","2026-04-28"
"Pappalecco","1602 State St, San Diego, CA 92101, USA","(619) 238-4590","https://pappalecco.com/","https://maps.google.com/?cid=4683486648547176443&g_mp=CiVnb29nbGUubWFwcy5wbGFjZXMudjEuUGxhY2VzLkdldFBsYWNlEAIYBCAA","4.6","2204","5","5","0","4","Phyllis Rostykus","4","Lots of things on the menu, but the gelato was only sold in $7 cups that you could get up to three flavors. The girl ser","user@domain.com","","","",""
"Mimmo's","1743 India St, San Diego, CA 92101, USA","(619) 239-3710","https://www.mimmos.biz/","https://maps.google.com/?cid=13489599759931472800&g_mp=CiVnb29nbGUubWFwcy5wbGFjZXMudjEuUGxhY2VzLkdldFBsYWNlEAIYBCAA","4.4","1797","5","5","0","4","Darlene Danehy","4","We wanted to enjoy lunch in Little Italy before leaving town, and we decided to give Mimmo's a try. The staff was friend","info@mimmos.biz","","","","2026-04-28"
"Allegro Restaurant and Bar","1536 India St, San Diego, CA 92101, USA","(619) 310-6996","https://www.allegro-sd.com/","https://maps.google.com/?cid=11519478808822647613&g_mp=CiVnb29nbGUubWFwcy5wbGFjZXMudjEuUGxhY2VzLkdldFBsYWNlEAIYBCAA","4.3","1458","5","5","0","5","Robert Prophet","5","As a tourist visiting Little Italy in San Diego, you have dozens if not hundreds of options to dine out. Allegro was my","info@allegro-sd.com","","","","2026-04-28"
"The Taco Stand","645 B St, San Diego, CA 92101, USA","(619) 546-0570","http://letstaco.com/","https://maps.google.com/?cid=5236049097373513162&g_mp=CiVnb29nbGUubWFwcy5wbGFjZXMudjEuUGxhY2VzLkdldFBsYWNlEAIYBCAA","4.6","2488","5","5","0","4","Steph Kwan","4","I got the Al Pastor and Carne Asada tacos. I appreciated the options at the salsa bar, as it allowed for a personal choi","info@letstaco.com","","","","2026-04-28"
"Anthony's Pier 66 & Bell Street Diner","2201 Alaskan Wy, Seattle, WA 98121, USA","(206) 448-6688","https://www.anthonys.com/restaurant/anthonys-bell-street-diner/","https://maps.google.com/?cid=2364178980047553367&g_mp=CiVnb29nbGUubWFwcy5wbGFjZXMudjEuUGxhY2VzLkdldFBsYWNlEAIYBCAA","4.3","2448","5","5","3","1","Dolly Wu","1","Came here after reading the reviews for the $33 three-course meal, but honestly, none of the dishes were good. The seafo","info@anthonys.com","","","","2026-04-28"
"Tai Tung Restaurant","655 S King St, Seattle, WA 98104, USA","(206) 622-7372","https://www.taitungrestaurant.com/","https://maps.google.com/?cid=9727176627510675414&g_mp=CiVnb29nbGUubWFwcy5wbGFjZXMudjEuUGxhY2VzLkdldFBsYWNlEAIYBCAA","4.4","2055","5","5","3","2","Laura Granda","2","Do not go here if you want to have good food! The food here was tasteless, looked unappealing and was not worth the pric","info@taitungrestaurant.com","","","","2026-04-28"
"Canlis","2576 Aurora Ave N, Seattle, WA 98109, USA","(206) 283-3313","https://canlis.com/","https://maps.google.com/?cid=15060210120606856902&g_mp=CiVnb29nbGUubWFwcy5wbGFjZXMudjEuUGxhY2VzLkdldFBsYWNlEAIYBCAA","4.6","2794","5","5","2","2","Jonathan Kim","2","Canlis offers an undeniably beautiful ambiance and world-class views, but unfortunately, the cuisine did not live up to","reservations@canlis.com","","","","2026-04-28"
"The Fisherman's Restaurant Seattle","1301 Alaskan Wy, Seattle, WA 98101, USA","(206) 623-3500","https://www.thefishermansrestaurant.com/","https://maps.google.com/?cid=11537853435888176790&g_mp=CiVnb29nbGUubWFwcy5wbGFjZXMudjEuUGxhY2VzLkdldFBsYWNlEAIYBCAA","3.9","2602","5","5","2","1","Michelle M","1","My family and I were visiting Seattle before a cruise and were hungry when visiting Seattle’s waterfront.  Naturally, yo","info@thefishermansrestaurant.com","","","","2026-04-28"
"The Athenian Seafood Restaurant And Bar","Next to Pure Food Fish Market, 1517 Pike Pl, Seattle, WA 98101, USA","(206) 624-7166","http://athenianseattle.com/","https://maps.google.com/?cid=5471132272044475079&g_mp=CiVnb29nbGUubWFwcy5wbGFjZXMudjEuUGxhY2VzLkdldFBsYWNlEAIYBCAA","4.4","2007","5","5","2","2","Cale Lewis","2","Great location, decent service, the food is hit or miss. They’ve got drink and food items on the walls that are no longe","info@athenianseattle.com","","","","2026-04-28"
"13 Coins Pioneer Square","255 S King St, Seattle, WA 98104, USA","(206) 682-2513","https://www.13coins.com/","https://maps.google.com/?cid=3789445869605819246&g_mp=CiVnb29nbGUubWFwcy5wbGFjZXMudjEuUGxhY2VzLkdldFBsYWNlEAIYBCAA","4.1","4902","5","5","2","3","Robert Pomerville","3","2/14/26, 10am.  Moderate business, 2 of us were sat at the counter,  not asked if that was OK versus a table. Turned out","info@13coins.com","","","","2026-04-28"
"Cafe Campagne","1600 Post Alley, Seattle, WA 98101, USA","(206) 728-2233","http://www.cafecampagne.com/","https://maps.google.com/?cid=5958989629258976379&g_mp=CiVnb29nbGUubWFwcy5wbGFjZXMudjEuUGxhY2VzLkdldFBsYWNlEAIYBCAA","4.5","1513","5","5","2","2","Dr. Catherine Cushinberry","2","The atmosphere is as expected. We were transported to Paris. It was lovely. However, we ordered French onion soups and t","info@cafecampagne.com","","","","2026-04-28"
"Chinook's At Salmon Bay","1900 W Nickerson St #103, Seattle, WA 98119, USA","(206) 283-4665","https://www.anthonys.com/restaurant/chinooks-at-salmon-bay/","https://maps.google.com/?cid=271572534502848340&g_mp=CiVnb29nbGUubWFwcy5wbGFjZXMudjEuUGxhY2VzLkdldFBsYWNlEAIYBCAA","4.5","2441","5","5","2","2","Jane F","2","Very disappointed. One of our group remembered our take out visit a few years ago and really wanted to return. The servi","chinooks@anthonys.com","","","","2026-04-28"
"The Crab Pot Seattle","1301 Alaskan Way Pier 57, 1305 Alaskan Wy, Seattle, WA 98101, USA","(206) 624-1890","https://www.thecrabpotseattle.com/","https://maps.google.com/?cid=7651403129190068081&g_mp=CiVnb29nbGUubWFwcy5wbGFjZXMudjEuUGxhY2VzLkdldFBsYWNlEAIYBCAA","4.2","11593","5","5","1","3","Maui World Travelers","3","Friends of ours recommended this place. I do appreciate them, really.  ATMOSPHERE: Located in the Miners Landing mall. I","info@thecrabpotseattle.com","","","","2026-04-28"
"Toulouse Petit Kitchen & Lounge","601 Queen Anne Ave N, Seattle, WA 98109, USA","(206) 432-9069","https://www.toulousepetit.com/","https://maps.google.com/?cid=4750646760953332409&g_mp=CiVnb29nbGUubWFwcy5wbGFjZXMudjEuUGxhY2VzLkdldFBsYWNlEAIYBCAA","4.4","6470","5","5","1","1","Mrs. Michaela Hall","1","This place needs real ratings. First, the welcome was excellent entering the facility. Next the beignets were dry overly","reservations@toulousepetit.com","","","","2026-04-28"
"Lola","2000 B 4th Ave, Seattle, WA 98121, USA","(206) 441-1430","https://www.lolaseattle.com/?utm_source=gbp&utm_medium=organic&utm_campaign=fm","https://maps.google.com/?cid=15277971614303323470&g_mp=CiVnb29nbGUubWFwcy5wbGFjZXMudjEuUGxhY2VzLkdldFBsYWNlEAIYBCAA","4.4","4518","5","5","1","3","Nicolai Solheim","3","Lola presents itself as a modern Greek-influenced restaurant, but it unfortunately misses much of what makes Greek cuisi","info@lolaseattle.com","","","","2026-04-28"
"Alder & Ash","629 Pike St, Seattle, WA 98101, USA","(206) 486-7699","https://www.alderandashsea.com/","https://maps.google.com/?cid=9945884715391476346&g_mp=CiVnb29nbGUubWFwcy5wbGFjZXMudjEuUGxhY2VzLkdldFBsYWNlEAIYBCAA","4.4","753","5","5","1","3","GN","3","The ambiance and menu selection were great. Our server was amazing. However, the ahi tuna poke had an off smell, so I di","info@alderandashsea.com","","","","2026-04-28"
"Bacco Cafe","86 Pine St, Seattle, WA 98101, USA","(206) 355-8887","http://baccocafe.com/","https://maps.google.com/?cid=2717340975899283510&g_mp=CiVnb29nbGUubWFwcy5wbGFjZXMudjEuUGxhY2VzLkdldFBsYWNlEAIYBCAA","4.5","1886","5","5","1","3","Priyanka Lele","3","All three - food, service and ambience top the list. The cafe is along the main street near Pike place market serving gr","baccocafe@gmail.com","","","","2026-04-28"
"Lowell's Restaurant","1519 Pike Pl, Seattle, WA 98101, USA","(206) 622-2036","http://eatatlowells.com/","https://maps.google.com/?cid=11149608409676845082&g_mp=CiVnb29nbGUubWFwcy5wbGFjZXMudjEuUGxhY2VzLkdldFBsYWNlEAIYBCAA","4.4","3915","5","5","1","3","Ryan Robletto","3","I went to Lowells restaurant on Pike Place looking for fish and chips with a great view, and I found the great view, but","info@eatatlowells.com","","","","2026-04-28"
"Ivar's Acres of Clams","1001 Alaskan Wy Ste. 102, Seattle, WA 98104, USA","(206) 624-6852","https://www.ivars.com/acres","https://maps.google.com/?cid=16553677074958837107&g_mp=CiVnb29nbGUubWFwcy5wbGFjZXMudjEuUGxhY2VzLkdldFBsYWNlEAIYBCAA","4.4","9323","5","5","1","1","Mo Moe","1","We just wanted a nice meal and seat with a view. The atmosphere was nice and the service was wonderful, but the food was","webmail@keepclam.com","","","","2026-04-28"
"Noi Thai Cuisine","1303 1st Ave, Seattle, WA 98101, USA","(206) 787-8444","https://noithaiselect.com/noithaicuisinedtwnseattle?utm_source=google","https://maps.google.com/?cid=560617719359971970&g_mp=CiVnb29nbGUubWFwcy5wbGFjZXMudjEuUGxhY2VzLkdldFBsYWNlEAIYBCAA","4.4","2872","5","5","1","3","Kunal Arora","3","The food here is gorgeous and the waiters were all very sweet and helpful but the lady at the front desk was very rude.","info@noithaiselect.com","","","","2026-04-28"
"Goldfinch Tavern","99 Union St, Seattle, WA 98101, USA","(206) 749-7070","https://www.fourseasons.com/seattle/dining/restaurants/goldfinch_tavern/?utm_source=google&utm_medium=organicsearch&utm_campaign=tor-sew-fab-mid-seo-na&utm_content=na-na&utm_term=na","https://maps.google.com/?cid=8404901746717700706&g_mp=CiVnb29nbGUubWFwcy5wbGFjZXMudjEuUGxhY2VzLkdldFBsYWNlEAIYBCAA","4.4","1002","5","5","1","3","Virginia Winslow","3","Used to LOVE coming to the Goldfinch for celebrations like our engagement and birthdays. We always bring a few close fri","info@fourseasons.com","","","","2026-04-28"
"El Gaucho Seattle","2200 Western Ave Ste. 101, Seattle, WA 98121, USA","(206) 728-1337","https://elgaucho.com/elgauchoseattle/","https://maps.google.com/?cid=8903593617627832081&g_mp=CiVnb29nbGUubWFwcy5wbGFjZXMudjEuUGxhY2VzLkdldFBsYWNlEAIYBCAA","4.6","1943","5","5","1","3","Ryan Wong","3","Lost all of its charm with the new building  I used to love the charm and food of el gaucho so much.  This past experien","jlohman@elgaucho.com","","","","2026-04-28"
"Archipelago","5607 Rainier Ave S, Seattle, WA 98118, USA","","http://archipelagoseattle.com/","https://maps.google.com/?cid=1789095677862073746&g_mp=CiVnb29nbGUubWFwcy5wbGFjZXMudjEuUGxhY2VzLkdldFBsYWNlEAIYBCAA","4.8","252","5","5","1","3","Ayan Chatterjee","3","The idea is to compare Archipelago to other tasting menus like Altira, Canlis, Juanita etc. For us, the experience was j","aaron@archipelagoseattle.com","","","","2026-04-28"
"The Pink Door","1919 Post Alley, Seattle, WA 98101, USA","(206) 443-3241","https://www.thepinkdoor.net/","https://maps.google.com/?cid=13451524338311652394&g_mp=CiVnb29nbGUubWFwcy5wbGFjZXMudjEuUGxhY2VzLkdldFBsYWNlEAIYBCAA","4.6","6988","5","5","0","4","Ashley DeWit","4","Went to the Pink Door for our Valentine’s Day lunch date. We loved the atmosphere and our table overlooked pike place ma","info@thepinkdoor.net","","","","2026-04-28"
"Six Seven Restaurant","2411 Alaskan Wy Pier 67, Seattle, WA 98121, USA","(206) 269-4575","http://www.edgewaterhotel.com/seattle-six-seven-restaurant.aspx","https://maps.google.com/?cid=787370736278685067&g_mp=CiVnb29nbGUubWFwcy5wbGFjZXMudjEuUGxhY2VzLkdldFBsYWNlEAIYBCAA","4.5","2213","5","5","0","4","joyce Ray","4","Clam chowder is excellent, I was there with teenager daughter and the menu was more adult. The staff was extremely helpf","dining@edgewaterhotel.com","","","","2026-04-28"
"Local Tide","401 N 36th St UNIT 103, Seattle, WA 98103, USA","(206) 420-4685","http://localtide.com/","https://maps.google.com/?cid=559333795458845021&g_mp=CiVnb29nbGUubWFwcy5wbGFjZXMudjEuUGxhY2VzLkdldFBsYWNlEAIYBCAA","4.8","1492","5","5","0","5","Jeff Yen","5","Super funny, warm, generous people. Great vibe in the restaurant. The food is excellent quality; they are trying somethi","info@localtide.com","","","","2026-04-28"
"Aerlume Seattle","2003 Western Ave Suite C, Seattle, WA 98121, USA","(206) 539-2200","https://www.aerlumeseattle.com/","https://maps.google.com/?cid=14058670872054838456&g_mp=CiVnb29nbGUubWFwcy5wbGFjZXMudjEuUGxhY2VzLkdldFBsYWNlEAIYBCAA","4.5","798","5","5","0","4","Heavenflavor Choi","4","There's nothing to complain about this place. The view was stunning. The service was outstanding, even to a solo diner.","info@aerlumeseattle.com","","","","2026-04-28"
"House of Eve","730 Blanchard St, Seattle, WA 98121, USA","(206) 600-8827","http://www.houseofeveseattle.com/","https://maps.google.com/?cid=16209385774967700424&g_mp=CiVnb29nbGUubWFwcy5wbGFjZXMudjEuUGxhY2VzLkdldFBsYWNlEAIYBCAA","4.3","246","5","5","0","5","R K","5","Impeccable service, beautiful atmosphere, aesthetic plating and absolutely delicious food&drinks. The duck was amazing.","hello@houseofeveseattle.com","","","","2026-04-28"
"Shaker + Spear","2000 2nd Ave, Seattle, WA 98121, USA","(206) 826-1700","https://www.shakerandspear.com/","https://maps.google.com/?cid=1888944664574886690&g_mp=CiVnb29nbGUubWFwcy5wbGFjZXMudjEuUGxhY2VzLkdldFBsYWNlEAIYBCAA","4.5","1589","5","5","0","4","Hon Lam","4","Super friendly staff that will greet you and seat you promptly. Very quick with the water and coffee too even for a week","info@shakerandspear.com","","","","2026-04-28"
"Purple Café and Wine Bar","1225 4th Ave, Seattle, WA 98101, USA","(206) 829-2280","https://www.purplecafe.com/","https://maps.google.com/?cid=8142466410416218182&g_mp=CiVnb29nbGUubWFwcy5wbGFjZXMudjEuUGxhY2VzLkdldFBsYWNlEAIYBCAA","4.4","3549","5","5","0","4","Kenneth Preston","4","The Purple Café and Wine Bar offers a delightful dining experience that marries a sophisticated wine selection with a di","user@domain.com","","","",""
"Von's 1000Spirits","1225 1st Ave, Seattle, WA 98101, USA","(206) 621-8667","https://www.vons1000spirits.com/?utm_source=gmb&utm_medium=organic&utm_campaign=gmbpost","https://maps.google.com/?cid=5056199159300483347&g_mp=CiVnb29nbGUubWFwcy5wbGFjZXMudjEuUGxhY2VzLkdldFBsYWNlEAIYBCAA","4.6","7146","5","5","0","4","Brian Stambaugh","4","I went here with group of friends and we had a good time. The restaurant was pretty loud, lots of hard surfaces did litt","info@vons1000spirits.com","","","","2026-04-28"
"Salt Harvest","100 S King St, Seattle, WA 98104, USA","(206) 309-1100","https://populusseattle.com/salt-harvest/?utm_source=google-gbp&utm_medium=organic&utm_campaign=gbp","https://maps.google.com/?cid=6419684124714577155&g_mp=CiVnb29nbGUubWFwcy5wbGFjZXMudjEuUGxhY2VzLkdldFBsYWNlEAIYBCAA","4.4","59","5","5","0","5","Heather Ace","5","Absolutely the kindest staff in town! They gave great suggestions and made my birthday night extra special. When I looke","info@populusseattle.com","","","","2026-04-28"
"Seattle Rooftop Next Level Lounge by Fogo De Chão","400 University St Rooftop, Seattle, WA 98101, USA","(206) 970-0028","https://fogodechao.com/location/seattle-rooftop/","https://maps.google.com/?cid=8654407499443384844&g_mp=CiVnb29nbGUubWFwcy5wbGFjZXMudjEuUGxhY2VzLkdldFBsYWNlEAIYBCAA","4.7","123","5","5","0","4","Brandon Batchelor","4","To start, the staff were amazing. Hosana was an absolute delight. Cannot say enough about how great she was. Every other","info@fogodechao.com","","","","2026-04-28"
"Maximilien Restaurant","81A Pike St, Seattle, WA 98101, USA","(206) 682-7270","https://www.maximilienrestaurant.com/","https://maps.google.com/?cid=7374868350508092451&g_mp=CiVnb29nbGUubWFwcy5wbGFjZXMudjEuUGxhY2VzLkdldFBsYWNlEAIYBCAA","4.3","1295","5","5","0","5","P V","5","Wonderful spot with friendly people. The food was delicious and hearty.  French classics with a great view. Loved the sp","user@domain.com","","","",""
"JOEY U-Village","2603 NE 46th St, Seattle, WA 98105, USA","(206) 527-6188","https://joeyrestaurants.com/location/joey-university-village","https://maps.google.com/?cid=9854096639597949167&g_mp=CiVnb29nbGUubWFwcy5wbGFjZXMudjEuUGxhY2VzLkdldFBsYWNlEAIYBCAA","4.8","10724","5","5","0","4","Neda Javadpour","4","The food is pretty good. It's consistent and beautifully plated. Good location if you're looking to watch sports while h","accessibility@joeyrestaurants.com","","","",""
"2120","2120 6th Ave, Seattle, WA 98121, USA","(206) 829-8700","https://www.2120restaurant.com/","https://maps.google.com/?cid=7077915409849202424&g_mp=CiVnb29nbGUubWFwcy5wbGFjZXMudjEuUGxhY2VzLkdldFBsYWNlEAIYBCAA","4.4","1226","5","5","0","4","Emma H","4","Built in the office district right next to the Spheres, this restaurant has a calm and comfortable atmosphere. The light","info@2120restaurant.com","","","","2026-04-28"
"Good Voyage","8520 14th Ave S, Seattle, WA 98108, USA","","http://www.goodvoyageseattle.com/","https://maps.google.com/?cid=7016785438919844319&g_mp=CiVnb29nbGUubWFwcy5wbGFjZXMudjEuUGxhY2VzLkdldFBsYWNlEAIYBCAA","4.8","171","5","5","0","4","Christy Binoniemi","4","What a warm, bright little gem to happen upon on a drizzly Sunday morning. I expected to grab a coffee & maybe dry off f","user@domain.com","","","",""
"Metropolitan Grill","820 2nd Ave, Seattle, WA 98104, USA","(206) 624-3287","http://themetropolitangrill.com/","https://maps.google.com/?cid=15292113016142370120&g_mp=CiVnb29nbGUubWFwcy5wbGFjZXMudjEuUGxhY2VzLkdldFBsYWNlEAIYBCAA","4.6","4000","5","5","0","5","Debora Delgado","5","Absolutely excellent.  Service was impeccable.  Anthony was our server and he was perfect.  He was super attentive, prof","info@themetropolitangrill.com","","","","2026-04-28"
"Charlotte Restaurant & Lounge","LOTTE HOTEL SEATTLE, 809 5th Ave 16th Floor, Seattle, WA 98104, USA","(206) 800-8117","https://www.charlotterestaurantseattle.com/","https://maps.google.com/?cid=9064775493025661089&g_mp=CiVnb29nbGUubWFwcy5wbGFjZXMudjEuUGxhY2VzLkdldFBsYWNlEAIYBCAA","4.4","441","5","5","0","4","Tarny M","4","This restaurant really shines when it comes to atmosphere. The views are absolutely beautiful and make it a great spot f","info@charlotterestaurantseattle.com","","","","2026-04-28"
"The George","411 University St, Seattle, WA 98101, USA","(206) 621-7889","http://www.thegeorgeseattle.com/","https://maps.google.com/?cid=17595035718357753032&g_mp=CiVnb29nbGUubWFwcy5wbGFjZXMudjEuUGxhY2VzLkdldFBsYWNlEAIYBCAA","4.2","762","5","5","0","5","Cody Harris","5","Was staying at a nearby hotel and came for breakfast.  It goes without saying the interior is absolutely stunning. The c","info@thegeorgeseattle.com","","","","2026-04-28"
"Le Pichet","1933 1st Ave, Seattle, WA 98101, USA","(206) 256-1499","http://www.lepichetseattle.com/","https://maps.google.com/?cid=6370204162403574081&g_mp=CiVnb29nbGUubWFwcy5wbGFjZXMudjEuUGxhY2VzLkdldFBsYWNlEAIYBCAA","4.4","1668","5","5","0","4","Nomadicus","4","Le Pichet is one of those places where the experience makes far more sense once you understand what it’s aiming to emula","user@domain.com","","","",""
"Damn the Weather","116 1st Ave S, Seattle, WA 98104, USA","(206) 946-1283","http://www.damntheweather.com/","https://maps.google.com/?cid=3851081720853922758&g_mp=CiVnb29nbGUubWFwcy5wbGFjZXMudjEuUGxhY2VzLkdldFBsYWNlEAIYBCAA","4.4","1565","5","5","0","4","Melanie Goodman","4","I really enjoyed the music and the vibe they had here. I know im supposed to be writing about food,  but...the music was","info@damntheweather.com","","","","2026-04-28"
"Ludi's Restaurant","120 Stewart St, Seattle, WA 98101, USA","(206) 239-2728","https://order.toasttab.com/online/ludis-restaurant-120-stewart-street","https://maps.google.com/?cid=4497179834063864316&g_mp=CiVnb29nbGUubWFwcy5wbGFjZXMudjEuUGxhY2VzLkdldFBsYWNlEAIYBCAA","4.6","2322","5","5","0","4","Ankita","4","Food was yummy. Ube pancakes looked and tasted delicious. However they want everyone to order a separate dish which was","info@order.toasttab.com","","","","2026-04-28"
"Matt's in the Market","94 Pike St #32, Seattle, WA 98101, USA","(206) 467-7909","http://www.mattsinthemarket.com/","https://maps.google.com/?cid=10137347102276822174&g_mp=CiVnb29nbGUubWFwcy5wbGFjZXMudjEuUGxhY2VzLkdldFBsYWNlEAIYBCAA","4.5","1263","5","5","0","4","Kay Sig","4","The seafood stew is amazing, my partner had the halibut said it was good. The service was fine by most of the staff. The","info@mattsinthemarket.com","","","","2026-04-28"
"Beecher's Handmade Cheese","1600 Pike Pl, Seattle, WA 98101, USA","(206) 956-1964","http://www.beechershandmadecheese.com/","https://maps.google.com/?cid=3025143101360427001&g_mp=CiVnb29nbGUubWFwcy5wbGFjZXMudjEuUGxhY2VzLkdldFBsYWNlEAIYBCAA","4.6","2530","5","5","0","4","sumi","4","👥 2 pax on Saturday before noon 🍽️ 8oz “World’s Best” Mac & Cheese, 1 breadzel  Pros: Long queues but fairly short wai","info@beechershandmadecheese.com","","","","2026-04-28"
"Place Pigalle","Behind where they throw the fish!, 81 Pike St, Seattle, WA 98101, USA","(206) 624-1756","http://www.placepigalle-seattle.com/","https://maps.google.com/?cid=15455887758101686094&g_mp=CiVnb29nbGUubWFwcy5wbGFjZXMudjEuUGxhY2VzLkdldFBsYWNlEAIYBCAA","4.5","657","5","5","0","5","Fernán Oviedo","5","Fantastic experience. We started with the liver paté and the clam chowder. The pate was ok, not very creamy. The bread w","pigalley@gmail.com","","","","2026-04-28"
"Palace Kitchen","2030 5th Ave, Seattle, WA 98121, USA","(206) 441-2888","https://www.palacekitchen.com/?utm_source=gbp&utm_medium=organic&utm_campaign=fm","https://maps.google.com/?cid=10186076354542354153&g_mp=CiVnb29nbGUubWFwcy5wbGFjZXMudjEuUGxhY2VzLkdldFBsYWNlEAIYBCAA","4.4","1202","5","5","0","4","KHAIE","4","This place was another one recommended to me by one of the regulars at Rider, so of course I had to see what the hype wa","info@palacekitchen.com","","","","2026-04-28"
"Japonessa Sushi Cocina","1400 1st Ave, Seattle, WA 98101, USA","(206) 971-7979","https://www.japonessa.com/","https://maps.google.com/?cid=8561836067255568606&g_mp=CiVnb29nbGUubWFwcy5wbGFjZXMudjEuUGxhY2VzLkdldFBsYWNlEAIYBCAA","4.5","5383","5","5","0","4","Mark Cooledge","4","Great and varied sushi rolls available at this convenient location. Atmosphere and service were nothing extraordinary, b","info@japonessa.com","","","","2026-04-28"
"Cutters Crabhouse","2001 Western Ave, Seattle, WA 98121, USA","(206) 448-4884","https://www.cutterscrabhouse.com/","https://maps.google.com/?cid=1697678531781810764&g_mp=CiVnb29nbGUubWFwcy5wbGFjZXMudjEuUGxhY2VzLkdldFBsYWNlEAIYBCAA","4.3","3137","5","5","0","4","Lenny","4","Dining solo and going all in for my one day and night in Seattle.  If it weren't for Ethan's excellent service and atten","info@cutterscrabhouse.com","","","","2026-04-28"
"AQUA by El Gaucho","2801 Alaskan Wy Pier 70, Seattle, WA 98121, USA","(206) 956-9171","https://aquabyelgaucho.com/","https://maps.google.com/?cid=13544828220104438054&g_mp=CiVnb29nbGUubWFwcy5wbGFjZXMudjEuUGxhY2VzLkdldFBsYWNlEAIYBCAA","4.5","1816","5","5","0","4","Spring Russell","4","We were excited to try this place because we love El Gaucho. We made a reservation for 6pm, we arrived earlier than expe","info@aquabyelgaucho.com","","","","2026-04-28"
"Wild Ginger Downtown Seattle","1401 3rd Ave, Seattle, WA 98101, USA","(206) 623-4450","http://wildginger.net/","https://maps.google.com/?cid=14384295740187045263&g_mp=CiVnb29nbGUubWFwcy5wbGFjZXMudjEuUGxhY2VzLkdldFBsYWNlEAIYBCAA","4.3","2303","5","5","0","5","Christina P","5","Wild Ginger was an experience for the senses. A beautiful restaurant with exceptional service, and dishes that delight o","info@wildginger.net","","","","2026-04-28"
"COMMUNION Restaurant & Bar","2350 E Union St, Seattle, WA 98122, USA","(206) 806-1916","https://www.communionseattle.com/","https://maps.google.com/?cid=8480602783702304331&g_mp=CiVnb29nbGUubWFwcy5wbGFjZXMudjEuUGxhY2VzLkdldFBsYWNlEAIYBCAA","4.4","1081","5","5","0","4","Willie Reese IV","4","Great ambiance—intimate, stylish, and perfect for a nice night out. The food was good once it arrived, though the wait w","user@domain.com","","","",""
"Sushi Kashiba","86 Pine St Suite #1, Seattle, WA 98101, USA","(206) 441-8844","https://sushikashiba.com/","https://maps.google.com/?cid=17153935726785512238&g_mp=CiVnb29nbGUubWFwcy5wbGFjZXMudjEuUGxhY2VzLkdldFBsYWNlEAIYBCAA","4.7","2050","5","5","0","5","Drew Hinkson","5","Incredible omakase in Seattle. I would recommend the omakase experience at the sushi counter, reservations can be made o","info@sushikashiba.com","","","","2026-04-28"
"Serious Pie Downtown","2001 4th Ave, Seattle, WA 98121, USA","(206) 838-7388","https://www.seriouspieseattle.com/","https://maps.google.com/?cid=14996315123873928816&g_mp=CiVnb29nbGUubWFwcy5wbGFjZXMudjEuUGxhY2VzLkdldFBsYWNlEAIYBCAA","4.5","4549","5","5","0","5","Jace","5","Always looking for new pizza spots when traveling. I checked to see what some top places were in the area while visiting","info@seriouspieseattle.com","","","","2026-04-28"
"Marination Ma Kai","1660 Harbor Ave SW, Seattle, WA 98126, USA","(206) 328-8226","http://www.marinationmobile.com/","https://maps.google.com/?cid=6485076603440081706&g_mp=CiVnb29nbGUubWFwcy5wbGFjZXMudjEuUGxhY2VzLkdldFBsYWNlEAIYBCAA","4.5","3650","5","5","0","4","Kumar Vaibhav","4","Overall a good place. It is self service. I got fish and chips. The looks of fries were not that appetizing but it makes","eat@marinationmobile.com","","","","2026-04-28"
"The Hart and the Hunter","109 Pine St, Seattle, WA 98101, USA","(206) 596-0700","https://www.thehartandthehunter.com/","https://maps.google.com/?cid=3596011579270768038&g_mp=CiVnb29nbGUubWFwcy5wbGFjZXMudjEuUGxhY2VzLkdldFBsYWNlEAIYBCAA","4.3","587","5","5","0","4","Royal","4","We actually came here for dinner, but I would be happy to return for brunch, as it seems that is what they specialize in","sales@palihotelseattle.com","","","","2026-04-28"
"Terra Plata","1501 Melrose Ave, Seattle, WA 98122, USA","(206) 325-1501","http://terraplata.com/","https://maps.google.com/?cid=16645826047934183778&g_mp=CiVnb29nbGUubWFwcy5wbGFjZXMudjEuUGxhY2VzLkdldFBsYWNlEAIYBCAA","4.3","1563","5","5","0","4","Ron Sankey","4","Overall this was a good experience. Went here with a large group from work and I didn't set it up, so I don't know what","info@terraplata.com","","","","2026-04-28"
"Il Terrazzo Carmine","411 1st Ave S, Seattle, WA 98104, USA","(206) 467-7797","https://www.ilterrazzocarmine.com/","https://maps.google.com/?cid=3057006710500015965&g_mp=CiVnb29nbGUubWFwcy5wbGFjZXMudjEuUGxhY2VzLkdldFBsYWNlEAIYBCAA","4.6","1008","5","5","0","5","Katie","5","This is hands down my absolute favorite Italian restaurant in all of Seattle. I have come here probably around 5-6 times","reka@carminesignaturegroup.com","","","","2026-04-28"
"Spinasse","1531 14th Ave, Seattle, WA 98122, USA","(206) 251-7673","https://spinasse.com/","https://maps.google.com/?cid=18428291135824120134&g_mp=CiVnb29nbGUubWFwcy5wbGFjZXMudjEuUGxhY2VzLkdldFBsYWNlEAIYBCAA","4.5","1593","5","5","0","5","Allen Vu","5","Was well worth the wait for a reservation to open up.  We went to celebrate a birthday the day after Christmas and this","info@spinasse.com","","","","2026-04-28"
"Ben Paris","130 Pike St, Seattle, WA 98101, USA","(206) 513-7303","http://benparis.com/","https://maps.google.com/?cid=6746491107621232326&g_mp=CiVnb29nbGUubWFwcy5wbGFjZXMudjEuUGxhY2VzLkdldFBsYWNlEAIYBCAA","4.3","1087","5","5","0","4","Stephanie","4","Service and drinks were yummy! Good selection to choose from.  Short rib pasta was savory and delicious. It was almost o","info@benparis.com","","","","2026-04-28"
"Tulio","1100 5th Ave, Seattle, WA 98101, USA","(206) 624-5500","https://www.tulio.com/","https://maps.google.com/?cid=618873675092854591&g_mp=CiVnb29nbGUubWFwcy5wbGFjZXMudjEuUGxhY2VzLkdldFBsYWNlEAIYBCAA","4.4","1153","5","5","0","4","Jayes L","4","Food was good and well executed, and the atmosphere was lively and energetic, making it a fun place to dine. Service and","info@tulio.com","","","","2026-04-28"
"Rioja","1431 Larimer St, Denver, CO 80202, USA","(303) 820-2282","http://www.riojadenver.com/","https://maps.google.com/?cid=17121331333134231372&g_mp=CiVnb29nbGUubWFwcy5wbGFjZXMudjEuUGxhY2VzLkdldFBsYWNlEAIYBCAA","4.6","2326","5","5","2","2","John","2","Good service. Good atmosphere. Did not like sitting so close to other couples though. My Thai chili pork chop was suppos","info@riojadenver.com","","","",""
"Revival Denver Public House","630 E 17th Ave, Denver, CO 80203, USA","(720) 524-7867","http://revival-denver.com/","https://maps.google.com/?cid=8631572649105598032&g_mp=CiVnb29nbGUubWFwcy5wbGFjZXMudjEuUGxhY2VzLkdldFBsYWNlEAIYBCAA","4.5","815","5","5","2","1","HEVISHOT","1","Totally ruined and disappointed experience!  I had left a full 5 star review a few months ago, then decided to bring som","revivaldenvercomms@gmail.com","","","","2026-04-28"
"Ash'Kara","2005 W 33rd Ave, Denver, CO 80211, USA","(303) 537-4407","https://www.ashkaradenver.com/","https://maps.google.com/?cid=3808338226326232997&g_mp=CiVnb29nbGUubWFwcy5wbGFjZXMudjEuUGxhY2VzLkdldFBsYWNlEAIYBCAA","4.3","1064","5","5","2","1","Ze-Ning Ong","1","The food here is terrible for the price. We paid for the preset menu which was $45 (without tip+tax). Pita was warm but","lauren@theculinarycreative.com","","","","2026-04-28"
"Olive & Finch","1552 E 17th Ave, Denver, CO 80218, USA","(303) 832-8663","https://www.oliveandfinch.com/","https://maps.google.com/?cid=3755755277569456293&g_mp=CiVnb29nbGUubWFwcy5wbGFjZXMudjEuUGxhY2VzLkdldFBsYWNlEAIYBCAA","4.5","1386","5","5","2","1","Stephanie Ratner","1","Franklin Salad- PLEASE stop having the chefs prepare salads with spinach and romaine lettuce like this. I can’t eat spoi","events@oliveandfinch.com","","","","2026-04-28"
"El Five","2930 Umatilla St Unit #500, Denver, CO 80211, USA","(303) 524-9193","https://ediblebeats.com/restaurants/el-five/","https://maps.google.com/?cid=11766026102108403718&g_mp=CiVnb29nbGUubWFwcy5wbGFjZXMudjEuUGxhY2VzLkdldFBsYWNlEAIYBCAA","4.5","3451","5","5","1","2","John Martinez","2","DON'T WASTE YOUR MONEY HERE: Service and food was not what I was expecting from the price point that guests are expected","turnup@ediblebeats.com","","","",""
"Steuben's Uptown","523 E 17th Ave, Denver, CO 80203, USA","(303) 830-1001","http://www.steubens.com/","https://maps.google.com/?cid=1245068242557223395&g_mp=CiVnb29nbGUubWFwcy5wbGFjZXMudjEuUGxhY2VzLkdldFBsYWNlEAIYBCAA","4.4","5996","5","5","1","1","Cheri Buxman","1","We had a terrible experience. After waiting for an hour for our food, we finally got burnt fried chicken. I was only abl","shop@steubens.com","","","",""
"Water Grill Denver","1691 Market St, Denver, CO 80202, USA","(303) 727-5711","https://www.watergrill.com/denver","https://maps.google.com/?cid=9841556137553882974&g_mp=CiVnb29nbGUubWFwcy5wbGFjZXMudjEuUGxhY2VzLkdldFBsYWNlEAIYBCAA","4.5","939","5","5","1","2","Sue Ella Geddes","2","Our first time visiting Water Grill was on Valentine’s Day for their Valentine’s Day Menu (priced at $135 per person). U","hrendon@kingsseafood.com","","","","2026-04-28"
"Pasque","240 14th St, Denver, CO 80202, USA","(303) 256-6361","https://pasquerestaurant.com/","https://maps.google.com/?cid=9100358401646828980&g_mp=CiVnb29nbGUubWFwcy5wbGFjZXMudjEuUGxhY2VzLkdldFBsYWNlEAIYBCAA","4.3","151","5","5","1","1","Chloe","1","We came for the NYE buffet and it was the most disappointing dining experience I’ve ever had. The reservation mentioned","info@pasquerestaurant.com","","","","2026-04-28"
"Restaurant Olivia","290 S Downing St, Denver, CO 80209, USA","(303) 999-0395","https://www.oliviadenver.com/","https://maps.google.com/?cid=12159536493579866484&g_mp=CiVnb29nbGUubWFwcy5wbGFjZXMudjEuUGxhY2VzLkdldFBsYWNlEAIYBCAA","4.7","831","5","5","1","3","Ladies Supper Society","3","Our social club went to Restaurant Olivia in August of 2025. We had a group of around 15. I had heard so many good thing","user@domain.com","","","",""
"Appaloosa Grill","535 16th St Mall #110, Denver, CO 80202, USA","(720) 932-1700","http://appaloosagrill.com/","https://maps.google.com/?cid=13742618294388102144&g_mp=CiVnb29nbGUubWFwcy5wbGFjZXMudjEuUGxhY2VzLkdldFBsYWNlEAIYBCAA","4.3","3215","5","5","1","3","Angela Seitz","3","Overall it was average. The food was good but nothing exceptional, I did really enjoy the side salad. They had some good","info@appaloosagrill.com","","","","2026-04-28"
"Lucina Eatery & Bar","2245 Kearney St #101, Denver, CO 80207, USA","(720) 814-1053","http://lucinaeatery.co/","https://maps.google.com/?cid=11698419734095753586&g_mp=CiVnb29nbGUubWFwcy5wbGFjZXMudjEuUGxhY2VzLkdldFBsYWNlEAIYBCAA","4.8","523","5","5","1","3","John Vasquez","3","Found this during a trip. Very intrigued by the empanadas and mofongo. Very happy with the decor. Nice feel and while a","info@lucinaeatery.co","","","","2026-04-28"
"Thirsty Lion","1605 Wynkoop St, Denver, CO 80202, USA","(303) 623-0316","https://www.thirstylionrestaurant.com/","https://maps.google.com/?cid=9296575532934547285&g_mp=CiVnb29nbGUubWFwcy5wbGFjZXMudjEuUGxhY2VzLkdldFBsYWNlEAIYBCAA","4.4","4554","5","5","1","3","Joshua Ackerman","3","My co-worker and I were in Denver for a few days for a conference. We came here because the menu looked good and they we","user@domain.com","","","",""
"Domo Japanese Country Food Restaurant","1365 Osage St, Denver, CO 80204, USA","(303) 595-3666","http://domorestaurant.com/home/","https://maps.google.com/?cid=14300857234152804502&g_mp=CiVnb29nbGUubWFwcy5wbGFjZXMudjEuUGxhY2VzLkdldFBsYWNlEAIYBCAA","4.4","3164","5","5","1","3","Colby Lirette","3","This place has HIGH potential. We decided to come eat here after leaving the Denver Aquarium and it was disappointing fo","info@domorestaurant.com","","","","2026-04-28"
"Kona Grill - Denver","3000 East 1st Ave, #184 Cherry Creek Mall, Denver, CO 80206, USA","(720) 974-1300","https://konagrill.com/locations?locations=Denver,80206","https://maps.google.com/?cid=12237264046324248762&g_mp=CiVnb29nbGUubWFwcy5wbGFjZXMudjEuUGxhY2VzLkdldFBsYWNlEAIYBCAA","4.8","18450","5","5","1","1","Cody Brown","1","I've come to Kona grill for 5+ years because it's an easy yes when you're in the mall and this past year it has complete","info@togrp.com","","","",""
"Avanti Food & Beverage","3200 N Pecos St, Denver, CO 80211, USA","(720) 269-4778","https://www.avantifandb.com/","https://maps.google.com/?cid=3252694240837450248&g_mp=CiVnb29nbGUubWFwcy5wbGFjZXMudjEuUGxhY2VzLkdldFBsYWNlEAIYBCAA","4.5","5014","5","5","1","2","Anna Johnson","2","This review is for the Christmas tiki bar they had on the rooftop here. I was so excited about this, but honestly we fel","info@avantifandb.com","","","","2026-04-28"
"Barolo Grill","3030 E 6th Ave, Denver, CO 80206, USA","(303) 393-1040","https://www.barologrilldenver.com/","https://maps.google.com/?cid=17632536167581134634&g_mp=CiVnb29nbGUubWFwcy5wbGFjZXMudjEuUGxhY2VzLkdldFBsYWNlEAIYBCAA","4.7","1117","5","5","1","3","Marco Buchmayer","3","Another disappointing Italian experience in Denver, after numerous people hyped this place up. I will say I prefer south","info@barologrilldenver.com","","","",""
"Little Finch","1490 16th St Mall, Denver, CO 80202, USA","(303) 728-9746","https://www.oliveandfinch.com/location/olive-finch-little-finch/","https://maps.google.com/?cid=14592993406447472166&g_mp=CiVnb29nbGUubWFwcy5wbGFjZXMudjEuUGxhY2VzLkdldFBsYWNlEAIYBCAA","4.4","448","5","5","1","3","Karl Wacker","3","The vibe was fun and the service was nice. However, my Asian salad sadly did not taste fresh at all, and I found the not","events@oliveandfinch.com","","","","2026-04-28"
"Ajax Downtown","1899 16th St Mall, Denver, CO 80202, USA","(303) 323-0017","https://www.ajaxrestaurant.com/","https://maps.google.com/?cid=17877676850705957390&g_mp=CiVnb29nbGUubWFwcy5wbGFjZXMudjEuUGxhY2VzLkdldFBsYWNlEAIYBCAA","4.4","1155","5","5","1","2","Mateo","2","I have frequented Ajax about a dozen times. I live walking distance so it is very conveniently located for me. Ambiance","info@ajaxrestaurant.com","","","","2026-04-28"
"Watercourse Foods","837 E 17th Ave, Denver, CO 80218, USA","(303) 832-7313","https://www.watercoursefoods.com/","https://maps.google.com/?cid=1111322747512873617&g_mp=CiVnb29nbGUubWFwcy5wbGFjZXMudjEuUGxhY2VzLkdldFBsYWNlEAIYBCAA","4.6","4844","5","5","1","2","Hennah H","2","I dined at Watercourse on March 3rd, 2024 and i’ll never dine here again. Let me tell you why.  I honestly wasn’t going","user@domain.com","","","",""
"Blue Agave Grill","1201 16th St Mall # 104, Denver, CO 80202, USA","(720) 550-8389","https://denver.blueagavegrillcolorado.com/","https://maps.google.com/?cid=8372390061398040169&g_mp=CiVnb29nbGUubWFwcy5wbGFjZXMudjEuUGxhY2VzLkdldFBsYWNlEAIYBCAA","4.3","1766","5","5","1","2","jesus carballo","2","been wanting to check this place out for a while, i like to walk along 16th street and do street photography, boy it was","blueagavedenver@gmail.com","","","","2026-04-28"
"Colorado Campfire","400 E 19th Ave, Denver, CO 80203, USA","(720) 612-4604","https://www.campfiredenver.com/","https://maps.google.com/?cid=2062907687603389232&g_mp=CiVnb29nbGUubWFwcy5wbGFjZXMudjEuUGxhY2VzLkdldFBsYWNlEAIYBCAA","4.4","1322","5","5","1","3","Michael Hallatt","3","Cool decor. Good selection of food. Great selection of draft beer. Panini sandwiches were good….not hard to achieve. Sal","user@domain.com","","","",""
"D'Corazon Mexican Restaurant","1530 Blake St unit c, Denver, CO 80202, USA","(720) 904-8226","http://dcorazonrestaurant.com/","https://maps.google.com/?cid=15973357915070603910&g_mp=CiVnb29nbGUubWFwcy5wbGFjZXMudjEuUGxhY2VzLkdldFBsYWNlEAIYBCAA","4.6","2496","5","5","1","2","Chelsea Marsden","2","The fajitas were delicious. The salsa was watery and cold, but flavoral. The chips were good but better if served warm.","info@dcorazonrestaurant.com","","","","2026-04-28"
"Corinne Denver","1455 California St, Denver, CO 80202, USA","(720) 996-1555","https://www.corinnedenver.com/?utm_source=google&utm_medium=organic&utm_campaign=business_listing","https://maps.google.com/?cid=1879574838017544881&g_mp=CiVnb29nbGUubWFwcy5wbGFjZXMudjEuUGxhY2VzLkdldFBsYWNlEAIYBCAA","4.8","5982","5","5","0","4","Uchizi Phakati","4","Corrine Denver absolutely exceeded expectations. I went for dinner and decided on the prix fixe menu, which was an incre","forms@tambourine.com","","","",""
"Alma Fonda Fina","2556 15th St, Denver, CO 80211, USA","(303) 455-9463","https://www.almalohidenver.com/","https://maps.google.com/?cid=12382712391247315814&g_mp=CiVnb29nbGUubWFwcy5wbGFjZXMudjEuUGxhY2VzLkdldFBsYWNlEAIYBCAA","4.8","990","5","5","0","4","Melanie Jensen","4","We attempted to get reservations at Alma Fonda Fina for nearly a year while living in Florida, so finally securing a din","user@domain.com","","","",""
"Buckhorn Exchange","1000 Osage St, Denver, CO 80204, USA","(303) 534-9505","http://buckhornexchange.com/","https://maps.google.com/?cid=7262769948373021552&g_mp=CiVnb29nbGUubWFwcy5wbGFjZXMudjEuUGxhY2VzLkdldFBsYWNlEAIYBCAA","4.4","4807","5","5","0","4","Born To Be Retired","4","Very unique Denver landmark restaurant with a fascinating history. Love how it’s been preserved. Fun place to try especi","info@buckhornexchange.com","","","","2026-04-28"
"Guard and Grace","1801 California St, Denver, CO 80202, USA","(303) 293-8500","http://www.guardandgrace.com/","https://maps.google.com/?cid=18413065755118645889&g_mp=CiVnb29nbGUubWFwcy5wbGFjZXMudjEuUGxhY2VzLkdldFBsYWNlEAIYBCAA","4.7","4396","5","5","0","5","Katie Sapp","5","I am writing a review for the holiday dinner package I picked up for Christmas .. I just finished my last frozen meal fr","user@domain.com","","","",""
"The Bindery","1817 Central St, Denver, CO 80211, USA","(303) 993-2364","http://thebinderydenver.com/","https://maps.google.com/?cid=6990716719064264270&g_mp=CiVnb29nbGUubWFwcy5wbGFjZXMudjEuUGxhY2VzLkdldFBsYWNlEAIYBCAA","4.4","1546","5","5","0","4","MDH","4","Clean, open, lively atmosphere with indoor and outdoor seating. Bloody Mary was spicy and stacked with snacks. Crab Cake","info@thebinderydenver.com","","","","2026-04-28"
"Tavernetta","1889 16th St Mall, Denver, CO 80202, USA","(720) 605-1889","https://www.tavernettadenver.com/","https://maps.google.com/?cid=13516146007308691311&g_mp=CiVnb29nbGUubWFwcy5wbGFjZXMudjEuUGxhY2VzLkdldFBsYWNlEAIYBCAA","4.6","2508","5","5","0","4","Eric N","4","The atmosphere here is great very modern and contemporary. Service was high class as expected for what you are paying fo","info@tavernettadenver.com","","","","2026-04-28"
"Stout Street Social","1400 Stout St, Denver, CO 80202, USA","(720) 214-9100","http://www.stoutstsocial.com/","https://maps.google.com/?cid=1876744316229947701&g_mp=CiVnb29nbGUubWFwcy5wbGFjZXMudjEuUGxhY2VzLkdldFBsYWNlEAIYBCAA","4.3","3406","5","5","0","4","Lara Nava","4","We were seated quickly and attended to right away.  We enjoyed two appetizers.  The goat cheese and the brussel sprouts.","user@domain.com","","","",""
"Fire Restaurant & Lounge","1201 Broadway, Denver, CO 80203, USA","(720) 709-4431","https://www.thearthotel.com/dine-drink/fire","https://maps.google.com/?cid=8336588388458333970&g_mp=CiVnb29nbGUubWFwcy5wbGFjZXMudjEuUGxhY2VzLkdldFBsYWNlEAIYBCAA","4.5","1032","5","5","0","5","Brittney Hikes","5","Art and real estate. Good views and good food. They just go together—like fish and tacos.  Ellas Events recently stopped","info@thearthotel.com","","","","2026-04-28"
"Angelo’s Taverna","620 E 6th Ave, Denver, CO 80203, USA","(303) 744-3366","http://angelosdenver.com/","https://maps.google.com/?cid=5584595855596593426&g_mp=CiVnb29nbGUubWFwcy5wbGFjZXMudjEuUGxhY2VzLkdldFBsYWNlEAIYBCAA","4.6","3659","5","5","0","4","aL dA","4","I love the appetizer pork (I forget the exact name) but it’s in the picture. I would really like to go back just to get","info@angelosdenver.com","","","",""
"EDGE Restaurant & Bar","1111 14th St, Denver, CO 80202, USA","(303) 389-3050","https://www.edgerestaurantdenver.com/?utm_source=google&utm_medium=organicsearch&utm_campaign=tor-den-fab-mid-seo-na&utm_content=na-na&utm_term=na","https://maps.google.com/?cid=3207931376457819495&g_mp=CiVnb29nbGUubWFwcy5wbGFjZXMudjEuUGxhY2VzLkdldFBsYWNlEAIYBCAA","4.5","1102","5","5","0","4","Starlynn Wise","4","Went here for valentine’s day brunch, everything was excellent especially the service was particularly amazing. Like sta","info@edgerestaurantdenver.com","","","","2026-04-28"
"City O' City","206 E 13th Ave, Denver, CO 80203, USA","(303) 831-6443","http://www.cityocitydenver.com/","https://maps.google.com/?cid=4306999251885169469&g_mp=CiVnb29nbGUubWFwcy5wbGFjZXMudjEuUGxhY2VzLkdldFBsYWNlEAIYBCAA","4.5","6255","5","5","0","5","Katherine Slattery","5","I loved it here so much. The atmosphere, food, and service are all amazing! I like variety of foods here, and it makes m","email@example.com","","","","2026-04-28"
"Earls Kitchen + Bar","1600 Glenarm Pl #140, Denver, CO 80202, USA","(303) 595-3275","https://earls.ca/locations/downtown-denver","https://maps.google.com/?cid=5909180667446669922&g_mp=CiVnb29nbGUubWFwcy5wbGFjZXMudjEuUGxhY2VzLkdldFBsYWNlEAIYBCAA","4.6","4000","5","5","0","4","Uchizi Phakati","4","We had a really great experience overall at this international fusion spot. We ordered the shrimp pork dumplings, the De","info@earls.ca","","","","2026-04-28"
"Savina's Mexican Kitchen - Downtown Denver","1801 Broadway, Denver, CO 80202, USA","(303) 433-8300","http://savinasmexicankitchen.com/","https://maps.google.com/?cid=2162593340058981207&g_mp=CiVnb29nbGUubWFwcy5wbGFjZXMudjEuUGxhY2VzLkdldFBsYWNlEAIYBCAA","4.4","4813","5","5","0","5","ARJUN M","5","I recently dined at Savina’s Mexican Kitchen in downtown Denver, and it was a fantastic experience! This place has that","events@brinkerhoffco.com","","","","2026-04-28"
"The Kitchen American Bistro","1560 Wazee St, Denver, CO 80202, USA","(303) 623-3127","https://www.thekitchen.com/location/the-kitchen-bistros-denver/","https://maps.google.com/?cid=16485457117119492314&g_mp=CiVnb29nbGUubWFwcy5wbGFjZXMudjEuUGxhY2VzLkdldFBsYWNlEAIYBCAA","4.5","1489","5","5","0","4","Bella","4","I visited this establishment just yesterday with three companions. The food was excellent, though the portion sizes were","info@thekitchen.com","","","","2026-04-28"
"ChoLon - Downtown","1555 Blake St #101, Denver, CO 80202, USA","(303) 353-5223","https://www.cholonconcepts.com/locations/cholon-downtown/","https://maps.google.com/?cid=11791511471180185472&g_mp=CiVnb29nbGUubWFwcy5wbGFjZXMudjEuUGxhY2VzLkdldFBsYWNlEAIYBCAA","4.4","1919","5","5","0","4","Patel Naved","4","recently visited this place in Denver downtown for a office dinner and I would like to call out for our waiter to accomm","info@cholonconcepts.com","","","","2026-04-28"
"Nola Jane Restaurant & Bar","1435 Market St, Denver, CO 80202, USA","(720) 592-1942","https://nolajanedenver.com/","https://maps.google.com/?cid=9504576168629274105&g_mp=CiVnb29nbGUubWFwcy5wbGFjZXMudjEuUGxhY2VzLkdldFBsYWNlEAIYBCAA","4.3","1251","5","5","0","4","Dominque Spann","4","Food was really good! We ordered the catfish over dirty rice with a salad and the beef Po’boy with a salad too. The beef","info@nolajanedenver.com","","","","2026-04-28"
"Leven Deli Co.","123 W 12th Ave, Denver, CO 80204, USA","(303) 325-5691","https://eatleven.com/","https://maps.google.com/?cid=15388611539162264512&g_mp=CiVnb29nbGUubWFwcy5wbGFjZXMudjEuUGxhY2VzLkdldFBsYWNlEAIYBCAA","4.7","2335","5","5","0","4","Justin N.","4","I like the spot itself.. Great location, cool building. Having a wine bar included is a nice add. Food..Portions were la","user@domain.com","","","",""
"DiFranco's","955 Lincoln St D, Denver, CO 80203, USA","(720) 253-1244","https://difrancos.com/","https://maps.google.com/?cid=6452270093646494319&g_mp=CiVnb29nbGUubWFwcy5wbGFjZXMudjEuUGxhY2VzLkdldFBsYWNlEAIYBCAA","4.6","853","5","5","0","4","Aspen Chardavoyne","4","First time here and it was a lot smaller than I expected and feels more like a casual and fast dining experience. You or","info@difrancos.com","","","","2026-04-28"
"Panzano","909 17th St, Denver, CO 80202, USA","(303) 296-3525","https://panzano-denver.com/","https://maps.google.com/?cid=15547743853428611598&g_mp=CiVnb29nbGUubWFwcy5wbGFjZXMudjEuUGxhY2VzLkdldFBsYWNlEAIYBCAA","4.5","1705","5","5","0","5","Heather Laski","5","Exceptional experience. I decided to come here for Thanksgiving instead of cooking, and I think I have a new tradition.","hello@panzano-denver.com","","","",""
"Apple Blossom","822 18th St, Denver, CO 80202, USA","(303) 301-8999","https://www.appleblossomdtdenver.com/","https://maps.google.com/?cid=3054076914461749292&g_mp=CiVnb29nbGUubWFwcy5wbGFjZXMudjEuUGxhY2VzLkdldFBsYWNlEAIYBCAA","4.2","355","5","5","0","5","Big Mike","5","Checked this place out for a late breakfast on a Saturday.  Loved the airy space, ton of light, well done modern finish","user@domain.com","","","",""
"Sam's No. 3","1500 Curtis Street, Denver, CO 80202, USA","(303) 534-1927","https://samsno3.com/","https://maps.google.com/?cid=15256724634413373141&g_mp=CiVnb29nbGUubWFwcy5wbGFjZXMudjEuUGxhY2VzLkdldFBsYWNlEAIYBCAA","4.6","10461","5","5","0","4","Justin Halford","4","Food was ok. We had BLT and Avocado Toast with eggs. I also had the turkey sausage patties and they were great for turke","glendale@samsno3.com","","","",""
"West Saloon & Kitchen","501 16th St Mall, Denver, CO 80202, USA","(303) 825-3690","https://westofsurrender.com/","https://maps.google.com/?cid=9071203991207767095&g_mp=CiVnb29nbGUubWFwcy5wbGFjZXMudjEuUGxhY2VzLkdldFBsYWNlEAIYBCAA","4.6","1836","5","5","0","4","B","4","We went twice on our stay. The first night they were super busy due to a lot of events in town and they were out of seve","howdy@westofsurrender.com","","","","2026-04-28"
"Urban Farmer Denver","1659 Wazee St, Denver, CO 80202, USA","(303) 262-6070","https://www.urbanfarmersteakhouse.com/","https://maps.google.com/?cid=12776507966204228359&g_mp=CiVnb29nbGUubWFwcy5wbGFjZXMudjEuUGxhY2VzLkdldFBsYWNlEAIYBCAA","4.5","1973","5","5","0","5","Soyoung S.","5","We went to Urban Farmer for the first time for our Valentine's Dinner this year and had the best time! Everything exceed","info@urbanfarmersteakhouse.com","","","","2026-04-28"
"Otra Vez Cantina","610 16th St Mall, Denver, CO 80202, USA","(303) 226-1567","https://otravezcantina.com/","https://maps.google.com/?cid=3745942586586108444&g_mp=CiVnb29nbGUubWFwcy5wbGFjZXMudjEuUGxhY2VzLkdldFBsYWNlEAIYBCAA","4.3","3781","5","5","0","4","M Rios","4","Our server Stephen was a sweetheart! Super attentive and friendly. We had the street tacos and they were really good. Th","info@otravezcantina.com","","","","2026-04-28"
"Tamayo by Chef Richard Sandoval","1400 Larimer St, Denver, CO 80202, USA","(720) 946-1433","https://www.eattamayo.com/","https://maps.google.com/?cid=17696459729626462618&g_mp=CiVnb29nbGUubWFwcy5wbGFjZXMudjEuUGxhY2VzLkdldFBsYWNlEAIYBCAA","4.3","2379","5","5","0","4","Natasha Chiz","4","We tried the bottomless menu, which was a nice way to sample all the dishes. The food was good overall, though some item","user@domain.com","","","",""
"Bao Brewhouse","1317 14th St, Denver, CO 80202, USA","(720) 324-8675","https://www.baobrewhouse.com/","https://maps.google.com/?cid=8124356386807095555&g_mp=CiVnb29nbGUubWFwcy5wbGFjZXMudjEuUGxhY2VzLkdldFBsYWNlEAIYBCAA","4.1","1651","5","5","0","4","Drina Cambria","4","The food was really delicious! The lunch special wasn’t terrific, they limit your options so much, so it wasn’t of inter","info@baobrewhouse.com","","","","2026-04-28"
"Mezcaleria Alma","2550 15th St, Denver, CO 80211, USA","(303) 484-1471","https://mezcaleriaalma.com/","https://maps.google.com/?cid=16734800079359675948&g_mp=CiVnb29nbGUubWFwcy5wbGFjZXMudjEuUGxhY2VzLkdldFBsYWNlEAIYBCAA","4.9","338","5","5","0","5","Elizabeth Van Loan","5","Coming to Mezcaleria Alma was an incredible experience. It is an old building that was renovated. The walls were well de","email@example.com","","","","2026-04-28"
"Mizuna","225 E 7th Ave, Denver, CO 80203, USA","(303) 832-4778","https://www.bonannoconcepts.com/restaurant/mizuna/","https://maps.google.com/?cid=10051978334634428936&g_mp=CiVnb29nbGUubWFwcy5wbGFjZXMudjEuUGxhY2VzLkdldFBsYWNlEAIYBCAA","4.5","669","5","5","0","5","Grace Hall","5","Amazing restaurant! It is expensive but you 100% get what you pay for. Perfect for a date night. Our server was extremel","info@bonannoconcepts.com","","","","2026-04-28"
"Jacks on Pearl","1475 S Pearl St, Denver, CO 80210, USA","(720) 868-5800","https://jacksonpearldenver.com/","https://maps.google.com/?cid=6768144523583547579&g_mp=CiVnb29nbGUubWFwcy5wbGFjZXMudjEuUGxhY2VzLkdldFBsYWNlEAIYBCAA","4.7","406","5","5","0","5","Lina Corrales","5","My boyfriend and I came here last week and had the most amazing time! The service was perfectly timed, drinks were lovel","dylan@jacksonpearldenver.com","","","","2026-04-28"
"Chez Maggy","1616 Market St, Denver, CO 80202, USA","(720) 794-9544","https://www.chezmaggydenver.com/?utm_source=google&utm_medium=lastmile&utm_campaign=denth-r-chez","https://maps.google.com/?cid=10728445278348972581&g_mp=CiVnb29nbGUubWFwcy5wbGFjZXMudjEuUGxhY2VzLkdldFBsYWNlEAIYBCAA","4.4","612","5","5","0","5","Kurt Davis","5","Chez Maggy was an absolute standout. I loved the interior and decor, especially how they incorporated natural elements i","info@chezmaggydenver.com","","","","2026-04-28"
"Potager","1109 N Ogden St, Denver, CO 80218, USA","(303) 246-7073","http://www.potagerrestaurant.com/","https://maps.google.com/?cid=7061128292184120155&g_mp=CiVnb29nbGUubWFwcy5wbGFjZXMudjEuUGxhY2VzLkdldFBsYWNlEAIYBCAA","4.6","779","5","5","0","4","shivalika kohli","4","We opted to get a bunch of the seasonal specials (fall time). Very unique ingredient forward dishes! The seafood was a v","eileen.warthen.wine@gmail.com","","","","2026-04-28"
"Park & Co","439 E 17th Ave, Denver, CO 80203, USA","(720) 328-6732","https://www.parkandcodenver.com/","https://maps.google.com/?cid=11935309297884321140&g_mp=CiVnb29nbGUubWFwcy5wbGFjZXMudjEuUGxhY2VzLkdldFBsYWNlEAIYBCAA","4.5","1609","5","5","0","4","S.M G","4","Visiting Park & Co was a very enjoyable experience, especially if you're looking for a great place to catch a game! The","info@parkburger.com","","","","2026-04-28"
"Jake's Grill","611 SW 10th Ave, Portland, OR 97205, USA","(503) 220-1850","https://www.jakesgrill.com/","https://maps.google.com/?cid=9811357380167044301&g_mp=CiVnb29nbGUubWFwcy5wbGFjZXMudjEuUGxhY2VzLkdldFBsYWNlEAIYBCAA","4.4","2255","5","5","2","1","Sunny Lan (HYL)","1","Terrible service and overcooked steak. Asked the server if she has any recommendations for wine, she answered no, there","info@jakesgrill.com","","","","2026-04-28"
"Departure Restaurant + Lounge","525 SW Morrison St 15th Floor 15th Floor, Portland, OR 97204, USA","(503) 802-5370","https://www.departureportland.com/","https://maps.google.com/?cid=1532891992231636005&g_mp=CiVnb29nbGUubWFwcy5wbGFjZXMudjEuUGxhY2VzLkdldFBsYWNlEAIYBCAA","4.3","2563","5","5","2","2","Josie C","2","We enjoyed our duck experience on Dec 30th  with our out of town hotel guests. Everything was superb, as usual, except t","info@departureportland.com","","","","2026-04-28"
"Luc Lac Vietnamese Kitchen","835 SW 2nd Ave, Portland, OR 97204, USA","(503) 222-0047","http://www.luclackitchen.com/","https://maps.google.com/?cid=11849354532108914595&g_mp=CiVnb29nbGUubWFwcy5wbGFjZXMudjEuUGxhY2VzLkdldFBsYWNlEAIYBCAA","4.4","6705","5","5","1","2","Jon Mendoza","2","Sadly this place is now a shadow of its former self. This used to be one of our favorite spots in Portland but while som","office@luclackitchen.com","","","","2026-04-29"
"Street & Co","33 Wharf St, Portland, ME 04101, USA","(207) 775-0887","http://www.streetandcompany.net/","https://maps.google.com/?cid=15560941795191556100&g_mp=CiVnb29nbGUubWFwcy5wbGFjZXMudjEuUGxhY2VzLkdldFBsYWNlEAIYBCAA","4.6","1622","5","5","1","2","Natthanunkorn Yindeeshup","2","This is my 5th time at this Restaurant and we decided to have dinner here for our anniversary… i know the place and food","user@domain.com","","","",""
"Grassa","1205 SW Washington St, Portland, OR 97205, USA","(503) 241-1133","https://www.grassapdx.com/","https://maps.google.com/?cid=1776315565982441391&g_mp=CiVnb29nbGUubWFwcy5wbGFjZXMudjEuUGxhY2VzLkdldFBsYWNlEAIYBCAA","4.4","2559","5","5","1","2","Grant G","2","I’ve eaten a lot of pasta. Like numerous months in Italy getting fat. Now I don’t expect Italy quality or even flavor bu","grassapdx@gmail.com","","","","2026-04-29"
"Jake's Famous Crawfish","401 SW 12th Ave, Portland, OR 97205, USA","(503) 226-1419","https://www.jakesfamous.com/","https://maps.google.com/?cid=6965611784503511941&g_mp=CiVnb29nbGUubWFwcy5wbGFjZXMudjEuUGxhY2VzLkdldFBsYWNlEAIYBCAA","4.5","4319","5","5","1","3","ChooMama","3","We had 6pm reservations for Thanksgiving dinner here. We did not get seated until closer to 6:30. We were not informed o","info@jakesfamous.com","","","","2026-04-29"
"Arden Restaurant Portland","417 NW 10th Ave, Portland, OR 97209, USA","(503) 206-6097","https://www.ardenpdx.com/","https://maps.google.com/?cid=421449594404653546&g_mp=CiVnb29nbGUubWFwcy5wbGFjZXMudjEuUGxhY2VzLkdldFBsYWNlEAIYBCAA","4.7","467","5","5","1","2","Connie C","2","All the dishes we had were either not cooked well, not seasoned well, not paired well, or literally burned. I can see th","info@ardenpdx.com","","","","2026-04-29"
"Huber's Cafe","411 SW 3rd Ave, Portland, OR 97204, USA","(503) 228-5686","https://hubers.com/","https://maps.google.com/?cid=11631312517836713024&g_mp=CiVnb29nbGUubWFwcy5wbGFjZXMudjEuUGxhY2VzLkdldFBsYWNlEAIYBCAA","4.6","3301","5","5","1","3","Vic A","3","Had a pretty uncomfortable time at Huber’s Cafe this past Saturday. I made a reservation a few weeks in advance, and was","info@hubers.com","","","","2026-04-29"
"El Gaucho Portland","319 SW Broadway, Portland, OR 97205, USA","(503) 227-8794","https://elgaucho.com/portland/","https://maps.google.com/?cid=6107012472614185687&g_mp=CiVnb29nbGUubWFwcy5wbGFjZXMudjEuUGxhY2VzLkdldFBsYWNlEAIYBCAA","4.6","1665","5","5","1","2","katrina nails","2","My husband and I tried this place for the first time and overall it was a good experience. It was a special date night f","gdills@elgaucho.com","","","","2026-04-29"
"Cheryl's on 12th","1135 SW Washington St, Portland, OR 97205, USA","(503) 595-2252","http://cherylson12th.com/","https://maps.google.com/?cid=17322022484779492288&g_mp=CiVnb29nbGUubWFwcy5wbGFjZXMudjEuUGxhY2VzLkdldFBsYWNlEAIYBCAA","4.5","3541","5","5","1","3","She Ash","3","This is a popular breakfast spot just off of the Pearl district.  The decor wimsy Country kitch.  The restaurant is a bi","info@cherylson12th.com","","","","2026-04-29"
"Terra Mae","1150 NE Alberta St 2nd Floor, Portland, OR 97211, USA","(503) 782-1611","http://terramaepdx.com/","https://maps.google.com/?cid=14213141087272114852&g_mp=CiVnb29nbGUubWFwcy5wbGFjZXMudjEuUGxhY2VzLkdldFBsYWNlEAIYBCAA","4.6","224","5","5","1","2","Steve Shumate","2","My first visit to Terra Mae. I've heard good things about this place. The Portuguese Japanese fusion concept sounded int","greetings@terramaepdx.com","","","","2026-04-29"
"Mama Mia Trattoria","439 SW 2nd Ave, Portland, OR 97204, USA","(503) 295-6464","http://www.mamamiatrattoria.com/","https://maps.google.com/?cid=18304852546017661924&g_mp=CiVnb29nbGUubWFwcy5wbGFjZXMudjEuUGxhY2VzLkdldFBsYWNlEAIYBCAA","4.3","1388","5","5","1","2","Kay38Dsheldon Peterson groff","2","Over priced, food was okay when asked portion size waitress expressed large portions! That was wrong. Talk about 1/2 por","info@mamamiatrattoria.com","","","","2026-04-29"
"UNION Restaurant","390 Congress St, Portland, ME 04103, USA","(207) 808-8700","http://www.unionportland.com/","https://maps.google.com/?cid=3856073747793657080&g_mp=CiVnb29nbGUubWFwcy5wbGFjZXMudjEuUGxhY2VzLkdldFBsYWNlEAIYBCAA","4.4","639","5","5","1","3","Logan Bower","3","We went for my birthday and it was cute they gave a birthday card signed from the staff. Atmosphere was amazing really c","info@unionportland.com","","","","2026-04-29"
"Din Tai Fung 鼎泰豐","700 SW 5th Ave, Portland, OR 97204, USA","(503) 336-9085","https://dtf.com/en/locations/portland","https://maps.google.com/?cid=6860019617634442512&g_mp=CiVnb29nbGUubWFwcy5wbGFjZXMudjEuUGxhY2VzLkdldFBsYWNlEAIYBCAA","4.3","639","5","5","1","1","Ally Brooke","1","The location is nice. And this is my review for all locations if the food is the same. Very bland. The cucumbers were co","info@dtf.com","","","","2026-04-29"
"Central Provisions","414 Fore St, Portland, ME 04101, USA","(207) 805-1085","http://www.central-provisions.com/","https://maps.google.com/?cid=14893614304826742767&g_mp=CiVnb29nbGUubWFwcy5wbGFjZXMudjEuUGxhY2VzLkdldFBsYWNlEAIYBCAA","4.6","1731","5","5","1","3","alana pinard","3","We made reservations for a Monday evening for my husband’s birthday. We were sat immediately even being about 10minutes","info@central-provisions.com","","","","2026-04-29"
"Dough Zone Dumpling House Portland","1910 S River Dr, Portland, OR 97201, USA","(503) 446-3500","https://www.doughzonedumplinghouse.com/","https://maps.google.com/?cid=16576582148784468158&g_mp=CiVnb29nbGUubWFwcy5wbGFjZXMudjEuUGxhY2VzLkdldFBsYWNlEAIYBCAA","4.3","1279","5","5","1","3","Stephanie Lau","3","Food was great, but the service left more to be desired. We checked in to the online waitlist as they requested, but it","info@doughzonedumplinghouse.com","","","","2026-04-29"
"Grits N' Gravy","215 SW 6th Ave, Portland, OR 97204, USA","(503) 227-3903","https://gritsngravypdx.com/","https://maps.google.com/?cid=17725281476728194355&g_mp=CiVnb29nbGUubWFwcy5wbGFjZXMudjEuUGxhY2VzLkdldFBsYWNlEAIYBCAA","4.6","1947","5","5","1","2","Factsn Finds","2","From a food critic’s perspective, this restaurant is rich in personality and ambition. The spray-painted T-shirts on dis","brandon@mumbogumbopdx.com","","","","2026-04-29"
"Pastini","911 SW Taylor St, Portland, OR 97205, USA","(503) 863-5188","http://www.pastini.com/","https://maps.google.com/?cid=2370779483037017835&g_mp=CiVnb29nbGUubWFwcy5wbGFjZXMudjEuUGxhY2VzLkdldFBsYWNlEAIYBCAA","4.3","1695","5","5","1","3","Bryan “Dad of 4”","3","I recently dined at Pastini, and overall the experience was mixed. From the outside, the restaurant does not come across","info@pastini.com","","","","2026-04-29"
"Gracie's","729 SW 15th Ave, Portland, OR 97205, USA","(503) 248-7082","https://www.hoteldeluxe.com/dining/","https://maps.google.com/?cid=15328030089745517983&g_mp=CiVnb29nbGUubWFwcy5wbGFjZXMudjEuUGxhY2VzLkdldFBsYWNlEAIYBCAA","4.2","434","5","5","1","3","Patrick Leung","3","This review is for brunch only at Gracie’s. We had dinner previously and I would give higher rating on their dinner.  Fo","info@hoteldeluxeportland.com","","","","2026-04-29"
"Clarklewis Restaurant","1001 SE Water Ave, Portland, OR 97214, USA","(503) 235-2294","https://www.clarklewispdx.com/","https://maps.google.com/?cid=5462817567993841974&g_mp=CiVnb29nbGUubWFwcy5wbGFjZXMudjEuUGxhY2VzLkdldFBsYWNlEAIYBCAA","4.2","901","5","5","1","3","YMC","3","Service was excellent — attentive, friendly, and professional throughout the night. The staff really made the experience","events@clarklewispdx.com","","","","2026-04-29"
"Mestizo","2910 SE Division St, Portland, OR 97202, USA","(503) 384-2273","http://www.mestizopdx.com/","https://maps.google.com/?cid=16048689395630645055&g_mp=CiVnb29nbGUubWFwcy5wbGFjZXMudjEuUGxhY2VzLkdldFBsYWNlEAIYBCAA","4.6","494","5","5","1","3","Faye Comer","3","We made a reservation for the patio, but once we arrived realized it was the outdoor seating on Division. They were kind","mestizoportland@gmail.com","","","","2026-04-29"
"High Horse","520 SW Broadway, Portland, OR 97205, USA","(503) 552-2218","https://www.highhorsepdx.com/","https://maps.google.com/?cid=16447037805140142659&g_mp=CiVnb29nbGUubWFwcy5wbGFjZXMudjEuUGxhY2VzLkdldFBsYWNlEAIYBCAA","4","95","5","5","1","1","Rosy H","1","Pulled up for a nightcap feeling cute, car shining, ready for a smooth moment. I eased into the valet area and… nothing.","info@highhorsepdx.com","","","","2026-04-29"
"Han Oak Restaurant","511 NE 24th Ave, Portland, OR 97232, USA","(971) 255-0032","http://www.hanoakpdx.com/","https://maps.google.com/?cid=10015307578736762207&g_mp=CiVnb29nbGUubWFwcy5wbGFjZXMudjEuUGxhY2VzLkdldFBsYWNlEAIYBCAA","4.5","796","5","5","1","3","loneoceans","3","We were really excited to finally try Han Oak after years of hearing great things. While the food was decent, it ultimat","info@hanoakpdx.com","","","","2026-04-29"
"The Star Portland","1309 NW Hoyt St, Portland, OR 97209, USA","(503) 300-7827","https://www.thestarportland.com/?utm_source=google-gmb-maps&utm_medium=gmb-website-button&utm_campaign=locl.io&utm_content=8bef601b-b06d-46fe-9718-811f8f5a9476","https://maps.google.com/?cid=4485697165527332564&g_mp=CiVnb29nbGUubWFwcy5wbGFjZXMudjEuUGxhY2VzLkdldFBsYWNlEAIYBCAA","4.5","947","5","5","1","3","Rosa Gutierrez","3","I'm kinda neutral on this spot.. nothing stood out to me for me to boast about. The place was nice, the pizza was good,","star-portland-single-gold_red@3x.webp","","","","2026-04-29"
"Nong's Khao Man Gai (Downtown)","417 SW 13th Ave, Portland, OR 97205, USA","(503) 208-2402","http://khaomangai.com/","https://maps.google.com/?cid=11507074826891959327&g_mp=CiVnb29nbGUubWFwcy5wbGFjZXMudjEuUGxhY2VzLkdldFBsYWNlEAIYBCAA","4.5","925","5","5","1","1","Yule Show","1","Where is the chicken skin? We all know Chinese and Thai people eat chicken skin. In East Asia, any boiled or steamed chi","info@khaomangai.com","","","","2026-04-29"
"Lechon","113 SW Naito Pkwy, Portland, OR 97204, USA","(503) 219-9000","http://lechonpdx.com/","https://maps.google.com/?cid=10107566994316026154&g_mp=CiVnb29nbGUubWFwcy5wbGFjZXMudjEuUGxhY2VzLkdldFBsYWNlEAIYBCAA","4.7","2391","5","5","0","5","Ashli V","5","Anything gluten free gets my interest right off the bat. This place has so many amazing options for those allergies and","info@lechonpdx.com","","","","2026-04-29"
"DiMillo's On the Water","25 Long Wharf, Portland, ME 04101, USA","(207) 772-2216","https://www.dimillos.com/","https://maps.google.com/?cid=15967892167441552385&g_mp=CiVnb29nbGUubWFwcy5wbGFjZXMudjEuUGxhY2VzLkdldFBsYWNlEAIYBCAA","4.5","6074","5","5","0","4","Amanda Fossum","4","I would say you’re definitely going here for the ambiance and the experience of dining somewhere unique. The decor was v","info@dimillos.com","","","","2026-04-29"
"Q Restaurant & Bar","828 SW 2nd Ave, Portland, OR 97204, USA","(503) 850-8915","http://q-portland.com/?utm_source=google-gmb-maps&utm_medium=gmb-website-button&utm_campaign=locl.io&utm_content=2445e5f5-8a8f-4d47-a4f9-a5850a66c9c0","https://maps.google.com/?cid=6593202195607173994&g_mp=CiVnb29nbGUubWFwcy5wbGFjZXMudjEuUGxhY2VzLkdldFBsYWNlEAIYBCAA","4.7","1555","5","5","0","5","Sam Bracamonte","5","Q Restaurant & Bar is absolutely delightful! The food was incredible - the poached egg salad was perfection and the fett","info@q-portland.com","","","","2026-04-29"
"Portland City Grill","111 SW 5th Ave 30th Floor, Portland, OR 97204, USA","(503) 450-0030","https://www.portlandcitygrill.com/","https://maps.google.com/?cid=6983450090413321676&g_mp=CiVnb29nbGUubWFwcy5wbGFjZXMudjEuUGxhY2VzLkdldFBsYWNlEAIYBCAA","4.5","7918","5","5","0","4","Chanda Mitchell","4","This restaurant was a truly exciting experience. It was very 'out of the ordinary' and we had a wonderful time. The serv","info@portlandcitygrill.com","","","","2026-04-29"
"Screen Door Eastside","2337 E Burnside St, Portland, OR 97214, USA","(503) 542-0880","https://screendoorrestaurant.com/east-side/","https://maps.google.com/?cid=9657599113001754934&g_mp=CiVnb29nbGUubWFwcy5wbGFjZXMudjEuUGxhY2VzLkdldFBsYWNlEAIYBCAA","4.7","7604","5","5","0","4","Leander Vandefen","4","I had the Lowcountry Shrimp and Grits. The addition of two over medium eggs really elevated the experience, combining we","info@screendoorpdx.com","","","","2026-04-29"
"Farmhouse Kitchen Thai Cuisine | Pearl District","121 NW 9th Ave, Portland, OR 97209, USA","(971) 754-4966","https://farmhousethai.com/pearl-district?utm_source=google","https://maps.google.com/?cid=12084191215586592971&g_mp=CiVnb29nbGUubWFwcy5wbGFjZXMudjEuUGxhY2VzLkdldFBsYWNlEAIYBCAA","4.9","7837","5","5","0","5","eddie Tan","5","Absolutely loved our meal at Farmer House Kitchen Thai Cuisine in Portland.  The food was outstanding across the board.","info@farmhousethai.com","","","","2026-04-29"
"Screen Door Pearl District","1131 NW Couch St, Portland, OR 97209, USA","(503) 542-0882","https://screendoorrestaurant.com/","https://maps.google.com/?cid=2574505151415432726&g_mp=CiVnb29nbGUubWFwcy5wbGFjZXMudjEuUGxhY2VzLkdldFBsYWNlEAIYBCAA","4.6","1672","5","5","0","4","Brianna Ash","4","Their food is definitely not in question here.  I got their chicken and waffles and i was blown away. At first, I was sa","user@domain.com","","","",""
"ViA VECCHiA","10 Dana St, Portland, ME 04101, USA","(207) 407-7070","https://vvoldport.com/?utm_source=google&utm_medium=mybusiness","https://maps.google.com/?cid=6619357089779989508&g_mp=CiVnb29nbGUubWFwcy5wbGFjZXMudjEuUGxhY2VzLkdldFBsYWNlEAIYBCAA","4.5","1071","5","5","0","4","Linda M","4","This place was packed on a midweek mid-November and I understand why: good food, great atmosphere.  The prices are high","info@vvoldport.com","","","","2026-04-29"
"Southpark Seafood","901 SW Salmon St, Portland, OR 97205, USA","(503) 326-1300","https://southparkseafood.com/","https://maps.google.com/?cid=6742580048429590553&g_mp=CiVnb29nbGUubWFwcy5wbGFjZXMudjEuUGxhY2VzLkdldFBsYWNlEAIYBCAA","4.4","2896","5","5","0","4","Eric Chavez","4","Great experience overall!! Our server, Ricky, was very professional and top of her game!!! Atmosphere was pleasant, just","jason.gerlt@southparkseafood.com","","","","2026-04-29"
"Queen Mama's Kitchen","406 SW Oak St, Portland, OR 97204, USA","(971) 864-4444","https://queenmamaskitchen.com/?utm_source=google","https://maps.google.com/?cid=10460142581866878375&g_mp=CiVnb29nbGUubWFwcy5wbGFjZXMudjEuUGxhY2VzLkdldFBsYWNlEAIYBCAA","4.8","573","5","5","0","5","amb","5","I stopped at this Saudi Arabian restaurant in downtown Portland during a layover and ended up really impressed. I ordere","info@queenmamaskitchen.com","","","","2026-04-29"
"Mucca Osteria","1022 SW Morrison St, Portland, OR 97205, USA","(503) 227-5521","http://www.muccaosteria.com/?utm_source=google-gmb-maps&utm_medium=gmb-website-button&utm_campaign=locl.io&utm_content=311284b5-a632-46cd-949e-792c10c37b42","https://maps.google.com/?cid=15088642687699123993&g_mp=CiVnb29nbGUubWFwcy5wbGFjZXMudjEuUGxhY2VzLkdldFBsYWNlEAIYBCAA","4.7","808","5","5","0","4","Scott Besemann","4","Service is the best you'll experience. Floor staff is attentive, friendly, and helpful. Great experience. Only note woul","inquiries@muccaosteria.com","","","","2026-04-29"
"Olympia Provisions","107 SE Washington St, Portland, OR 97214, USA","(503) 954-3663","https://www.olympiaprovisions.com/","https://maps.google.com/?cid=1157787888973979999&g_mp=CiVnb29nbGUubWFwcy5wbGFjZXMudjEuUGxhY2VzLkdldFBsYWNlEAIYBCAA","4.6","1500","5","5","0","5","T Boyle","5","Had family in town with their kiddos and we wanted to do a night out. OP was the perfect choice. The staff was great get","info@olympiaprovisions.com","","","","2026-04-29"
"Piattino","1140 NW Everett St, Portland, OR 97209, USA","(971) 983-8000","https://piattinopdx.com/","https://maps.google.com/?cid=17619554407059949433&g_mp=CiVnb29nbGUubWFwcy5wbGFjZXMudjEuUGxhY2VzLkdldFBsYWNlEAIYBCAA","4.7","1231","5","5","0","5","Emma Tetlow","5","Sat at the bar with Zach. He was GREAT! Food was so delicious, light but filling. Which I love when I’m going for Italia","info@piattinopdx.com","","","","2026-04-29"
"Mother's Bistro & Bar","121 SW 3rd Ave, Portland, OR 97204, USA","(503) 464-1122","http://www.mothersbistro.com/?utm_source=google-gmb-maps&utm_medium=gmb-website-button&utm_campaign=locl.io&utm_content=fa4c848e-bbb0-45b3-a639-e4ac5a93d41f","https://maps.google.com/?cid=9802941991473875057&g_mp=CiVnb29nbGUubWFwcy5wbGFjZXMudjEuUGxhY2VzLkdldFBsYWNlEAIYBCAA","4.6","5438","5","5","0","4","Derrik Ammons","4","They ran out of dumplings for my chicken and dumplings, but it was still delicious served wish mashed potatoes, and I de","info@mothersbistro.com","","","","2026-04-29"
"Bullard Tavern","813 SW Alder St, Portland, OR 97205, USA","(503) 222-1670","https://www.bullardpdx.com/","https://maps.google.com/?cid=5207126706087217289&g_mp=CiVnb29nbGUubWFwcy5wbGFjZXMudjEuUGxhY2VzLkdldFBsYWNlEAIYBCAA","4.5","711","5","5","0","5","Omer Porus","5","After eating here two days in a row, I can confidently say the food at Bullard Tavern is absolutely amazing, especially","holler@hollerhospitality.com","","","","2026-04-29"
"Lilia Comedor","422 NW 8th Ave, Portland, OR 97209, USA","(503) 984-0828","http://www.liliapdx.com/?utm_source=google&utm_medium=wix_google_business_profile&utm_campaign=10116908362801027932","https://maps.google.com/?cid=18351935091715351956&g_mp=CiVnb29nbGUubWFwcy5wbGFjZXMudjEuUGxhY2VzLkdldFBsYWNlEAIYBCAA","4.7","282","5","5","0","4","Ms May","4","Lilia Comedor crafts dishes with the precision of a jeweler-each plate a miniature masterpiece where every ingredient fe","info@liliapdx.com","","","","2026-04-29"
"Urdaneta","3033 NE Alberta St, Portland, OR 97211, USA","(503) 288-1990","http://urdanetapdx.com/?utm_source=google-gmb-maps&utm_medium=gmb-website-button&utm_campaign=locl.io&utm_content=c7f735f4-6328-4caf-9665-b2fdfaf42804","https://maps.google.com/?cid=12093383493040624214&g_mp=CiVnb29nbGUubWFwcy5wbGFjZXMudjEuUGxhY2VzLkdldFBsYWNlEAIYBCAA","4.8","862","5","5","0","5","mona h (Monahonly)","5","Urdaneta is a masterclass in intimate, high-end dining. We booked two weeks out for a birthday celebration, and it was w","info@urdanetapdx.com","","","","2026-04-29"
"Xin Ding Dumpling House 鑫鼎轩 - Downtown Portland","71 SW 2nd Ave, Portland, OR 97204, USA","(503) 345-7777","https://www.xindingdumplinghouse.com/","https://maps.google.com/?cid=9350951092722537719&g_mp=CiVnb29nbGUubWFwcy5wbGFjZXMudjEuUGxhY2VzLkdldFBsYWNlEAIYBCAA","4.5","774","5","5","0","4","rasberri jam","4","A great spot for dumplings! Family revisited this restaurant for Chinese New Year after going in June of 2025 and thorou","info@xindingdumplinghouse.com","","","","2026-04-29"
"Bellpine","900 SW Washington St, Portland, OR 97205, USA","(971) 900-4442","https://www.bellpinepdx.com/?scid=feed67b0-9a2f-4de1-8df6-114544116108","https://maps.google.com/?cid=1428035430725370194&g_mp=CiVnb29nbGUubWFwcy5wbGFjZXMudjEuUGxhY2VzLkdldFBsYWNlEAIYBCAA","4.2","223","5","5","0","4","Jeff Pollock","4","Update 12-21-25: we went back as just a couple. Got to sit by the window. Views were fantastic. Noise level was high aga","rc.pdxrz.bellpine@ritzcarlton.com","","","","2026-04-29"
"Shalom Y'all","117 SE Taylor St #101, Portland, OR 97214, USA","(503) 208-3661","http://www.shalomyallpdx.com/?utm_source=google-gmb-maps&utm_medium=gmb-website-button&utm_campaign=locl.io&utm_content=1e7967f7-164b-40c4-8d50-5ed83ed84e64","https://maps.google.com/?cid=1718632676023178685&g_mp=CiVnb29nbGUubWFwcy5wbGFjZXMudjEuUGxhY2VzLkdldFBsYWNlEAIYBCAA","4.6","1479","5","5","0","4","Josh Lyman","4","Was excited to come to Shalom Y’all having been to both MEC and Yalla already. I had high hopes, and while we enjoyed ou","info@shalomyallpdx.com","","","","2026-04-29"
"kann","548 SE Ash St, Portland, OR 97214, USA","(971) 489-2202","https://kannrestaurant.com/","https://maps.google.com/?cid=4907062322004793210&g_mp=CiVnb29nbGUubWFwcy5wbGFjZXMudjEuUGxhY2VzLkdldFBsYWNlEAIYBCAA","4.5","1188","5","5","0","5","Toria King","5","One of the best culinary experiences that I have ever had. From the moment we sat down to the last bite of our dessert,","user@domain.com","","","",""
"Alma","5237 NE Martin Luther King Jr Blvd, Portland, OR 97211, USA","(971) 313-9730","https://www.almapdx.com/","https://maps.google.com/?cid=16764731149483107093&g_mp=CiVnb29nbGUubWFwcy5wbGFjZXMudjEuUGxhY2VzLkdldFBsYWNlEAIYBCAA","4.6","113","5","5","0","4","Mark","4","The meal was very flavorful and presented beautifully.  However, the portions were significantly small for two people. W","user@domain.com","","","",""
"Dolly Olive","527 SW 12th Ave, Portland, OR 97205, USA","(503) 719-6921","http://dollyolivepdx.com/?utm_source=google-gmb-maps&utm_medium=gmb-website-button&utm_campaign=locl.io&utm_content=607740b1-c177-4d9d-8348-0cfbeba45699","https://maps.google.com/?cid=9577811146633507627&g_mp=CiVnb29nbGUubWFwcy5wbGFjZXMudjEuUGxhY2VzLkdldFBsYWNlEAIYBCAA","4.6","574","5","5","0","4","Jasmine","4","The fettuccine was perfectly seasoned and cooked! Really liked it. Portion was a little small so we were sad how quickly","info@dollyolivepdx.com","","","","2026-04-29"
"Constantinople Restaurant Portland","410 NW 21st Ave, Portland, OR 97209, USA","(971) 940-4660","https://www.constantinoplerestaurant.com/","https://maps.google.com/?cid=2952752857875041064&g_mp=CiVnb29nbGUubWFwcy5wbGFjZXMudjEuUGxhY2VzLkdldFBsYWNlEAIYBCAA","4.8","474","5","5","0","5","Frank Chiu","5","What an amazing meal! We enjoyed the variety of options on the menu (not your typical Mediterranean food), every dish wa","user@domain.com","","","",""
"Higgins","1239 SW Broadway, Portland, OR 97205, USA","(503) 222-9070","http://higginsportland.com/","https://maps.google.com/?cid=17427190921001690893&g_mp=CiVnb29nbGUubWFwcy5wbGFjZXMudjEuUGxhY2VzLkdldFBsYWNlEAIYBCAA","4.5","1348","5","5","0","4","Rachael Taylor","4","This place had great service,  possibly the best I've ever had! The waiter staff, bartender, people from the kitchen, al","info@higginsportland.com","","","","2026-04-29"
"DarSalam Restaurant & Catering (Downtown)","320 SW Alder St, Portland, OR 97204, USA","(503) 444-7813","http://darsalamrestaurant.com/","https://maps.google.com/?cid=13371392444553920928&g_mp=CiVnb29nbGUubWFwcy5wbGFjZXMudjEuUGxhY2VzLkdldFBsYWNlEAIYBCAA","4.7","1366","5","5","0","5","Allen Raines","5","Went for a friend's birthday party dinner and found new friends and happiness. Probably the best service I've ever had a","darsalamrestaurant@gmail.com","","","","2026-04-29"
"Urban Farmer Portland","525 SW Morrison St, Portland, OR 97204, USA","(503) 222-5700","https://www.urbanfarmersteakhouse.com/","https://maps.google.com/?cid=13816995012983544053&g_mp=CiVnb29nbGUubWFwcy5wbGFjZXMudjEuUGxhY2VzLkdldFBsYWNlEAIYBCAA","4.3","1050","5","5","0","5","Sharyn Inzunza","5","We experienced Urban Farmer four ways over two days.  One Friday night dinner: Great table and long banquettes under the","info@urbanfarmersteakhouse.com","","","",""
"Casa Zoraya","841 N Lombard St, Portland, OR 97217, USA","(503) 384-2455","https://www.casazorayapdx.com/","https://maps.google.com/?cid=270493928617608927&g_mp=CiVnb29nbGUubWFwcy5wbGFjZXMudjEuUGxhY2VzLkdldFBsYWNlEAIYBCAA","4.8","734","5","5","0","5","Alexander Padden","5","Absolutely wonderful Valentine’s Day experience with my wife. The service was great, the patio was beautifully decorated","casazorayapdx@gmail.com","","","","2026-04-29"
"Campana","901 NE Oneonta St, Portland, OR 97211, USA","(503) 841-6195","https://www.campanapdx.com/","https://maps.google.com/?cid=1178744219168127200&g_mp=CiVnb29nbGUubWFwcy5wbGFjZXMudjEuUGxhY2VzLkdldFBsYWNlEAIYBCAA","4.7","786","5","5","0","5","Alessondra Eckstrom","5","Lovely. Delicious. We had a cozy and very enjoyable meal at Campana. We had the meatballs, arrabbiata, arugula salad and","info@campanapdx.com","","","","2026-04-29"
"Hot Suppa","703 Congress St, Portland, ME 04102, USA","(207) 871-5005","http://www.hotsuppa.com/","https://maps.google.com/?cid=8292289507814938786&g_mp=CiVnb29nbGUubWFwcy5wbGFjZXMudjEuUGxhY2VzLkdldFBsYWNlEAIYBCAA","4.7","2287","5","5","0","5","Brandon Sebastien","5","i have not had breakfast this good in a while!!! it was great everything was perfect. We were treated with so much respe","cr.hotsuppa@gmail.com","","","","2026-04-29"
"Black Star Grill","110 NW 10th Ave, Portland, OR 97209, USA","(503) 206-5993","https://www.blackstargrill.com/","https://maps.google.com/?cid=4081985843179692394&g_mp=CiVnb29nbGUubWFwcy5wbGFjZXMudjEuUGxhY2VzLkdldFBsYWNlEAIYBCAA","4.8","250","5","5","0","5","ginger chris","5","The sauces. The vegetarian black eye pea stew. The plantains. Almost queue ethereal music good.  Great food loved beef l","info@blackstargrill.com","","","","2026-04-29"
"Habibi Restaurant","1012 SW Morrison St, Portland, OR 97205, USA","(503) 274-0628","http://habibirestaurantpdx.com/","https://maps.google.com/?cid=5113020930850532625&g_mp=CiVnb29nbGUubWFwcy5wbGFjZXMudjEuUGxhY2VzLkdldFBsYWNlEAIYBCAA","4.4","975","5","5","0","4","j bucky","4","I don’t normally give a 4 star. Its either 1 or 5 but I feel its too harsh to drop this to 1 when its very comparable to","info@habibirestaurantpdx.com","","","","2026-04-29"
"Double Dragon","1235 SE Division St, Portland, OR 97202, USA","(503) 230-8340","http://www.doubledragonpdx.com/","https://maps.google.com/?cid=936855984507714690&g_mp=CiVnb29nbGUubWFwcy5wbGFjZXMudjEuUGxhY2VzLkdldFBsYWNlEAIYBCAA","4.5","1149","5","5","0","5","Karl Whinnery","5","Rad Portland bar. Great atmosphere. Rad staff.  Delicious food - the corn ribs were a really fun surprise. Burger was so","user@domain.com","","","",""
"Besaws","1545 NW 21st Ave, Portland, OR 97209, USA","(503) 228-2619","http://www.besaws.com/","https://maps.google.com/?cid=4636563694925340965&g_mp=CiVnb29nbGUubWFwcy5wbGFjZXMudjEuUGxhY2VzLkdldFBsYWNlEAIYBCAA","4.3","1620","5","5","0","4","Elizabeth Thomas","4","My first time dining at Besaws and I’m so glad we went!  I’ll start with the one challenge — parking. The location in NW","user@domain.com","","","",""
"Love Belizean","1503 SW Broadway, Portland, OR 97201, USA","(503) 421-5599","https://twitter.com/LoveBelizeanPDX","https://maps.google.com/?cid=1877331389154935101&g_mp=CiVnb29nbGUubWFwcy5wbGFjZXMudjEuUGxhY2VzLkdldFBsYWNlEAIYBCAA","4.9","410","5","5","0","5","Diana M","5","We were hungry for lunch after driving down from Washington and exploring Portland all morning. I have never had Belizea","info@twitter.com","","","","2026-04-29"
"Carmine's Italian Restaurant - Las Vegas","Forum Shops At Caesars, 3500 S Las Vegas Blvd, Las Vegas, NV 89109, USA","(702) 473-9700","http://www.carminesnyc.com/","https://maps.google.com/?cid=12797009336151401504&g_mp=CiVnb29nbGUubWFwcy5wbGFjZXMudjEuUGxhY2VzLkdldFBsYWNlEAIYBCAA","4.5","5570","5","5","2","1","M4l2K T4N","1","Wanted to try this place never since I walked past it several times and saw the beautiful deco and great vibes from the","info@carminesnyc.com","","","","2026-04-29"
"Cafe Americano at Caesars Palace","3570 S Las Vegas Blvd, Las Vegas, NV 89109, USA","(702) 650-5921","https://www.caesars.com/caesars-palace/restaurants/cafe-americano?utm_campaign=gmb&utm_source=google&utm_medium=local&utm_term=CLV93&utm_content=restaurant&y_source=1_NDM2Njg2Ni03MTUtbG9jYXRpb24ud2Vic2l0ZQ%3D%3D","https://maps.google.com/?cid=11377997237506812984&g_mp=CiVnb29nbGUubWFwcy5wbGFjZXMudjEuUGxhY2VzLkdldFBsYWNlEAIYBCAA","4.4","4722","5","5","2","3","Amber Lee","3","Being incredibly hungry from all the winning (of $10) we were doing the night before, we decided to stop by Cafe America","info@caesars.com","","","","2026-04-29"
"Golden Nugget Las Vegas Hotel & Casino","129 E Fremont St, Las Vegas, NV 89101, USA","(702) 385-7111","https://www.goldennugget.com/las-vegas/","https://maps.google.com/?cid=2310599181801513355&g_mp=CiVnb29nbGUubWFwcy5wbGFjZXMudjEuUGxhY2VzLkdldFBsYWNlEAIYBCAA","4.3","53604","5","5","2","1","kirsten boulter","1","We stayed 6 nights in the Scarlet Suites, Gold Tower. The first room was 1027, the second 1227. Both rooms shared the ma","info@goldennugget.com","","","","2026-04-29"
"Caesars Palace","3570 S Las Vegas Blvd, Paradise, NV 89109, USA","(866) 227-5938","https://www.caesars.com/caesars-palace?utm_campaign=google&utm_source=google&utm_medium=local&utm_term=CLV&utm_content=hotel&y_source=1_NDM2Njg2Ny03MTUtbG9jYXRpb24ud2Vic2l0ZQ==","https://maps.google.com/?cid=8631651105269301239&g_mp=CiVnb29nbGUubWFwcy5wbGFjZXMudjEuUGxhY2VzLkdldFBsYWNlEAIYBCAA","4.5","136695","5","5","2","2","Elyse Butler","2","We chose Caesars Palace for my childhood best friend’s bachelorette because she dreamed of celebrating at a luxury, icon","info@caesars.com","","","","2026-04-29"
"Gordon Ramsay Hell's Kitchen","3570 Las Vegas Blvd S, Las Vegas, NV 89109, USA","(702) 731-7373","https://www.caesars.com/caesars-palace/restaurants/gordon-ramsay-hells-kitchen?utm_campaign=gmb&utm_source=google&utm_medium=local&utm_term=CLV101&utm_content=restaurant&y_source=1_ODkwODg0NC03MTUtbG9jYXRpb24ud2Vic2l0ZQ%3D%3D","https://maps.google.com/?cid=8539918260208114251&g_mp=CiVnb29nbGUubWFwcy5wbGFjZXMudjEuUGxhY2VzLkdldFBsYWNlEAIYBCAA","4.4","20085","5","5","1","3","JJ Sullivan","3","Let me preferences this review by saying that I never usually leave below 5 stars, but this place is not really worth th","info@caesars.com","","","","2026-04-29"
"Oscar's Steakhouse","1 S Main St, Las Vegas, NV 89101, USA","(702) 386-7227","https://www.plazahotelcasino.com/dining/oscars-steakhouse/","https://maps.google.com/?cid=9338473781609965862&g_mp=CiVnb29nbGUubWFwcy5wbGFjZXMudjEuUGxhY2VzLkdldFBsYWNlEAIYBCAA","4.5","2233","5","5","1","3","A Kharodia","3","Atmosphere is classic‑Vegas glamour: the décor, lighting, memorabilia, glass dome, etc., give it a nostalgic steakhouse","info@plazahotelcasino.com","","","","2026-04-29"
"Hammered Harry's Las Vegas","450 Fremont St #140, Las Vegas, NV 89101, USA","(725) 205-3813","https://hammeredharrys.com/locations/las-vegas-fremont-st/","https://maps.google.com/?cid=8173629199101132469&g_mp=CiVnb29nbGUubWFwcy5wbGFjZXMudjEuUGxhY2VzLkdldFBsYWNlEAIYBCAA","4.7","1608","5","5","1","1","Mr. Brandonn","1","Up till recently this place was one of my top picks of places to bring friends after they got off work when I was in Veg","james@gobestbiz.com","","","",""
"Off the Strip The LINQ Hotel + Experience","The Linq, 3535 Las Vegas Blvd S, Las Vegas, NV 89109, USA","(702) 331-6800","https://www.caesars.com/linq/restaurants/off-the-strip?utm_campaign=gmb&utm_source=google&utm_medium=local&utm_term=ILV1&utm_content=restaurant&y_source=1_MTAzMTE1Njk4NC03MTUtbG9jYXRpb24ud2Vic2l0ZQ%3D%3D","https://maps.google.com/?cid=15977638470096912218&g_mp=CiVnb29nbGUubWFwcy5wbGFjZXMudjEuUGxhY2VzLkdldFBsYWNlEAIYBCAA","4.3","2787","5","5","1","3","Shannon Jackson","3","Chicken Parmesan was MASSIVE. Flavor of the chicken was good, but the marinara was spicy and that was a little off topic","info@caesars.com","","","","2026-04-29"
"Gordon Ramsay Burger Flamingo","Las Vegas Blvd S, Las Vegas, NV 89109, USA","(702) 784-7195","https://www.caesars.com/flamingo-las-vegas/restaurants/gordon-ramsay-burger","https://maps.google.com/?cid=17650953007446097806&g_mp=CiVnb29nbGUubWFwcy5wbGFjZXMudjEuUGxhY2VzLkdldFBsYWNlEAIYBCAA","4.5","1927","5","5","1","3","Justin S","3","I ordered the jalapeno poppers, bleu cheese burger, and truffle fries. And a beer. Not the best. A little dry. Apparentl","info@caesars.com","","","","2026-04-29"
"Hash House A Go Go","1 S Main St, Las Vegas, NV 89101, USA","(702) 384-4646","https://plaza.hashhouseagogo.com/","https://maps.google.com/?cid=5492557070599592953&g_mp=CiVnb29nbGUubWFwcy5wbGFjZXMudjEuUGxhY2VzLkdldFBsYWNlEAIYBCAA","4.5","4211","5","5","1","1","Paul Martin","1","I almost never complain about food at a restaurant, but I just left Hash House and told the waiter that the meatloaf was","info@plaza.hashhouseagogo.com","","","","2026-04-29"
"La Mona Rosa","100 S 6th St, Las Vegas, NV 89101, USA","(702) 600-3196","http://lamonarosalv.com/?utm_source=GMB","https://maps.google.com/?cid=2800898396128474280&g_mp=CiVnb29nbGUubWFwcy5wbGFjZXMudjEuUGxhY2VzLkdldFBsYWNlEAIYBCAA","4.4","508","5","5","1","3","Victoria Marie","3","Came for brunch and ordered the chilaquiles verde and bottomless mimosas. The mimosas were strong and served made sure t","user@domain.com","","","",""
"Café Hollywood at Planet Hollywood Resort & Casino","3667 S Las Vegas Blvd, Las Vegas, NV 89109, USA","(702) 732-1222","http://www.thecafehollywood.com/?y_source=1_NDgxNzY4My03MTUtbG9jYXRpb24ud2Vic2l0ZQ%3D%3D","https://maps.google.com/?cid=2167165669434038650&g_mp=CiVnb29nbGUubWFwcy5wbGFjZXMudjEuUGxhY2VzLkdldFBsYWNlEAIYBCAA","4.2","3839","5","5","1","3","Marco Metzger","3","I ate at Cafe Hollywood inside Planet Hollywood during my stay, and the location is extremely convenient. The menu is la","info@thecafehollywood.com","","","","2026-04-29"
"Le Cirque","Bellagio Hotel & Casino, 3600 S Las Vegas Blvd, Las Vegas, NV 89109, USA","(702) 693-8100","https://bellagio.mgmresorts.com/en/restaurants/le-cirque.html?ecid=GMB","https://maps.google.com/?cid=10743306609308335518&g_mp=CiVnb29nbGUubWFwcy5wbGFjZXMudjEuUGxhY2VzLkdldFBsYWNlEAIYBCAA","4.6","733","5","5","1","3","Arturs Mons","3","The service and ambiance at Le Cirque in the Bellagio are great — elegant, attentive, and exactly what you’d expect from","info@bellagio.mgmresorts.com","","","","2026-04-29"
"Vic's Supper Club","355 Promenade Pl, Las Vegas, NV 89106, USA","(725) 755-5299","https://vicslasvegas.com/","https://maps.google.com/?cid=17634389405858271165&g_mp=CiVnb29nbGUubWFwcy5wbGFjZXMudjEuUGxhY2VzLkdldFBsYWNlEAIYBCAA","4.5","448","5","5","1","3","Pamela Nelson","3","Sorry but the food was not up to pare. $68 for a bone in Rib eye. So thin with rib maybe 1p-12 oz. Shrimp cocktail was l","info@vicslasvegas.com","","","","2026-04-29"
"Saginaw's Delicatessen","8 Fremont St, Las Vegas, NV 89101, USA","(702) 726-5506","https://www.circalasvegas.com/drink-dine/saginaws-delicatessen/?utm_source=gmb&utm_medium=organic&utm_campaign=listing","https://maps.google.com/?cid=18355255013318827865&g_mp=CiVnb29nbGUubWFwcy5wbGFjZXMudjEuUGxhY2VzLkdldFBsYWNlEAIYBCAA","3.9","674","5","5","1","2","Todd P","2","I’ve included a photo of their pastrami sandwich vs one I ordered at Sarge’s Deli in NYC for approximately the same pric","info@circalasvegas.com","","","","2026-04-29"
"Primal Steakhouse","3542 S Maryland Pkwy, Las Vegas, NV 89169, USA","(702) 620-5103","http://primalsteakhouse.com/las-vegas","https://maps.google.com/?cid=10422291975710014896&g_mp=CiVnb29nbGUubWFwcy5wbGFjZXMudjEuUGxhY2VzLkdldFBsYWNlEAIYBCAA","4.6","1737","5","5","1","3","Ryan Frockt","3","Probably the best service I've had in a steakhouse in quite a long time.  The live music was great to. The food was mid","info@primalsteakhouse.com","","","","2026-04-29"
"Evel Pie","508 Fremont St, Las Vegas, NV 89101, USA","(702) 840-6460","http://evelpie.com/","https://maps.google.com/?cid=18322153692160646678&g_mp=CiVnb29nbGUubWFwcy5wbGFjZXMudjEuUGxhY2VzLkdldFBsYWNlEAIYBCAA","4.6","6453","5","5","1","3","Terrence Reed","3","A very hectic, yet efficient experience. You walk in, get in line if it’s busy. You can order by the slice or order a wh","info@evelpie.com","","","","2026-04-29"
"Peppermill Restaurant and Fireside Lounge","2985 Las Vegas Blvd S, Las Vegas, NV 89109, USA","(702) 735-4177","http://peppermilllasvegas.com/","https://maps.google.com/?cid=1654429034065460408&g_mp=CiVnb29nbGUubWFwcy5wbGFjZXMudjEuUGxhY2VzLkdldFBsYWNlEAIYBCAA","4.5","19814","5","5","0","4","Cat Evans","4","Price, location amd size of portions are great! Conveniently located right on the Strip and walking distance from many h","ksilva@peppermillcas.com","","","","2026-04-29"
"Mon Ami Gabi","3655 S Las Vegas Blvd South, Las Vegas, NV 89109, USA","(702) 944-4224","https://www.monamigabi.com/las-vegas/?utm_source=google&utm_medium=social&utm_campaign=MAGLV-GBiz","https://maps.google.com/?cid=13999900222816266716&g_mp=CiVnb29nbGUubWFwcy5wbGFjZXMudjEuUGxhY2VzLkdldFBsYWNlEAIYBCAA","4.7","30353","5","5","0","4","Paridhi","4","One of the famous fine dine french restaurants in vegas! Did not get a patio seating despite a reservation which sucked.","info@monamigabi.com","","","","2026-04-29"
"Sparrow + Wolf","4480 Spring Mountain Rd #100, Las Vegas, NV 89102, USA","(702) 790-2147","http://sparrowandwolflv.com/","https://maps.google.com/?cid=18098856909055944741&g_mp=CiVnb29nbGUubWFwcy5wbGFjZXMudjEuUGxhY2VzLkdldFBsYWNlEAIYBCAA","4.6","1737","5","5","0","5","Michael Witte","5","Stop the search and book the reservation.  From the moment we arrived, it was clear this restaurant operates on a differ","info@sparrowandwolflv.com","","","","2026-04-29"
"Alexxa's","3655 S Las Vegas Blvd, Las Vegas, NV 89109, USA","(702) 331-5100","https://alexxaslasvegas.com/","https://maps.google.com/?cid=13455502381751951280&g_mp=CiVnb29nbGUubWFwcy5wbGFjZXMudjEuUGxhY2VzLkdldFBsYWNlEAIYBCAA","4.4","9060","5","5","0","4","José Miguel González Rivera","4","We went to this restaurant for lunch. We ordered the crab cake for the appetizer and one pizza and a pasta (to share). T","user@domain.com","","","",""
"Water Grill Las Vegas","3500 S Las Vegas Blvd G1, Las Vegas, NV 89109, USA","(702) 832-4777","https://www.watergrill.com/vegas","https://maps.google.com/?cid=15610628224907682430&g_mp=CiVnb29nbGUubWFwcy5wbGFjZXMudjEuUGxhY2VzLkdldFBsYWNlEAIYBCAA","4.6","2194","5","5","0","4","Ashley C","4","Today, we’re experiencing Water Grill in Caesars. I love this location because you can eat and get some great shopping a","astansbery@kingsseafood.com","","","","2026-04-29"
"Golden Steer Steakhouse Las Vegas","308 W Sahara Ave, Las Vegas, NV 89102, USA","(702) 384-4470","https://www.goldensteer.com/","https://maps.google.com/?cid=17903321302055996701&g_mp=CiVnb29nbGUubWFwcy5wbGFjZXMudjEuUGxhY2VzLkdldFBsYWNlEAIYBCAA","4.6","5709","5","5","0","4","808 Review Route","4","We recently dined at Golden Steer Steakhouse in Las Vegas and had a mixed experience overall.  We started with the escar","info@goldensteer.com","","","","2026-04-29"
"Eiffel Tower Restaurant","3655 S Las Vegas Blvd, Las Vegas, NV 89109, USA","(702) 948-6937","http://www.eiffeltowerrestaurant.com/","https://maps.google.com/?cid=8696765933320231459&g_mp=CiVnb29nbGUubWFwcy5wbGFjZXMudjEuUGxhY2VzLkdldFBsYWNlEAIYBCAA","4.6","6307","5","5","0","4","Shane Kenny","4","Note- when you pay extra for the Iconic window table, it’s not necessarily the “iconic window table” that’s the front an","info@eiffeltowerrestaurant.com","","","","2026-04-29"
"Carson Kitchen","124 S 6th St #100, Las Vegas, NV 89101, USA","(702) 473-9523","https://www.carsonkitchen.com/","https://maps.google.com/?cid=13055637254038743053&g_mp=CiVnb29nbGUubWFwcy5wbGFjZXMudjEuUGxhY2VzLkdldFBsYWNlEAIYBCAA","4.6","3792","5","5","0","4","Courtney Greeley","4","Carson Kitchen is a solid spot in downtown Las Vegas with a fun, lively atmosphere and a creative menu. We ordered the t","lauren@ellemktg.com","","","","2026-04-29"
"8 East","8 Fremont St, Las Vegas, NV 89101, USA","(702) 726-5508","https://www.circalasvegas.com/drink-dine/8-east/?utm_source=gmb&utm_medium=organic&utm_campaign=listing","https://maps.google.com/?cid=8803243885999280532&g_mp=CiVnb29nbGUubWFwcy5wbGFjZXMudjEuUGxhY2VzLkdldFBsYWNlEAIYBCAA","4.7","1002","5","5","0","4","Lucy Lang","4","Location: 8 east is located on the second floor of Circa Resort & Casino on Fremont St.  Parking: $15 to park for 0-3 ho","info@circalasvegas.com","","","","2026-04-29"
"Nobu Restaurant Las Vegas","3570 Las Vegas Blvd S, Las Vegas, NV 89109, USA","(702) 785-6628","https://www.caesars.com/caesars-palace/restaurants/nobu?utm_campaign=gmb&utm_source=google&utm_medium=local&utm_term=CLV18&utm_content=restaurant&y_source=1_NDM2Njg3NC03MTUtbG9jYXRpb24ud2Vic2l0ZQ%3D%3D","https://maps.google.com/?cid=3767937135231407065&g_mp=CiVnb29nbGUubWFwcy5wbGFjZXMudjEuUGxhY2VzLkdldFBsYWNlEAIYBCAA","4.3","2442","5","5","0","4","Vy H.","4","Overall food is good but overpriced for the quantity.  Came here Saturday night for dinner—had reservations but still ha","info@caesars.com","","","","2026-04-29"
"Mercato Della Pescheria Las Vegas","3377 S Las Vegas Blvd Suite 2410, Las Vegas, NV 89109, USA","(702) 837-0390","https://www.mercatodellapescheria.com/las-vegas-locations/","https://maps.google.com/?cid=1152561854132269580&g_mp=CiVnb29nbGUubWFwcy5wbGFjZXMudjEuUGxhY2VzLkdldFBsYWNlEAIYBCAA","4.7","2700","5","5","0","4","Bobeccan","4","After walking around the Strip all day, we were exhausted and hungry by the time it was around 10 p.m. We were passing t","miami@mercatodellapescheria.com","","","","2026-04-29"
"Nacho Daddy - Downtown","121 N 4th St, Las Vegas, NV 89101, USA","(702) 778-7800","http://www.nachodaddy.com/","https://maps.google.com/?cid=14565512590049271497&g_mp=CiVnb29nbGUubWFwcy5wbGFjZXMudjEuUGxhY2VzLkdldFBsYWNlEAIYBCAA","4.4","8151","5","5","0","4","Cyn-D McConkey","4","Been wanting to try this place thr last 3 visits to Vegas and this time I made it happen. Yes, I know there was another","info@nachodaddy.com","","","","2026-04-29"
"Mother Wolf Las Vegas","2777 S Las Vegas Blvd, Las Vegas, NV 89109, USA","(702) 678-9170","https://www.motherwolflv.com/","https://maps.google.com/?cid=13497242728161290190&g_mp=CiVnb29nbGUubWFwcy5wbGFjZXMudjEuUGxhY2VzLkdldFBsYWNlEAIYBCAA","4.4","753","5","5","0","5","Henry Park","5","Every time I come to Fontainebleau, this is an absolute must-visit. Hands down one of the best Italian restaurants in La","info@motherwolflv.com","","","","2026-04-29"
"PublicUs","1126 E Fremont St, Las Vegas, NV 89101, USA","(702) 331-5500","http://www.publicuslv.com/","https://maps.google.com/?cid=1365349470747652924&g_mp=CiVnb29nbGUubWFwcy5wbGFjZXMudjEuUGxhY2VzLkdldFBsYWNlEAIYBCAA","4.7","2766","5","5","0","5","Staci Alayvilla","5","This has to be one of my absolute favorite places to go for brunch. Only downfall is it gets very busy however the food","info@publicuslv.com","","","","2026-04-29"
"Bacchanal Buffet","3570 Las Vegas Blvd S, Las Vegas, NV 89109, USA","(702) 731-7928","https://www.caesars.com/caesars-palace/restaurants/bacchanal-buffet?utm_campaign=gmb&utm_source=google&utm_medium=local&utm_term=CLV10&utm_content=restaurant&y_source=1_NDM2Njg2OC03MTUtbG9jYXRpb24ud2Vic2l0ZQ%3D%3D","https://maps.google.com/?cid=8725596967883348760&g_mp=CiVnb29nbGUubWFwcy5wbGFjZXMudjEuUGxhY2VzLkdldFBsYWNlEAIYBCAA","3.9","14300","5","5","0","4","EP Eats & Reviews","4","⭐⭐⭐⭐☆ (4/5)  This was my second visit to Bacchanal Buffet, but my first time actually reviewing it — and I’ll say this:","info@caesars.com","","","","2026-04-29"
"Chin Chin Las Vegas","3790 S Las Vegas Blvd, Las Vegas, NV 89109, USA","(702) 740-6300","https://chinchin.com/location/las-vegas","https://maps.google.com/?cid=6933714666398278657&g_mp=CiVnb29nbGUubWFwcy5wbGFjZXMudjEuUGxhY2VzLkdldFBsYWNlEAIYBCAA","4.4","3825","5","5","0","5","The Mid-Watch","5","We stopped in here for a quick bite before heading to the airport and I'm so glad we did. It's located really close to t","info@chinchin.com","","","","2026-04-29"
"Pizza Rock","201 N 3rd St, Las Vegas, NV 89101, USA","(702) 385-0838","http://www.pizzarocklasvegas.com/","https://maps.google.com/?cid=15492167241956719853&g_mp=CiVnb29nbGUubWFwcy5wbGFjZXMudjEuUGxhY2VzLkdldFBsYWNlEAIYBCAA","4.5","8344","5","5","0","5","808 Review Route","5","Pizza Rock is easily one of my top five pizza spots. Everything we’ve tried there has been tasty and well-executed — fro","info@pizzarocklasvegas.com","","","","2026-04-29"
"Triple George Grill","201 N 3rd St, Las Vegas, NV 89101, USA","(702) 384-2761","http://www.triplegeorgegrill.com/?utm_source=google&utm_medium=organic&utm_campaign=GMB","https://maps.google.com/?cid=5889552003423673483&g_mp=CiVnb29nbGUubWFwcy5wbGFjZXMudjEuUGxhY2VzLkdldFBsYWNlEAIYBCAA","4.5","2384","5","5","0","5","Maria Laoudikou","5","We had an outstanding dining experience at Triple George Grill in Las Vegas, and it was easily one of the best meals we","info@triplegeorgegrill.com","","","","2026-04-29"
"Eureka! Discover American Craft","520 Fremont St, Las Vegas, NV 89101, USA","(702) 570-3660","https://eurekarestaurantgroup.com/locations/las-vegas/","https://maps.google.com/?cid=10611506297059293668&g_mp=CiVnb29nbGUubWFwcy5wbGFjZXMudjEuUGxhY2VzLkdldFBsYWNlEAIYBCAA","4.6","1925","5","5","0","4","The Radish Spirit","4","The service was excellent and the prices were very reasonable. Overall, the food was good. The chicken was very juicy, w","guestservices@eurekarestaurantgroup.com","","","",""
"Andiamo Steakhouse","301 Fremont St, Las Vegas, NV 89101, USA","(702) 388-2400","https://www.thed.com/bars-dining/dining/andiamo-steakhouse/?utm_source=gmb&utm_medium=organic&utm_campaign=listing","https://maps.google.com/?cid=5440320044988673060&g_mp=CiVnb29nbGUubWFwcy5wbGFjZXMudjEuUGxhY2VzLkdldFBsYWNlEAIYBCAA","4.6","2029","5","5","0","5","Robert Summers","5","Absolutely love this place!  Old school Italian steakhouse inside the D Hotel in downtown Vegas.  The service is always","info@thed.com","","","","2026-04-29"
"Park On Fremont","506 Fremont St, Las Vegas, NV 89101, USA","(702) 376-0177","http://www.parkonfremont.com/?utm_source=GMB","https://maps.google.com/?cid=356093266931520231&g_mp=CiVnb29nbGUubWFwcy5wbGFjZXMudjEuUGxhY2VzLkdldFBsYWNlEAIYBCAA","4.4","2275","5","5","0","5","Jeri Kjerstad","5","Great Burger, and burrata salad! Drinks were yum... yes do the breakfast butterscotch whiskey shot! The decor and atmosp","user@domain.com","","","",""
"Heart Attack Grill","450 Fremont St #130, Las Vegas, NV 89101, USA","(702) 706-7568","http://www.heartattackgrill.com/","https://maps.google.com/?cid=4607163396155347385&g_mp=CiVnb29nbGUubWFwcy5wbGFjZXMudjEuUGxhY2VzLkdldFBsYWNlEAIYBCAA","4.2","6389","5","5","0","5","theDSsucks","5","I’ve walked by several times and finally went inside. Got to wear the gown which is clean and not inconvenient or awkwar","info@heartattackgrill.com","","","","2026-04-29"
"Partage","3839 Spring Mountain Rd, Las Vegas, NV 89102, USA","(702) 582-5852","http://www.partage.vegas/","https://maps.google.com/?cid=11580803800356118655&g_mp=CiVnb29nbGUubWFwcy5wbGFjZXMudjEuUGxhY2VzLkdldFBsYWNlEAIYBCAA","4.7","680","5","5","0","5","Natalia Grishina","5","We had a wonderful dinner at Partage, made truly unforgettable thanks to our waiter, Daniel. From the very beginning, he","contact@partage.vegas","","","","2026-04-29"
"Barry's Downtown Prime","8 Fremont St, Las Vegas, NV 89101, USA","(702) 726-5504","https://www.barrysdowntownprime.com/","https://maps.google.com/?cid=16757338435349530608&g_mp=CiVnb29nbGUubWFwcy5wbGFjZXMudjEuUGxhY2VzLkdldFBsYWNlEAIYBCAA","4.6","1663","5","5","0","4","Bruce","4","Beautiful environment, awesome service and delicious food. The beef carpaccio was good but I wasn’t of a fan of the mayo","info@barrysdowntownprime.com","","","","2026-04-29"
"Downtown Terrace","707 E Fremont St Suite 1170, Las Vegas, NV 89101, USA","(702) 553-2542","http://downtownterracelv.com/","https://maps.google.com/?cid=1534396258647391968&g_mp=CiVnb29nbGUubWFwcy5wbGFjZXMudjEuUGxhY2VzLkdldFBsYWNlEAIYBCAA","4.3","1082","5","5","0","5","Meileh Burns","5","First of all, I didn't realize that this was a container park made of old train car containers. That in and of itself is","info@downtownterracelv.com","","","","2026-04-29"
"7th & Carson","616 E Carson Ave #110, Las Vegas, NV 89101, USA","(702) 868-3355","https://www.7thandcarson.com/","https://maps.google.com/?cid=7740132606051198557&g_mp=CiVnb29nbGUubWFwcy5wbGFjZXMudjEuUGxhY2VzLkdldFBsYWNlEAIYBCAA","4.6","1650","5","5","0","5","Diana","5","My husband is from the UK and he was so happy to see that they have a full Irish Breakfast. He said it is very authentic","info@7thandcarson.com","","","","2026-04-29"
"Hugo's Cellar","202 Fremont Street Experience, Las Vegas, NV 89101, USA","(702) 385-4011","http://www.fourqueens.com/dining/hugos_cellar/index.php","https://maps.google.com/?cid=14312319373111693704&g_mp=CiVnb29nbGUubWFwcy5wbGFjZXMudjEuUGxhY2VzLkdldFBsYWNlEAIYBCAA","4.5","1479","5","5","0","5","Calvin Chang","5","I got the 5 oz filet with lobster tail and shrimp special and a half order of king crab. It came with green beans, a car","reservations@fourqueens.com","","","","2026-04-29"
"Gordon Ramsay Pub & Grill","3570 Las Vegas Blvd S, Las Vegas, NV 89109, USA","(702) 731-7410","https://www.caesars.com/caesars-palace/restaurants/gordon-ramsay-pub-and-grill?utm_campaign=gmb&utm_source=google&utm_medium=local&utm_term=CLV16&utm_content=restaurant&y_source=1_NDM2Njg3My03MTUtbG9jYXRpb24ud2Vic2l0ZQ%3D%3D","https://maps.google.com/?cid=9950491836364517360&g_mp=CiVnb29nbGUubWFwcy5wbGFjZXMudjEuUGxhY2VzLkdldFBsYWNlEAIYBCAA","4.1","9893","5","5","0","4","Adithya Vignesh","4","The food at Gordon Ramsay Pub & Grill in Las Vegas was absolutely fantastic! The butter chicken masala was packed with f","info@caesars.com","","","","2026-04-29"
"Dirt Dog - Fremont","450 Fremont St Ste 123, Las Vegas, NV 89101, USA","(702) 483-5432","https://www.dirtdogla.com/","https://maps.google.com/?cid=17652563788348368743&g_mp=CiVnb29nbGUubWFwcy5wbGFjZXMudjEuUGxhY2VzLkdldFBsYWNlEAIYBCAA","4.9","3326","5","5","0","5","James Coyle","5","A small joint delivering big flavor!! They're doing right here.  Don't think there is a way to go wrong other than not c","info@dirtdogla.com","","","","2026-04-29"
"Fontainebleau Las Vegas","2777 S Las Vegas Blvd, Las Vegas, NV 89109, USA","(702) 678-7777","https://www.fontainebleaulasvegas.com/","https://maps.google.com/?cid=15000247208283159412&g_mp=CiVnb29nbGUubWFwcy5wbGFjZXMudjEuUGxhY2VzLkdldFBsYWNlEAIYBCAA","4.4","9473","5","5","0","5","Kelly White","5","The hotel was absolutely immaculate from the moment we arrived. The level of professionalism from the staff was outstand","info@fontainebleaulasvegas.com","","","","2026-04-29"
"Market Street Café","12 E Ogden Ave, Las Vegas, NV 89101, USA","(702) 385-1222","https://rebrand.ly/market-street-cafe","https://maps.google.com/?cid=3024200525878891322&g_mp=CiVnb29nbGUubWFwcy5wbGFjZXMudjEuUGxhY2VzLkdldFBsYWNlEAIYBCAA","4.2","1878","5","5","0","4","MaMa_MiA","4","This place is a 24h Hawaiian Restaurant. I came here with a group to try the famous oxtail soup (served 11pm- 6am). Ther","info@rebrand.ly","","","","2026-04-29"
"Balla Italian Soul","2535 S Las Vegas Blvd, Las Vegas, NV 89109, USA","(702) 761-7619","https://www.saharalasvegas.com/restaurants-bars/balla","https://maps.google.com/?cid=14661402058909042444&g_mp=CiVnb29nbGUubWFwcy5wbGFjZXMudjEuUGxhY2VzLkdldFBsYWNlEAIYBCAA","4.4","394","5","5","0","4","Tony Skeans","4","Bella Italian Soul inside the Sahara offers a solid start to the night—especially when paired with the Magic Mike Live V","info@saharalasvegas.com","","","","2026-04-29"
"Tamba Las Vegas","6671 Las Vegas Blvd S ste a117, Las Vegas, NV 89119, USA","(702) 798-7889","https://www.tambalasvegas.com/","https://maps.google.com/?cid=6195684553139927997&g_mp=CiVnb29nbGUubWFwcy5wbGFjZXMudjEuUGxhY2VzLkdldFBsYWNlEAIYBCAA","4.6","466","5","5","0","5","James Edwards IV","5","If you're looking for a unique dining experience outside of The Strip, Tamba is the place to go! For Valentine's Day I w","mackenzie@tambalasvegas.com","","","","2026-04-29"
"Top Of Binion's Steakhouse","128 e Fremont St, Las Vegas, NV 89101, USA","(702) 382-1600","http://www.binions.com/dining/binions_steakhouse.php","https://maps.google.com/?cid=12066321632451878202&g_mp=CiVnb29nbGUubWFwcy5wbGFjZXMudjEuUGxhY2VzLkdldFBsYWNlEAIYBCAA","4.6","718","5","5","0","4","Derek Picklesimer","4","The food was not to me or my wife's liking. She did not enjoy her espresso martini but I enjoyed my old fashioned. The f","reservations@binions.com","","","","2026-04-29"
"Mott 32 Las Vegas","3325 S Las Vegas Blvd #206, Las Vegas, NV 89109, USA","(702) 607-3232","https://mott32.com/las-vegas","https://maps.google.com/?cid=2622785029021626957&g_mp=CiVnb29nbGUubWFwcy5wbGFjZXMudjEuUGxhY2VzLkdldFBsYWNlEAIYBCAA","4.2","1434","5","5","0","4","Gordy Singh","4","We were seated in a room with a really cool industrial, rustic Asian vibe. Low lighting and on-point décor set the mood","reservations.lv@mott32.com","","","","2026-04-29"
"Le Thai","523 Fremont St, Las Vegas, NV 89101, USA","(702) 778-0888","http://lethaivegas.com/","https://maps.google.com/?cid=17634881770084158484&g_mp=CiVnb29nbGUubWFwcy5wbGFjZXMudjEuUGxhY2VzLkdldFBsYWNlEAIYBCAA","4.7","3271","5","5","0","4","Sitofa Ligi","4","We were greeted and seated immediately walking in. A good crowd when we arrived. The atmosphere was nice and chill. Pict","info@lethaivegas.com","","","","2026-04-29"
"Alebrijes By Chef Paco","450 Fremont St Suite 310, Las Vegas, NV 89101, USA","(702) 971-5522","https://alebrijesbychefpaco.com/","https://maps.google.com/?cid=16423668099096136365&g_mp=CiVnb29nbGUubWFwcy5wbGFjZXMudjEuUGxhY2VzLkdldFBsYWNlEAIYBCAA","4.9","1359","5","5","0","4","Davis Burton","4","We had a nice lunch on the patio looking over Freemont. It wasn't very busy as we got there just 11:30 on a Sunday. We w","info@alebrijesbychefpaco.com","","","","2026-04-29"
"Redwood Steakhouse","12 E Ogden Ave, Las Vegas, NV 89101, USA","(702) 388-2630","http://thecal.boydgaming.com/dine/redwood-steakhouse","https://maps.google.com/?cid=15923913899891171112&g_mp=CiVnb29nbGUubWFwcy5wbGFjZXMudjEuUGxhY2VzLkdldFBsYWNlEAIYBCAA","4.6","417","5","5","0","4","Gerard Lee","4","After check-in, I walked around the casino looking for a place to have dinner. The most popular was Aloha Specialties, w","info@thecal.boydgaming.com","","","","2026-04-29"
"Istanbul Mediterranean Restaurant-2 (HALAL)","505 Fremont St, Las Vegas, NV 89101, USA","(702) 861-6905","https://www.istanbul2.com/","https://maps.google.com/?cid=6646193219723409065&g_mp=CiVnb29nbGUubWFwcy5wbGFjZXMudjEuUGxhY2VzLkdldFBsYWNlEAIYBCAA","4.9","808","5","5","0","5","CrowAngyl","5","Absolutely love the Beef and Lamb Doner. The quality is amazing and made with care. Staff is very nice and attentive. In","info@istanbul2.com","","","","2026-04-29"
"THE Steak House","2880 S Las Vegas Blvd, Las Vegas, NV 89109, USA","(702) 794-3767","https://www.circuscircus.com/the-steak-house","https://maps.google.com/?cid=432582773287960588&g_mp=CiVnb29nbGUubWFwcy5wbGFjZXMudjEuUGxhY2VzLkdldFBsYWNlEAIYBCAA","4.4","1304","5","5","0","5","Jerry Koren","5","After years of hearing about the best Steakhouse in Las Vegas, and pitching it to my clients ( having only heard about i","info@circuscircus.com","","","","2026-04-29"
"The Diner Nashville","200 3rd Ave S, Nashville, TN 37201, USA","(615) 782-7150","https://www.thediner.com/","https://maps.google.com/?cid=15468983665023559886&g_mp=CiVnb29nbGUubWFwcy5wbGFjZXMudjEuUGxhY2VzLkdldFBsYWNlEAIYBCAA","4.1","6901","5","5","2","2","Bruce Mitchell","2","I liked the open air seating on the second floor; The friendly service; the atmosphere.  The drinks my wife ordered 'Ste","user@domain.com","","","",""
"Martin's Bar-B-Que Joint","410 4th Ave S, Nashville, TN 37201, USA","(615) 288-0880","https://www.martinsbbqjoint.com/downtown-nashville?utm_source=gmb&utm_medium=Yext","https://maps.google.com/?cid=7874948438422664866&g_mp=CiVnb29nbGUubWFwcy5wbGFjZXMudjEuUGxhY2VzLkdldFBsYWNlEAIYBCAA","4.5","11382","5","5","2","3","M B","3","3/5/2026 stopped here for dinner.  Ordered the half rack of dry rub ribs, hush puppies, and the cornbread hoecake.  The","user@domain.com","","","",""
"Friends in Low Places Bar & Honky-Tonk","411 Broadway, Nashville, TN 37203, USA","","https://friendsbarnashville.com/","https://maps.google.com/?cid=10539931453395728987&g_mp=CiVnb29nbGUubWFwcy5wbGFjZXMudjEuUGxhY2VzLkdldFBsYWNlEAIYBCAA","4.6","4240","5","5","2","3","gf.greatlife","3","Giving it a 3 only because of the vibe.  Granted we were there on a Monday (Broadway was still packed!) so it wasn't too","info@friendsbarnashville.com","","","","2026-04-29"
"Bakersfield Nashville","201 3rd Ave S, Nashville, TN 37201, USA","(615) 522-0970","https://www.bakersfieldtacos.com/?utm_source=GoogleBusinessProfile&utm_medium=Website&utm_campaign=MapLabs","https://maps.google.com/?cid=5554820453192343508&g_mp=CiVnb29nbGUubWFwcy5wbGFjZXMudjEuUGxhY2VzLkdldFBsYWNlEAIYBCAA","4.6","2749","5","5","2","3","roostahktchn M","3","The tacos were good but can be better:  1. Fish or shrimp taco: 3/5 - good but toped the shredded plain cabbage without","info@bakersfieldtacos.com","","","","2026-04-29"
"The Hampton Social - Nashville","201 1st Ave S, Nashville, TN 37201, USA","(615) 622-7772","https://www.thehamptonsocial.com/nashville","https://maps.google.com/?cid=7893091571837691917&g_mp=CiVnb29nbGUubWFwcy5wbGFjZXMudjEuUGxhY2VzLkdldFBsYWNlEAIYBCAA","4.9","18349","5","5","1","2","Mrs. Haney","2","Beautifully decorated with live music that was not loud. There was no one at the host stand and it took a little bit bef","info@thehamptonsocial.com","","","",""
"Puckett's Restaurant","500 Church St, Nashville, TN 37219, USA","(615) 770-2772","http://puckettsrestaurant.com/","https://maps.google.com/?cid=6052646246245675915&g_mp=CiVnb29nbGUubWFwcy5wbGFjZXMudjEuUGxhY2VzLkdldFBsYWNlEAIYBCAA","4.4","8974","5","5","1","3","Douglas Matheson","3","So I would love to rate these guys higher than what I did overall service was good atmosphere was nice. The food left a","user@domain.com","","","",""
"Harriet's Rooftop","710 Demonbreun St 19th Floor, Nashville, TN 37203, USA","(615) 510-0426","https://www.1hotels.com/nashville/taste/harriets-rooftop?utm_source=google-gbp&utm_medium=organic&utm_campaign=gbp","https://maps.google.com/?cid=508784848376230211&g_mp=CiVnb29nbGUubWFwcy5wbGFjZXMudjEuUGxhY2VzLkdldFBsYWNlEAIYBCAA","4.5","535","5","5","1","2","Dave Parojinog","2","The food was not fresh. We ordered the omakase-style sashimi, but the tuna smelled bad and the other fish didn’t seem fr","info@1hotels.com","","","","2026-04-29"
"The Twelve Thirty Club","550 Broadway, Nashville, TN 37203, USA","(629) 236-0001","https://thetwelvethirtyclub.com/#section-four?utm_source=google&utm_medium=organic&utm_campaign=maps","https://maps.google.com/?cid=4659232115322920165&g_mp=CiVnb29nbGUubWFwcy5wbGFjZXMudjEuUGxhY2VzLkdldFBsYWNlEAIYBCAA","4.5","2711","5","5","1","3","Jennifer DiPietro","3","This review took me a minute to write because, at first glance, this supper club absolutely delivers a wow factor. The a","marketing@thetwelvethirtyclub.com","","","","2026-04-29"
"Milk & Honey Gulch","214 11th Ave S, Nashville, TN 37203, USA","(615) 712-7466","http://milkandhoneynashville.com/","https://maps.google.com/?cid=6522517722893309773&g_mp=CiVnb29nbGUubWFwcy5wbGFjZXMudjEuUGxhY2VzLkdldFBsYWNlEAIYBCAA","4.4","3678","5","5","1","3","Shri","3","Lemon poppy seed muffin was a bit dry, brunch food was ok but I enjoyed my latte. My friend wanted the blueberry matcha","user@domain.com","","","",""
"Ole Red","300 Broadway, Nashville, TN 37201, USA","(615) 780-0900","http://www.olered.com/nashville","https://maps.google.com/?cid=13660218391140815324&g_mp=CiVnb29nbGUubWFwcy5wbGFjZXMudjEuUGxhY2VzLkdldFBsYWNlEAIYBCAA","4.6","13403","5","5","1","2","Heather Barbie","2","Had higher expectations for this place. Our company had rented it out for the night. Looks super cool! Love the tractor","info@olered.com","","","","2026-04-29"
"Gray & Dudley","222 3rd Ave N, Nashville, TN 37201, USA","(615) 610-6460","https://www.grayanddudley.com/?SEO_id=GMB--R-BNANYUP-1&y_source=1_MTAxOTg4NzQ3OC03MTUtbG9jYXRpb24ud2Vic2l0ZQ%3D%3D","https://maps.google.com/?cid=18073513473803509750&g_mp=CiVnb29nbGUubWFwcy5wbGFjZXMudjEuUGxhY2VzLkdldFBsYWNlEAIYBCAA","4.5","569","5","5","1","3","Misty","3","Pretty restaurant. But the servers seemed stretched thin so the service was nice but very slow. Food wasn't as good as w","info@grayanddudley.com","","","","2026-04-29"
"Hand Cut Nashville","135 7th Ave S, Nashville, TN 37203, USA","(615) 465-2435","https://handcutchophouse.com/","https://maps.google.com/?cid=6055164081370888232&g_mp=CiVnb29nbGUubWFwcy5wbGFjZXMudjEuUGxhY2VzLkdldFBsYWNlEAIYBCAA","4.5","1063","5","5","1","3","Doug Duff","3","We showed up at 530pm (with a reservation) and the hostess seated us next to another couple, very close to each other. B","info@handcutchophouse.com","","","","2026-04-29"
"Acme Feed & Seed","101 Broadway, Nashville, TN 37201, USA","(615) 915-0888","https://www.acmefeedandseed.com/","https://maps.google.com/?cid=7044471688452009327&g_mp=CiVnb29nbGUubWFwcy5wbGFjZXMudjEuUGxhY2VzLkdldFBsYWNlEAIYBCAA","4.4","6795","5","5","1","3","char","3","I loved the atmosphere , location and definitely the service .. I was disappointed in the food it self especially after","info@theacmenashville.com","","","","2026-04-29"
"Gathre","1810 Broadway, Nashville, TN 37203, USA","(629) 250-3410","https://www.gathrenashville.com/?SEO_id=GMB--R-BNAMOQQ-1&y_source=1_MTAxOTc5OTg3NS03MTUtbG9jYXRpb24ud2Vic2l0ZQ%3D%3D","https://maps.google.com/?cid=10744637544034415917&g_mp=CiVnb29nbGUubWFwcy5wbGFjZXMudjEuUGxhY2VzLkdldFBsYWNlEAIYBCAA","4.6","663","5","5","1","2","rebecca eason","2","I wish I could give this place a higher rating. While the inside of the restaurant is quite lovely the service and food","info@gathrenashville.com","","","","2026-04-29"
"The Finch","111 10th Ave S #310, Nashville, TN 37203, USA","(615) 703-8020","https://www.thefinchnashville.com/","https://maps.google.com/?cid=8700175714644918899&g_mp=CiVnb29nbGUubWFwcy5wbGFjZXMudjEuUGxhY2VzLkdldFBsYWNlEAIYBCAA","4.8","4470","5","5","0","4","Nikkie Key","4","Super cute establishment. I would definitely return for the drinks. Will was our bartender, and he did not disappoint. T","info@thefinchnashville.com","","","","2026-04-29"
"The Stillery","113 2nd Ave N, Nashville, TN 37201, USA","(615) 942-8080","http://www.thestillery.com/","https://maps.google.com/?cid=12561200058311051231&g_mp=CiVnb29nbGUubWFwcy5wbGFjZXMudjEuUGxhY2VzLkdldFBsYWNlEAIYBCAA","4.6","4434","5","5","0","4","Kelly Wood","4","Our waiter was not very personable. We wondered if it was just how busy it was, but he forgot a drink and there was a lo","info@thestillery.com","","","","2026-04-29"
"Lockeland Table","1520 Woodland St, Nashville, TN 37206, USA","(615) 228-4864","http://www.lockelandtable.com/","https://maps.google.com/?cid=13236255427409060361&g_mp=CiVnb29nbGUubWFwcy5wbGFjZXMudjEuUGxhY2VzLkdldFBsYWNlEAIYBCAA","4.6","1386","5","5","0","4","mark miller","4","Landing in Nashville in the afternoon, we were thrilled to find a farm to table dinner option right across the street fr","cara@lockelandtable.com","","","","2026-04-29"
"Assembly Food Hall","5055 Broadway, Nashville, TN 37203, USA","(615) 800-5395","https://www.assemblyfoodhall.com/","https://maps.google.com/?cid=12003880854105045741&g_mp=CiVnb29nbGUubWFwcy5wbGFjZXMudjEuUGxhY2VzLkdldFBsYWNlEAIYBCAA","4.7","6563","5","5","0","4","Nehal","4","The Assembly Food Hall is one of the most popular and sought after tourist destinations in Nashville. It is spread acros","info@assemblyfoodhall.com","","","","2026-04-29"
"Bungalow 10 Dining","1910 Belcourt Ave, Nashville, TN 37212, USA","(615) 678-6431","https://www.bungalow10dining.com/","https://maps.google.com/?cid=2218854889639722003&g_mp=CiVnb29nbGUubWFwcy5wbGFjZXMudjEuUGxhY2VzLkdldFBsYWNlEAIYBCAA","4.7","2189","5","5","0","5","Elle Affair Event Planning","5","I was blessed not once, but twice in one day by Chef Gerrard—and I didn’t even know it at first. We had no idea the same","info@bungalow10dining.com","","","","2026-04-29"
"Darfons Restaurant + Bar","2810 Elm Hill Pike, Nashville, TN 37214, USA","(615) 889-3032","http://www.darfonsrestaurant.com/","https://maps.google.com/?cid=4111325315517867543&g_mp=CiVnb29nbGUubWFwcy5wbGFjZXMudjEuUGxhY2VzLkdldFBsYWNlEAIYBCAA","4.6","4814","5","5","0","5","William Hein (Bill)","5","First time to restaurant bringing Daughter for birthday celebration. Appetizer of Lobster Ravioli was tasty (but I perso","darfonsrestaurant@yahoo.com","","","",""
"etch","303 Demonbreun St, Nashville, TN 37201, USA","(615) 522-0685","https://etchrestaurant.com/","https://maps.google.com/?cid=6005516580883070453&g_mp=CiVnb29nbGUubWFwcy5wbGFjZXMudjEuUGxhY2VzLkdldFBsYWNlEAIYBCAA","4.7","1976","5","5","0","4","Ryan Hughes","4","A really nice restaurant with top notch service.  I sat at the counter which provides a neat look into the busy kitchen.","info@etchrestaurant.com","","","","2026-04-29"
"Boqueria Fifth + Broadway","5005 Broadway, Nashville, TN 37203, USA","(615) 245-7160","https://boqueriarestaurant.com/location/nsh-fifth-broadway/?utm_source=organic&utm_medium=gmb","https://maps.google.com/?cid=14148742965079067560&g_mp=CiVnb29nbGUubWFwcy5wbGFjZXMudjEuUGxhY2VzLkdldFBsYWNlEAIYBCAA","4.7","1928","5","5","0","5","Allison J.","5","Great food. They serve small plates, we didn’t know that, but we had a great server that day. We got there an hour befor","info@boqueriarestaurant.com","","","","2026-04-29"
"Husk Nashville","37 Rutledge St, Nashville, TN 37210, USA","(615) 256-6565","http://www.husknashville.com/","https://maps.google.com/?cid=163690886611976298&g_mp=CiVnb29nbGUubWFwcy5wbGFjZXMudjEuUGxhY2VzLkdldFBsYWNlEAIYBCAA","4.5","2996","5","5","0","4","Tammi J","4","Had dinner here with a colleague of mine and thought the food was OK. I think we dyed hair at the wrong season because t","info@husknashville.com","","","","2026-04-29"
"417 Union","417 Union St, Nashville, TN 37219, USA","(615) 401-7241","https://www.417union.com/","https://maps.google.com/?cid=10568283949347898939&g_mp=CiVnb29nbGUubWFwcy5wbGFjZXMudjEuUGxhY2VzLkdldFBsYWNlEAIYBCAA","4.6","1780","5","5","0","4","Cheryll Lewis","4","Best pancakes lemon blueberry soooo good, fluffy, not soggy full of flavor. Strawberry lemonade was fresh squeezed real","417union@gmail.com","","","","2026-04-29"
"Adele's","1210 McGavock St, Nashville, TN 37203, USA","(615) 988-9700","https://adelesrestaurant.getbento.com/","https://maps.google.com/?cid=2099318468620838718&g_mp=CiVnb29nbGUubWFwcy5wbGFjZXMudjEuUGxhY2VzLkdldFBsYWNlEAIYBCAA","4.5","2738","5","5","0","5","Tametrice Porter","5","This was our second year in a row that we decided to celebrate our wedding anniversary at Adele’s. Yesterday, Travis and","info@adelesnashville.com.reservations","","","","2026-04-29"
"The Farm House","210 Almond St, Nashville, TN 37201, USA","(615) 522-0688","https://thefarmhousetn.com/","https://maps.google.com/?cid=9749908023053790209&g_mp=CiVnb29nbGUubWFwcy5wbGFjZXMudjEuUGxhY2VzLkdldFBsYWNlEAIYBCAA","4.4","1134","5","5","0","4","Charles Conti","4","Went in for brunch because it was close to the hotel we were staying at. It had good reviews on Google so the four of us","info@thefarmhousetn.com","","","","2026-04-29"
"Jeff Ruby's Steakhouse","300 4th Ave N, Nashville, TN 37219, USA","(615) 434-4300","http://www.jeffruby.com/nashville","https://maps.google.com/?cid=9749053997957150805&g_mp=CiVnb29nbGUubWFwcy5wbGFjZXMudjEuUGxhY2VzLkdldFBsYWNlEAIYBCAA","4.7","3391","5","5","0","5","Elvis Huff","5","Great experience!! My friend and I went to Jeff Ruby‘s for dinner and had an amazing experience. The entire staff was to","info@jeffruby.com","","","","2026-04-29"
"Aba Nashville","435 Houston St, Nashville, TN 37203, USA","(629) 270-9501","https://www.abarestaurants.com/nashville","https://maps.google.com/?cid=17292210201621185609&g_mp=CiVnb29nbGUubWFwcy5wbGFjZXMudjEuUGxhY2VzLkdldFBsYWNlEAIYBCAA","4.9","2644","5","5","0","4","Brianne M","4","ABA is an absolutely beautiful Mediterranean-style restaurant with incredibly delicious food. Every dish we had was flav","info@abarestaurants.com","","","",""
"Sixty Vines","5055 Broadway Suite 3200, Nashville, TN 37203, USA","(615) 610-9330","https://www.sixtyvines.com/locations/nashville","https://maps.google.com/?cid=15828789826372707220&g_mp=CiVnb29nbGUubWFwcy5wbGFjZXMudjEuUGxhY2VzLkdldFBsYWNlEAIYBCAA","4.7","1623","5","5","0","5","Renee Divine","5","Probably the best food I’ve had since arriving in Nashville! Situated on the rooftop of the Assembly Food Hall, it has a","nashville@sixtyvines.com","","","","2026-04-29"
"Skull's Rainbow Room","222 Printers Alley, Nashville, TN 37219, USA","(615) 810-9631","http://skullsrainbowroom.com/","https://maps.google.com/?cid=16599841109210531003&g_mp=CiVnb29nbGUubWFwcy5wbGFjZXMudjEuUGxhY2VzLkdldFBsYWNlEAIYBCAA","4.6","3039","5","5","0","4","tera simon","4","Walking into the restaurant was like stepping into another time. The dark, speakeasy vibe with the pianist playing softl","info@skullsrainbowroom.com","","","","2026-04-29"
"The Southern Steak & Oyster","150 3rd Ave S #110, Nashville, TN 37201, USA","(615) 636-2626","http://thesouthernnashville.com/","https://maps.google.com/?cid=9196215542020637725&g_mp=CiVnb29nbGUubWFwcy5wbGFjZXMudjEuUGxhY2VzLkdldFBsYWNlEAIYBCAA","4.5","3881","5","5","0","5","Michael Valeron","5","We came because of the other reviews and were not disappointed. The restaurant was only serving a brunch on Sunday at 3p","info@thesouthernnashville.com","","","","2026-04-29"
"The Standard","167 Rosa L Parks Blvd, Nashville, TN 37203, USA","(615) 254-1277","http://www.smithhousenashville.com/","https://maps.google.com/?cid=4298314143845771189&g_mp=CiVnb29nbGUubWFwcy5wbGFjZXMudjEuUGxhY2VzLkdldFBsYWNlEAIYBCAA","4.7","996","5","5","0","4","Tim Simounet","4","I'm told presentation is 75%. And all the food looked great. After talking with my Executive Chief Friend at Juniper in","info@smithhousenashville.com","","","","2026-04-29"
"The Nashville Grange","1000 Broadway, Nashville, TN 37203, USA","(615) 622-1234","https://thenashvillegrange.com/food-and-drink/?utm_source=google&utm_medium=lastmile&utm_campaign=bnarn-r-gran","https://maps.google.com/?cid=7135958454759264023&g_mp=CiVnb29nbGUubWFwcy5wbGFjZXMudjEuUGxhY2VzLkdldFBsYWNlEAIYBCAA","4.3","135","5","5","0","4","Kathy","4","Went for a business lunch. There were six of us and we had a reservation. The service was painfully slow and there were","info@thenashvillegrange.com","","","","2026-04-29"
"Gannons Nashville","170 4th Ave N, Nashville, TN 37219, USA","(615) 920-6792","https://www.gannonsnashville.com/","https://maps.google.com/?cid=8136314441569783265&g_mp=CiVnb29nbGUubWFwcy5wbGFjZXMudjEuUGxhY2VzLkdldFBsYWNlEAIYBCAA","4.7","456","5","5","0","5","Micah Robinson","5","Was staying at the Courtyard Marriott for work and stopped in for dinner. I had a Steak and wedge salad. It came with a","info@gannonsnashville.com","","","","2026-04-29"
"Jason Aldean's Kitchen + Rooftop Bar","307 Broadway, Nashville, TN 37201, USA","(615) 514-1537","https://jasonaldeansbar.com/nashville/?utm_source=Google_GMB","https://maps.google.com/?cid=14886237145666780753&g_mp=CiVnb29nbGUubWFwcy5wbGFjZXMudjEuUGxhY2VzLkdldFBsYWNlEAIYBCAA","4.1","4429","5","5","0","4","Douglas Matheson","4","So let me start by saying the atmosphere here is off the hook. The place is very clean. The staff is very friendly and t","info@jasonaldeansbar.com","","","","2026-04-29"
"Fifth + Broadway","5036 Broadway, Nashville, TN 37203, USA","(615) 416-6400","https://fifthandb.com/?utm_source=2060digital&utm_medium=localseo&utm_campaign=gbp","https://maps.google.com/?cid=10309123121806160852&g_mp=CiVnb29nbGUubWFwcy5wbGFjZXMudjEuUGxhY2VzLkdldFBsYWNlEAIYBCAA","4.7","3063","5","5","0","4","Niki Vasiliadis","4","Good spot for shopping while visiting or staying Downtown. There is an Ariat, Carhart and Sephora store, so pretty much","info@fifthandb.com","","","","2026-04-29"
"Miranda Lambert's Casa Rosa","308 Broadway, Nashville, TN 37201, USA","(615) 309-6295","https://casarosanashville.com/?utm_source=Google_GMB","https://maps.google.com/?cid=7618898991730766015&g_mp=CiVnb29nbGUubWFwcy5wbGFjZXMudjEuUGxhY2VzLkdldFBsYWNlEAIYBCAA","4.3","2955","5","5","0","4","Stephanie Bim","4","Great experience! I love Miranda Lambert and her songs! But I was disappointed that any of her songs were played during","info@casarosanashville.com","","","","2026-04-29"
"The Mockingbird","121 12th Ave N, Nashville, TN 37203, USA","(615) 741-9900","https://www.mockingbirdnashville.com/","https://maps.google.com/?cid=11229118178080628253&g_mp=CiVnb29nbGUubWFwcy5wbGFjZXMudjEuUGxhY2VzLkdldFBsYWNlEAIYBCAA","4.5","1891","5","5","0","4","C Trinidad","4","Food and service were great overall. The burger was well cooked, but the fries were overseasoned with paprika to the poi","info@mockingbirdnashville.com","","","","2026-04-29"
"Noko","701 Porter Rd, Nashville, TN 37206, USA","(615) 712-6894","http://www.nokonashville.com/","https://maps.google.com/?cid=1788147378836837927&g_mp=CiVnb29nbGUubWFwcy5wbGFjZXMudjEuUGxhY2VzLkdldFBsYWNlEAIYBCAA","4.9","1025","5","5","0","4","Brent N","4","4.3 / 5 - fair score for the experience.  The place has potential. Just missed the mark on our visit. Ordered a nice sak","info@nokonashville.com","","","","2026-04-29"
"Urban Grub","2506 12th Ave S, Nashville, TN 37204, USA","(615) 679-9342","https://urbangrub.net/","https://maps.google.com/?cid=14682652278160509773&g_mp=CiVnb29nbGUubWFwcy5wbGFjZXMudjEuUGxhY2VzLkdldFBsYWNlEAIYBCAA","4.6","3141","5","5","0","4","Jennifer Marie","4","My husband took me here for my birthday on a cold rainy October evening. The building itself is very aesthetically pleas","user@domain.com","","","",""
"Bourbon Steak by Michael Mina","201 8th Ave S 34th floor, Nashville, TN 37203, USA","(629) 208-8440","http://www.nashvillebourbonsteak.com/","https://maps.google.com/?cid=13071665026853249327&g_mp=CiVnb29nbGUubWFwcy5wbGFjZXMudjEuUGxhY2VzLkdldFBsYWNlEAIYBCAA","4.6","2650","5","5","0","5","Jenny Fitzsimmons","5","My boyfriend and I decided to celebrate his birthday at BSH and we were absolutely blown away. The food was impeccable,","jwnashvillebourbonsteakreservations@turnberry.com","","","","2026-04-29"
"Roze Pony","5133 Harding Pike, Nashville, TN 37205, USA","(615) 942-5057","http://www.rozepony.com/","https://maps.google.com/?cid=3058001317358812233&g_mp=CiVnb29nbGUubWFwcy5wbGFjZXMudjEuUGxhY2VzLkdldFBsYWNlEAIYBCAA","4.6","276","5","5","0","4","Pejmaan Yazarlou","4","Stopped in for lunch today and it was nearly full so we were promptly seated. They remained that busy throughout out vis","info@rozepony.com","","","","2026-04-29"
"Pelato - Nashville","1300 3rd Ave N, Nashville, TN 37208, USA","(615) 953-0012","http://pelatorestaurant.com/","https://maps.google.com/?cid=9301552222470420162&g_mp=CiVnb29nbGUubWFwcy5wbGFjZXMudjEuUGxhY2VzLkdldFBsYWNlEAIYBCAA","4.8","3648","5","5","0","5","Paridhi","5","We had a great experience dining at pelato. Its a famous italian restaurant in the heart of Nashville. Food is awesome.","info@pelatorestaurant.com","","","","2026-04-29"
"NashHouse Southern Spoon and Saloon","114 8th Ave S, Nashville, TN 37203, USA","(629) 234-2858","https://www.nashhousesaloon.com/","https://maps.google.com/?cid=3202988429807273170&g_mp=CiVnb29nbGUubWFwcy5wbGFjZXMudjEuUGxhY2VzLkdldFBsYWNlEAIYBCAA","4.2","2158","5","5","0","4","John Evans","4","Walked by this place late night and decided to try it the next day for dinner. Very good salmon dish. Nice to sit inside","info@nashhousesaloon.com","","","","2026-04-29"
"Margaritaville Restaurant - Nashville","322 Broadway 2nd floor, Nashville, TN 37201, USA","(615) 208-9080","https://www.margaritavillenashville.com/","https://maps.google.com/?cid=1693054409170689582&g_mp=CiVnb29nbGUubWFwcy5wbGFjZXMudjEuUGxhY2VzLkdldFBsYWNlEAIYBCAA","4.2","7102","5","5","0","4","Brandi Taylor","4","Great place, fun atmosphere. Service was on point. Ordered a gluten free burger. When it came out, I asked again that it","info@margaritavillenashville.com","","","","2026-04-29"
"The Lookout at Ole Red","300 Broadway, Nashville, TN 37201, USA","(615) 780-0900","https://olered.com/nashville/private-events/the-lookout/","https://maps.google.com/?cid=16766027177098891781&g_mp=CiVnb29nbGUubWFwcy5wbGFjZXMudjEuUGxhY2VzLkdldFBsYWNlEAIYBCAA","4.6","1342","5","5","0","4","Marc Laplante","4","Chicken and waffles were great (tasty and moist). Fries were terrible (bland somehow chewy because they were stale). Mac","info@olered.com","","","","2026-04-29"
"House of Cards","Lower Level, 119 3rd Ave S, Nashville, TN 37201, USA","(615) 730-8326","http://www.hocnashville.com/","https://maps.google.com/?cid=9850895776492157410&g_mp=CiVnb29nbGUubWFwcy5wbGFjZXMudjEuUGxhY2VzLkdldFBsYWNlEAIYBCAA","4.5","1818","5","5","0","5","Jonathon Reckles","5","Great experience! We went for Valentines Day and were impressed from start to finish. We liked the fact that it’s hidden","info@hocnashville.com","","","","2026-04-29"
"Bastion","434 Houston St STE 110, Nashville, TN 37203, USA","(615) 490-8434","http://www.bastionnashville.com/","https://maps.google.com/?cid=16881045256164078770&g_mp=CiVnb29nbGUubWFwcy5wbGFjZXMudjEuUGxhY2VzLkdldFBsYWNlEAIYBCAA","4.8","634","5","5","0","5","J. Medeiros","5","Very, very good, but not worth the $250 per person, Michelin star or not.  Set in a hideaway, in a light industrial area","user@domain.com","","","",""
"Luke's 32 Bridge","301 Broadway, Nashville, TN 37201, USA","(615) 514-2031","http://lukes32bridge.com/?utm_source=Google_GMB","https://maps.google.com/?cid=6508774453375163649&g_mp=CiVnb29nbGUubWFwcy5wbGFjZXMudjEuUGxhY2VzLkdldFBsYWNlEAIYBCAA","4.3","4414","5","5","0","4","Nestor Torres","4","Great location right on the main strip on Broadway. The service is excellent and the atmosphere perfect. The food was gr","info@lukes32bridge.com","","","","2026-04-29"
"Marsh House","401 11th Ave S, Nashville, TN 37203, USA","(615) 262-6001","https://www.marshhouserestaurant.com/","https://maps.google.com/?cid=17033774303506146688&g_mp=CiVnb29nbGUubWFwcy5wbGFjZXMudjEuUGxhY2VzLkdldFBsYWNlEAIYBCAA","4.6","982","5","5","0","4","Adam and Krista","4","The Marsh House is located inside the Thompson Hotel in the Gulch district. My wife and I decided to eat at this restaur","user@domain.com","","","",""
"Champy's Nashville","204 3rd Ave S, Nashville, TN 37201, USA","(629) 202-8728","https://champyschicken.com/locations/nashville-tn","https://maps.google.com/?cid=13071242742652969435&g_mp=CiVnb29nbGUubWFwcy5wbGFjZXMudjEuUGxhY2VzLkdldFBsYWNlEAIYBCAA","4.8","344","5","5","0","5","Jordan Maddox","5","We went on a Thursday night before the Predators hockey game. The service was excellent. Whether it was the server, bart","nashville@champyschicken.com","","","","2026-04-29"
"The 404 Kitchen","507 12th Ave S Fl 2, Nashville, TN 37203, USA","(615) 251-1404","","https://maps.google.com/?cid=9762889789869961602&g_mp=CiVnb29nbGUubWFwcy5wbGFjZXMudjEuUGxhY2VzLkdldFBsYWNlEAIYBCAA","4.2","871","5","5","0","4","Alice Iu","4","We tried 6 different cocktails and they were all very good. The vibe  and decorations was nice and not too stuffy. The s","","","","",""
"1 Kitchen","710 Demonbreun St, Nashville, TN 37203, USA","(615) 993-5988","https://www.1hotels.com/nashville/taste/1-kitchen?utm_source=google-gbp&utm_medium=organic&utm_campaign=gbp","https://maps.google.com/?cid=3327354169429373175&g_mp=CiVnb29nbGUubWFwcy5wbGFjZXMudjEuUGxhY2VzLkdldFBsYWNlEAIYBCAA","4.5","425","5","5","0","4","Brent N","4","4.4 / 5 on style and elegance. Food and service were just okay. Maybe because it was happy hour?  Service was polite but","b@1hotels.com","","","","2026-04-29"
"Luogo","211 12th Ave S, Nashville, TN 37203, USA","(615) 988-8200","http://www.luogorestaurant.com/","https://maps.google.com/?cid=15617283214036993743&g_mp=CiVnb29nbGUubWFwcy5wbGFjZXMudjEuUGxhY2VzLkdldFBsYWNlEAIYBCAA","4.7","1575","5","5","0","5","Emily Xavier","5","I rarely give five-star reviews unless a place goes above and beyond excellent. If I could give more than five stars, I","info@luogorestaurant.com","","","","2026-04-29"
"Pinewood","33 Peabody St, Nashville, TN 37210, USA","(615) 751-8111","http://pinewoodsocial.com/","https://maps.google.com/?cid=7072150385727918446&g_mp=CiVnb29nbGUubWFwcy5wbGFjZXMudjEuUGxhY2VzLkdldFBsYWNlEAIYBCAA","4.6","7758","5","5","0","5","Michael Stein","5","This is my first time here, but it definitely won’t be my last! Pictured are the shrimp and grits, challah French toast,","info@pinewoodsocial.com","","","","2026-04-29"
"Oak Steakhouse","801 Clark Pl, Nashville, TN 37203, USA","(615) 902-3111","https://www.oaksteakhouse.com/location/oak-steakhouse-nashville/?y_source=1_ODE4NDQwODMtNzE1LWxvY2F0aW9uLndlYnNpdGU%3D","https://maps.google.com/?cid=15256085849180159748&g_mp=CiVnb29nbGUubWFwcy5wbGFjZXMudjEuUGxhY2VzLkdldFBsYWNlEAIYBCAA","4.6","1682","5","5","0","5","Julie McCowan","5","Friday night Dinner day after Christmas. We had a wonderful experience at Oak, and Lindsey truly made our night exceptio","info@oaksteakhouse.com","","","","2026-04-29"
"Stateside Kitchen","210 4th Ave N, Nashville, TN 37219, USA","(615) 622-0600","https://www.statesidenashville.com/?utm_source=google&utm_medium=lastmile&utm_campaign=bnadz-r-stat","https://maps.google.com/?cid=12621713456651854064&g_mp=CiVnb29nbGUubWFwcy5wbGFjZXMudjEuUGxhY2VzLkdldFBsYWNlEAIYBCAA","4.5","1321","5","5","0","4","Theodore Taylor","4","I stayed at the Dream for four nights and I assume the food I ordered in the coffee shop up front came from this place s","info@statesidenashville.com","","","","2026-04-29"
"9 Mile Station","Ponce City Market, 1829, 675 Ponce De Leon Ave NE, Atlanta, GA 30308, USA","(770) 999-1532","http://www.9milestation.com/","https://maps.google.com/?cid=5707369445921102495&g_mp=CiVnb29nbGUubWFwcy5wbGFjZXMudjEuUGxhY2VzLkdldFBsYWNlEAIYBCAA","4.8","8571","5","5","2","3","Que The Traveler","3","My experience at The Nine Mile Station was pretty cool overall. I ordered the chicken sandwich with coleslaw and fries,","user@domain.com","","","",""
"Margaritaville Restaurant - Atlanta","155 Centennial Olympic Park Dr NW, Atlanta, GA 30303, USA","(470) 781-2336","https://www.margaritavilleatlanta.com/","https://maps.google.com/?cid=6482727398846119225&g_mp=CiVnb29nbGUubWFwcy5wbGFjZXMudjEuUGxhY2VzLkdldFBsYWNlEAIYBCAA","4.1","3505","5","5","2","1","Alexandria Broskie","1","Every single plate we ordered had a problem. Hair in food, all of it was burnt/overcooked. The scallops were hocky pucks","info@margaritavilleatlanta.com","","","","2026-04-29"
"Six Feet Under Pub & Fish House - Grant Park","437 Memorial Dr SE Suite #1A, Atlanta, GA 30312, USA","(404) 523-6664","https://www.sixfeetunder.net/","https://maps.google.com/?cid=6948163185367734121&g_mp=CiVnb29nbGUubWFwcy5wbGFjZXMudjEuUGxhY2VzLkdldFBsYWNlEAIYBCAA","4.5","9594","5","5","2","1","Adam Gasper","1","Not sure how this place is still in business. Went here awhile ago and had a bad experience and we put the in a time out","info@sixfeetunder.net","","","","2026-04-29"
"Magic City Kitchen","241 Forsyth St SW Unit A, Atlanta, GA 30303, USA","(404) 495-4808","https://www.magiccitykitchen.com/","https://maps.google.com/?cid=1890340625740517415&g_mp=CiVnb29nbGUubWFwcy5wbGFjZXMudjEuUGxhY2VzLkdldFBsYWNlEAIYBCAA","4.5","232","5","5","2","2","James T","2","This was disappointing. The wings just aren't great. Small. Dry. Seasoning is good, but not great. Mozzarella sticks are","info@magiccitykitchen.com","","","","2026-04-29"
"Amalfi Cucina + Mercato","17 Andrew Young International Blvd NE 2nd Floor, Atlanta, GA 30303, USA","(404) 882-1740","https://www.amalfiatl.com/atlanta","https://maps.google.com/?cid=9122685420416031717&g_mp=CiVnb29nbGUubWFwcy5wbGFjZXMudjEuUGxhY2VzLkdldFBsYWNlEAIYBCAA","4.3","3163","5","5","2","3","Robbie","3","We really wanted to love this place. The restaurant is beautiful and has a lot of potential, which honestly makes this r","info@amalfiatl.com","","","","2026-04-29"
"Miller Union","999 Brady Ave NW Ste 106, Atlanta, GA 30318, USA","(678) 733-8550","http://www.millerunion.com/","https://maps.google.com/?cid=1610815331814322385&g_mp=CiVnb29nbGUubWFwcy5wbGFjZXMudjEuUGxhY2VzLkdldFBsYWNlEAIYBCAA","4.5","1364","5","5","2","2","Dana Brownlee","2","We dined last night (V-Day) for the $135 prix fixe menu, and it was underwhelming (and not worth fighting the West Midto","events@millerunion.com","","","","2026-04-29"
"Utopia Restaurant at the Underground Atlanta","50 Upper Alabama St, Atlanta, GA 30303, USA","(470) 886-1803","https://utopialoungeatl.com/","https://maps.google.com/?cid=15391179248563716676&g_mp=CiVnb29nbGUubWFwcy5wbGFjZXMudjEuUGxhY2VzLkdldFBsYWNlEAIYBCAA","4.9","3193","5","5","1","2","Shay Starr","2","The atmosphere is great. It started out just like a lounge should. Nice mellow music. Not too loud. However, once I arri","agustin@restoexp.com","","","","2026-04-29"
"Marcel","1170 Howell Ml Rd, Atlanta, GA 30318, USA","(404) 665-4555","http://www.marcelatl.com/","https://maps.google.com/?cid=13656566955020689727&g_mp=CiVnb29nbGUubWFwcy5wbGFjZXMudjEuUGxhY2VzLkdldFBsYWNlEAIYBCAA","4.6","2153","5","5","1","3","Cheri Glynn","3","Our neighbors and friends have been recommending Marcel for years, so we finally decided to try it for a date night last","eventsmarcel@rocketfarmrestaurants.com","","","","2026-04-29"
"The Steamhouse Lounge","1051 W Peachtree St NW, Atlanta, GA 30309, USA","(404) 233-7980","http://www.steamhouselounge.com/","https://maps.google.com/?cid=15009115205993187935&g_mp=CiVnb29nbGUubWFwcy5wbGFjZXMudjEuUGxhY2VzLkdldFBsYWNlEAIYBCAA","4.6","3712","5","5","1","3","Jalisa Crutchfield","3","I was visiting a friend and we decided to go across the street to grab something to eat.  Service: no wait time, and the","info@steamhouselounge.com","","","","2026-04-29"
"The Sun Dial Restaurant, Bar & View","210 Peachtree St NW, Atlanta, GA 30303, USA","(404) 589-7506","https://www.sundialrestaurant.com/","https://maps.google.com/?cid=8145147749607297368&g_mp=CiVnb29nbGUubWFwcy5wbGFjZXMudjEuUGxhY2VzLkdldFBsYWNlEAIYBCAA","4.2","4297","5","5","1","2","Maya Raheem","2","I really wanted to love this place because the view is absolutely beautiful. The atmosphere is definitely the highlight","sundial@westin.com","","","","2026-04-29"
"Fin & Feathers Restaurants","345 Edgewood Ave SE, Atlanta, GA 30312, USA","(404) 855-5524","http://www.finandfeathersrestaurants.com/","https://maps.google.com/?cid=8471760179555223387&g_mp=CiVnb29nbGUubWFwcy5wbGFjZXMudjEuUGxhY2VzLkdldFBsYWNlEAIYBCAA","4.5","2109","5","5","1","2","kaila parker","2","Never received my food after 45 mins for 4 wings and fries and they are not busy at all. The manager didn’t not handle i","info@finandfeathersrestaurants.com","","","","2026-04-29"
"Nikolai's Roof","255 Courtland St NE, Atlanta, GA 30303, USA","(404) 221-6362","http://nikolaisroofatl.com/?SEO_id=GMB-HH-R-ATLAHHH-1&y_source=1_MTU0MDUxNDItNzE1LWxvY2F0aW9uLndlYnNpdGU%3D","https://maps.google.com/?cid=16691996894126589819&g_mp=CiVnb29nbGUubWFwcy5wbGFjZXMudjEuUGxhY2VzLkdldFBsYWNlEAIYBCAA","4.4","640","5","5","1","2","Malene Riggs","2","This was my second time eating at this restaurant, and have to say it wasn't worth the money. Out of four course, 2 was","maurice.pinderjr@hilton.com","","","","2026-04-29"
"By George restaurant and bar","127 Peachtree Rd NE, Atlanta, GA 30303, USA","(470) 851-2752","https://www.bygeorgeatl.com/","https://maps.google.com/?cid=17494318768826625796&g_mp=CiVnb29nbGUubWFwcy5wbGFjZXMudjEuUGxhY2VzLkdldFBsYWNlEAIYBCAA","4.6","1219","5","5","1","3","Holly King","3","Upon arrival you are greeted by a nice young man with seasons greetings. Put us in the holiday spirit. With validation w","info@bygeorgeatl.com","","","","2026-04-29"
"White Oak","270 Peachtree St NW, Atlanta, GA 30303, USA","(404) 524-7200","https://www.whiteoakkitchen.com/","https://maps.google.com/?cid=12409887018104769797&g_mp=CiVnb29nbGUubWFwcy5wbGFjZXMudjEuUGxhY2VzLkdldFBsYWNlEAIYBCAA","4.3","1598","5","5","1","2","michelle park","2","You can do better with food. Asked for medium but got well done and it was way too salty. No crispness and meat tasted s","info@whiteoakkitchen.com","","","","2026-04-29"
"Treehouse Restaurant and Pub","7 Kings Cir NE, Atlanta, GA 30305, USA","(404) 266-2732","http://www.treehouseatlanta.com/","https://maps.google.com/?cid=11362881243730640470&g_mp=CiVnb29nbGUubWFwcy5wbGFjZXMudjEuUGxhY2VzLkdldFBsYWNlEAIYBCAA","4.2","843","5","5","1","1","Oliver","1","The food was acceptable, but there were several issues with this place that made the experience disappointing.  Upon ent","user@domain.com","","","",""
"Paschal's Restaurant & Bar","180 Northside Dr SW, Atlanta, GA 30313, USA","(404) 835-0833","https://www.paschalsatlanta.com/","https://maps.google.com/?cid=5657267454724616444&g_mp=CiVnb29nbGUubWFwcy5wbGFjZXMudjEuUGxhY2VzLkdldFBsYWNlEAIYBCAA","4.1","5369","5","5","1","3","Meli Mel","3","After hearing a lot of hype, so my expectations were pretty high. I ordered the blackened salmon, which was ok. The frie","info@paschalsatlanta.com","","","","2026-04-29"
"Alma Cocina","Peachtree Towers, 191 Peachtree Rd NE, Atlanta, GA 30303, USA","(404) 968-9662","https://www.alma-atlanta.com/","https://maps.google.com/?cid=14769861293920002475&g_mp=CiVnb29nbGUubWFwcy5wbGFjZXMudjEuUGxhY2VzLkdldFBsYWNlEAIYBCAA","4.6","3878","5","5","1","3","Anonymous","3","Very friendly staff. Food was good! I ordered the ceviche and red beans/rice. The beans and rice were awesome, however,","info@alma-atlanta.com","","","","2026-04-29"
"Atlanta Breakfast Club","249 Ivan Allen Jr Blvd NW, Atlanta, GA 30313, USA","(470) 597-1499","https://www.atlbreakfastclub.com/","https://maps.google.com/?cid=13660370072332685477&g_mp=CiVnb29nbGUubWFwcy5wbGFjZXMudjEuUGxhY2VzLkdldFBsYWNlEAIYBCAA","4.5","9824","5","5","1","3","Frank Higwanz Higgins","3","This place had good reviews so I thought I had to hit it up before going to the airport. I should've booked a table beca","info@atlbreakfastclub.com","","","","2026-04-29"
"Sweet Georgia's Juke Joint","200 Peachtree St L05, Atlanta, GA 30303, USA","(470) 419-5853","http://www.sweetgeorgiasjukejoint.com/","https://maps.google.com/?cid=9551354255845342948&g_mp=CiVnb29nbGUubWFwcy5wbGFjZXMudjEuUGxhY2VzLkdldFBsYWNlEAIYBCAA","4","3654","5","5","1","3","Petina Harris","3","Band/Music entertainment was great as always. The food was flavorful, but was served ‘kinda” warm (at best) to cold. The","info@sweetgeorgiasjukejoint.com","","","","2026-04-29"
"Southern National","72 Georgia Ave SE Suite 100, Atlanta, GA 30312, USA","(404) 907-4245","https://www.southernational.com/","https://maps.google.com/?cid=1394652437894734342&g_mp=CiVnb29nbGUubWFwcy5wbGFjZXMudjEuUGxhY2VzLkdldFBsYWNlEAIYBCAA","4.6","274","5","5","1","3","Tigerblaize","3","Food was okay, nothing to write home about. Customer service was fine as well. I dont appreciate, however, being asked i","user@domain.com","","","",""
"Atalian","60 Andrew Young International Blvd NE Suite B, Atlanta, GA 30303, USA","(678) 672-3093","http://www.atalian-atl.com/","https://maps.google.com/?cid=10012832563053606806&g_mp=CiVnb29nbGUubWFwcy5wbGFjZXMudjEuUGxhY2VzLkdldFBsYWNlEAIYBCAA","4.7","1170","5","5","1","3","Adria Tecec","3","True review  Called ahead of time for reservations. Beautiful young lady accommodated last minute request.  Paid parking","info@atalian-atl.com","","","","2026-04-29"
"No Mas! Cantina","180 Walker St SW Ste B, Atlanta, GA 30313, USA","(404) 574-5678","https://www.nomascantina.com/","https://maps.google.com/?cid=5077407736402218949&g_mp=CiVnb29nbGUubWFwcy5wbGFjZXMudjEuUGxhY2VzLkdldFBsYWNlEAIYBCAA","4.4","9179","5","5","1","1","Harmoniah Carter","1","Ordered a SHRIMP quesadilla to go. Got all the way home and there was nothing but vegetables in my quesadilla. No shrimp","info@nomascantina.com","","","","2026-04-29"
"The Southern Gentleman","3035 Peachtree Rd NE A208, Atlanta, GA 30305, USA","(404) 939-9845","http://www.thesoutherngentlemanatl.com/","https://maps.google.com/?cid=2435999943725040380&g_mp=CiVnb29nbGUubWFwcy5wbGFjZXMudjEuUGxhY2VzLkdldFBsYWNlEAIYBCAA","4.8","5315","5","5","0","4","Mayo","4","We arrived right after they had just opened for brunch. The hosts greeted us with a warm welcome and asked us where we p","southerngentleman@sphospitality.com","","","","2026-04-29"
"Whiskey Bird","1409 N Highland Ave NE, Atlanta, GA 30306, USA","(404) 500-0575","https://www.eatwhiskeybird.com/","https://maps.google.com/?cid=9076985916829850387&g_mp=CiVnb29nbGUubWFwcy5wbGFjZXMudjEuUGxhY2VzLkdldFBsYWNlEAIYBCAA","4.8","2808","5","5","0","5","Shanan Z","5","What an awesome restaurant experience! I was looking so hard to find a place in Atlanta that would have good food, reaso","info@eatwhiskeybird.com","","","","2026-04-29"
"Ray's In the City","240 Peachtree St, Atlanta, GA 30303, USA","(404) 524-9224","https://raysrestaurants.com/","https://maps.google.com/?cid=16224791424951492843&g_mp=CiVnb29nbGUubWFwcy5wbGFjZXMudjEuUGxhY2VzLkdldFBsYWNlEAIYBCAA","4.6","6613","5","5","0","4","Eric V","4","Ray’s in the City – Atlanta 🦪🍷🎷  Ray’s in the City offers an upscale dining experience centered around exceptional se","info@raysrestaurants.com","","","","2026-04-29"
"Gypsy Kitchen","3035 Peachtree Rd NE Ste A209, Atlanta, GA 30305, USA","(404) 939-9840","http://www.gypsykitchenatl.com/","https://maps.google.com/?cid=15425108053441937847&g_mp=CiVnb29nbGUubWFwcy5wbGFjZXMudjEuUGxhY2VzLkdldFBsYWNlEAIYBCAA","4.7","4018","5","5","0","4","Deolu Deolu","4","Nice service and ambiance. Food looked better than it tasted. Ribeye was a full miss. Not even sure it was a ribeye the","gypsykitchen@sphospitality.com","","","","2026-04-29"
"Canoe","4199 Paces Ferry Rd SE, Atlanta, GA 30339, USA","(770) 432-2663","http://www.canoeatl.com/","https://maps.google.com/?cid=16530545611547443500&g_mp=CiVnb29nbGUubWFwcy5wbGFjZXMudjEuUGxhY2VzLkdldFBsYWNlEAIYBCAA","4.6","5089","5","5","0","4","Stephen Mutz","4","Overall, a great lunch option with incredible service, and a beautiful location. Great for a business lunch, but the foo","info@canoeatl.com","","","","2026-04-29"
"South City Kitchen Midtown","1144 Crescent Ave NE, Atlanta, GA 30309, USA","(404) 873-7358","https://www.southcitykitchen.com/","https://maps.google.com/?cid=11724931360973815545&g_mp=CiVnb29nbGUubWFwcy5wbGFjZXMudjEuUGxhY2VzLkdldFBsYWNlEAIYBCAA","4.7","6914","5","5","0","4","P & M","4","My husband and I recently dined at South City Kitchen Midtown and had a great overall experience. The service was excell","info@southcitykitchen.com","","","","2026-04-29"
"Poor Calvin's","510 Piedmont Ave NE, Atlanta, GA 30308, USA","(404) 254-4051","http://www.poorcalvins.com/","https://maps.google.com/?cid=1537587445608299274&g_mp=CiVnb29nbGUubWFwcy5wbGFjZXMudjEuUGxhY2VzLkdldFBsYWNlEAIYBCAA","4.6","4264","5","5","0","4","Nikki D","4","The food was delicious, and the server was incredibly knowledgeable and attentive. They checked on us frequently, making","info@poorcalvins.com","","","","2026-04-29"
"The Consulate Restaurant","10 10th St NW Suite P200, Atlanta, GA 30309, USA","(404) 254-5760","http://www.theconsulateatlanta.com/","https://maps.google.com/?cid=15881603152788312066&g_mp=CiVnb29nbGUubWFwcy5wbGFjZXMudjEuUGxhY2VzLkdldFBsYWNlEAIYBCAA","4.6","1421","5","5","0","4","Aaron","4","One of the best talking points of this place is how easy it is to park and walk to the restaurant. A big plus is that th","user@domain.com","","","",""
"Kitty Dare","1029 Edgewood Ave NE, Atlanta, GA 30307, USA","(404) 228-1566","http://kittydare.com/","https://maps.google.com/?cid=12183170301654692308&g_mp=CiVnb29nbGUubWFwcy5wbGFjZXMudjEuUGxhY2VzLkdldFBsYWNlEAIYBCAA","4.7","474","5","5","0","4","L","4","Decided to try brunch since I had an excellent dinner experience a few months ago. Happy to say that the service was ama","user@domain.com","","","",""
"Yeppa & Co. - Buckhead","306 Buckhead Ave NE, Atlanta, GA 30305, USA","(706) 694-7111","http://yeppaco.com/","https://maps.google.com/?cid=11709730602373136455&g_mp=CiVnb29nbGUubWFwcy5wbGFjZXMudjEuUGxhY2VzLkdldFBsYWNlEAIYBCAA","4.8","6804","5","5","0","5","Sharahyn Rodriguez","5","It was a memorable experience. The place is absolutely beautiful, with incredible cocktails. The tuna appetizer was, wit","info@yeppaco.com","","","","2026-04-29"
"Murphy's Restaurant","997 Virginia Ave NE, Atlanta, GA 30306, USA","(404) 872-0904","https://www.murphysatlanta.com/","https://maps.google.com/?cid=11433467685914868326&g_mp=CiVnb29nbGUubWFwcy5wbGFjZXMudjEuUGxhY2VzLkdldFBsYWNlEAIYBCAA","4.6","2936","5","5","0","5","Gloria Jones","5","What a great time we had at an Atlanta iconic restaurant. I had no idea when I made reservations for my daughter’s birth","info@murphysatlanta.com","","","","2026-04-29"
"Rumi's Kitchen Colony Square","1175 Peachtree St NE, Atlanta, GA 30361, USA","(404) 777-9807","https://www.rumiskitchen.com/","https://maps.google.com/?cid=6382068897621812754&g_mp=CiVnb29nbGUubWFwcy5wbGFjZXMudjEuUGxhY2VzLkdldFBsYWNlEAIYBCAA","4.7","1713","5","5","0","4","so so","4","The service and atmosphere was great, but the food was just ok. The duck had no duck flavor, and the only thing you coul","user@domain.com","","","",""
"Polaris","265 Peachtree Rd NE, Atlanta, GA 30303, USA","(404) 460-6425","https://www.polarisatlanta.com/","https://maps.google.com/?cid=12759255874568702168&g_mp=CiVnb29nbGUubWFwcy5wbGFjZXMudjEuUGxhY2VzLkdldFBsYWNlEAIYBCAA","4.5","1123","5","5","0","4","j z","4","It was a joyful experience. The restaurant is on the top of the Hyatt hotel. The view is fantastic and food was pretty g","info@polarisatlanta.com","","","","2026-04-29"
"The Food Shoppe","123 Luckie St NW UNIT 108, Atlanta, GA 30303, USA","(404) 228-0052","http://www.thefoodshoppeatl.com/","https://maps.google.com/?cid=385283237384374756&g_mp=CiVnb29nbGUubWFwcy5wbGFjZXMudjEuUGxhY2VzLkdldFBsYWNlEAIYBCAA","4.6","1972","5","5","0","5","Robin Mertz","5","I’m still thinking about this place days later. My husband and I went in expecting a good meal, but what we experienced","tfshoppeatl@gmail.com","","","","2026-04-29"
"Saints + Council","1221 Peachtree St NE Suite 130, Atlanta, GA 30361, USA","(770) 731-8159","https://saintsandcouncil.com/","https://maps.google.com/?cid=17170573419377744429&g_mp=CiVnb29nbGUubWFwcy5wbGFjZXMudjEuUGxhY2VzLkdldFBsYWNlEAIYBCAA","4.5","1719","5","5","0","4","Lauren Gray","4","Visited for the first time with friends for Galentine’s Day and loved the atmosphere — it’s a beautiful, very aesthetica","info@saintsandcouncil.com","","","","2026-04-29"
"Mary Mac's Tea Room","224 Ponce De Leon Ave NE, Atlanta, GA 30308, USA","(404) 876-1800","http://www.marymacs.com/","https://maps.google.com/?cid=14428011323645827231&g_mp=CiVnb29nbGUubWFwcy5wbGFjZXMudjEuUGxhY2VzLkdldFBsYWNlEAIYBCAA","4.4","14701","5","5","0","5","Simon Robson","5","Great place for a nice quality southern meal. The group had a combination of salads, veggie plate, meat loaf, chicken an","info@marymacs.com","","","","2026-04-29"
"The Optimist","914 Howell Ml Rd, Atlanta, GA 30318, USA","(404) 477-6260","https://www.theoptimistrestaurant.com/","https://maps.google.com/?cid=1097642391593553250&g_mp=CiVnb29nbGUubWFwcy5wbGFjZXMudjEuUGxhY2VzLkdldFBsYWNlEAIYBCAA","4.6","4210","5","5","0","5","Aaron Lee","5","I’ve been wanting to eat here for a long time and finally did for our anniversary.  I’m glad to say that everything was","theoptimistrestaurant@rocketfarmrestaurants.com","","","","2026-04-29"
"Flavor Rich Restaurant Atlanta","549 Peachtree St NE Apt 6103, Atlanta, GA 30308, USA","(404) 975-3382","http://atlanta.flavorrichrestaurant.com/","https://maps.google.com/?cid=10200991404414817745&g_mp=CiVnb29nbGUubWFwcy5wbGFjZXMudjEuUGxhY2VzLkdldFBsYWNlEAIYBCAA","4.7","638","5","5","0","4","Eleanor Lancaster","4","I visited Flavor Rich Restaurant in Atlanta for brunch to celebrate my birthday, and overall, it was a pleasant experien","flavorrichfoodtruck@gmail.com","","","","2026-04-29"
"Yeppa & Co. - Beltline","667 Auburn Ave NE Suite 120, Atlanta, GA 30312, USA","(470) 664-6822","http://yeppaco.com/","https://maps.google.com/?cid=5415055837011869947&g_mp=CiVnb29nbGUubWFwcy5wbGFjZXMudjEuUGxhY2VzLkdldFBsYWNlEAIYBCAA","4.9","3444","5","5","0","4","Jayna Patel","4","This place is the PERFECT holiday restaurant destination! They have turned the outdoor dining area into a ski resort and","info@yeppaco.com","","","","2026-04-29"
"Nobu Atlanta","3520 Peachtree Rd NE, Atlanta, GA 30326, USA","(470) 945-8800","https://www.noburestaurants.com/atlanta/reservations/","https://maps.google.com/?cid=9584650726613458731&g_mp=CiVnb29nbGUubWFwcy5wbGFjZXMudjEuUGxhY2VzLkdldFBsYWNlEAIYBCAA","3.8","724","5","5","0","4","Nghia Huynh","4","Nobu is a one of a kind dining experience that can’t be replicated elsewhere. The ambiance is elegant and fitting for fo","atlanta@noburestaurants.com","","","","2026-04-29"
"Lazy Betty","999 Peachtree St NE Suite #140, Atlanta, GA 30309, USA","(470) 851-1199","http://lazybettyatl.com/","https://maps.google.com/?cid=12910201945190588382&g_mp=CiVnb29nbGUubWFwcy5wbGFjZXMudjEuUGxhY2VzLkdldFBsYWNlEAIYBCAA","4.8","1075","5","5","0","4","Aneesh Arikirevula","4","Lazy Betty was an amazing spot to celebrate our one-year wedding anniversary. We did the vegetarian dinner and were real","info@lazybettyatl.com","","","","2026-04-29"
"Wild Leap Atlanta","125 Ted Turner Dr SW, Atlanta, GA 30313, USA","(706) 298-6400","https://wildleap.com/atlanta/","https://maps.google.com/?cid=9103125046587710657&g_mp=CiVnb29nbGUubWFwcy5wbGFjZXMudjEuUGxhY2VzLkdldFBsYWNlEAIYBCAA","4.7","329","5","5","0","5","Patrick Iverson","5","What a fun spot! I went when it was quiet and stumbled into trivia night. They have a great selection of IPAs and the fo","info@wildleap.com","","","","2026-04-29"
"Bones Restaurant","3130 Piedmont Rd NE, Atlanta, GA 30305, USA","(404) 237-2663","http://www.bonesrestaurant.com/","https://maps.google.com/?cid=6941754949393428422&g_mp=CiVnb29nbGUubWFwcy5wbGFjZXMudjEuUGxhY2VzLkdldFBsYWNlEAIYBCAA","4.6","2885","5","5","0","4","C J","4","I dined here a week ago with a large party in a private room. We were seated immediately. The entrance and bar area was","info@bonesrestaurant.com","","","","2026-04-29"
"The Third Space","659 Auburn Ave NE Suite 503, Atlanta, GA 30312, USA","(470) 789-1901","https://www.thethirdspaceatlanta.com/","https://maps.google.com/?cid=16205836689648562532&g_mp=CiVnb29nbGUubWFwcy5wbGFjZXMudjEuUGxhY2VzLkdldFBsYWNlEAIYBCAA","4.8","108","5","5","0","5","Shiran Ankave","5","What an experience! Wow! An exceptional meal bursting with rich, refined flavors and a variety of delicious dishes. The","info@thethirdspaceatlanta.com","","","","2026-04-29"
"Ted's Montana Grill","133 Luckie St NW, Atlanta, GA 30303, USA","(404) 521-9796","https://www.tedsmontanagrill.com/tmg001.html","https://maps.google.com/?cid=18104949974782516958&g_mp=CiVnb29nbGUubWFwcy5wbGFjZXMudjEuUGxhY2VzLkdldFBsYWNlEAIYBCAA","4.3","5714","5","5","0","4","John Fesler","4","It is a pleasant atmosphere. Easy to talk . Nice place . Service was spot on. From the host to bartender to servers. Foo","info@tedsmontanagrill.com","","","","2026-04-29"
"Metro Diner and Bar","229 Peachtree St B17, Atlanta, GA 30303, USA","(404) 577-1420","http://www.metrodineratl.com/","https://maps.google.com/?cid=3816320956068455556&g_mp=CiVnb29nbGUubWFwcy5wbGFjZXMudjEuUGxhY2VzLkdldFBsYWNlEAIYBCAA","4","6223","5","5","0","4","Allea Ryan","4","We came here looking for a place that took cash and after being scammed by our hotel near by. It was a short distances w","metrodineratl@gmail.com","","","",""
"Capolinea","159 Northside Dr NW, Atlanta, GA 30313, USA","(404) 301-8843","https://capolineaatlanta.com/","https://maps.google.com/?cid=10363479357067896501&g_mp=CiVnb29nbGUubWFwcy5wbGFjZXMudjEuUGxhY2VzLkdldFBsYWNlEAIYBCAA","4.8","144","5","5","0","5","Sara Govero","5","Capolinea was so good I went two nights in a row. The service was flawless both nights. Night one: tricolore salad and t","info@capolineaatlanta.com","","","","2026-04-29"
"Atlanta Fish Market","265 Pharr Rd NE, Atlanta, GA 30305, USA","(404) 262-3165","https://atlantafishmarket.com/","https://maps.google.com/?cid=7159529307305281458&g_mp=CiVnb29nbGUubWFwcy5wbGFjZXMudjEuUGxhY2VzLkdldFBsYWNlEAIYBCAA","4.6","9810","5","5","0","5","Ichristar Pierre","5","This is an very nice and sofisticated restaurant to attend for personal, business/ private events. I love the atmosphere","info@atlantafishmarket.com","","","","2026-04-29"
"Little Alley Steak - Buckhead","3500 Lenox Rd NE #100, Atlanta, GA 30326, USA","(404) 254-1899","https://www.littlealleysteak.com/","https://maps.google.com/?cid=14936667025177958170&g_mp=CiVnb29nbGUubWFwcy5wbGFjZXMudjEuUGxhY2VzLkdldFBsYWNlEAIYBCAA","4.5","3189","5","5","0","5","Meg Ky","5","An absolutely incredible restaurant with a stunning and unique interior design. The atmosphere is stylish, elegant, and","events@littlealleysteak.com","","","","2026-04-29"
"Bacchanalia","1460 Ellsworth Industrial Blvd NW Suite 1, Atlanta, GA 30318, USA","(404) 365-0410","http://www.starprovisions.com/bacchanalia/","https://maps.google.com/?cid=11608332143809341239&g_mp=CiVnb29nbGUubWFwcy5wbGFjZXMudjEuUGxhY2VzLkdldFBsYWNlEAIYBCAA","4.6","1305","5","5","0","4","yen nguyen","4","Went for a birthday dinner. It's is a fixe prix and be prepared for a 3 1/2 hour dinner. The portions were small but the","user@domain.com","","","",""
"Avize","956 Brady Ave NW, Atlanta, GA 30318, USA","(404) 879-1713","https://www.avizeatlanta.com/","https://maps.google.com/?cid=10839842098553028573&g_mp=CiVnb29nbGUubWFwcy5wbGFjZXMudjEuUGxhY2VzLkdldFBsYWNlEAIYBCAA","4.7","205","5","5","0","5","Marcia Gomes","5","Dinner with friends and it was excellent from amuse bouche to dessert. The service was spectacular. We had a little of e","info@avizeatlanta.com","","","","2026-04-29"
"Cuevacía","1201 Peachtree St NE, Atlanta, GA 30361, USA","(404) 448-1022","http://cuevacia.com/","https://maps.google.com/?cid=10811092136146517289&g_mp=CiVnb29nbGUubWFwcy5wbGFjZXMudjEuUGxhY2VzLkdldFBsYWNlEAIYBCAA","4.7","329","5","5","0","5","Isabella Purdy","5","The food 11/10. Tried both of the NA cocktails and both were amazing! It made me feel like I was drinking a real cocktai","info@cuevacia.com","","","","2026-04-29"
"Hollywood ATL Restaurant & Lounge","257 Trinity Ave SW, Atlanta, GA 30303, USA","(404) 334-4111","https://www.thehollywoodatl.com/","https://maps.google.com/?cid=16862544814968432066&g_mp=CiVnb29nbGUubWFwcy5wbGFjZXMudjEuUGxhY2VzLkdldFBsYWNlEAIYBCAA","4.8","63","5","5","0","5","It’s Nike B","5","Remy was awesome with her service. She really knows how to connect with her guests. I would definitely recommend coming","info@thehollywoodatl.com","","","","2026-04-29"
"Tin Lizzy's Cantina","26 Andrew Young International Blvd NE, Atlanta, GA 30303, USA","(404) 671-9450","https://tinlizzyscantina.com/","https://maps.google.com/?cid=10677309632606006577&g_mp=CiVnb29nbGUubWFwcy5wbGFjZXMudjEuUGxhY2VzLkdldFBsYWNlEAIYBCAA","4.8","9412","5","5","0","4","Ryan Young","4","We had good tacos at Tin Lizzy's. My favorite was The Royale Cheese. Chicken Con Queso was good. I would skip the Lobste","info@tinlizzyscantina.com","","","","2026-04-29"
"Esco Restaurant & Tapas","327 Peters St SW, Atlanta, GA 30313, USA","(404) 941-7907","http://www.escobaratlanta.com/","https://maps.google.com/?cid=14548951634117212819&g_mp=CiVnb29nbGUubWFwcy5wbGFjZXMudjEuUGxhY2VzLkdldFBsYWNlEAIYBCAA","3.7","3214","5","5","0","5","MiLicia Carr","5","The drinks at this spot are phenomenal—easily a 10/10! I had the catfish and grits and it was absolutely delicious. Some","info@escobaratlanta.com","","","","2026-04-29"
"Tyde Tate Kitchen","229 Mitchell St SW, Atlanta, GA 30303, USA","(404) 907-4452","https://www.tydetatekitchen.com/","https://maps.google.com/?cid=322506546914016474&g_mp=CiVnb29nbGUubWFwcy5wbGFjZXMudjEuUGxhY2VzLkdldFBsYWNlEAIYBCAA","4.7","441","5","5","0","5","Jair","5","Had the Thai fried rice (Thai spicy,) and the shrimp rolls; enjoyed them both. Excellent customer service from the young","info@tydetatekitchen.com","","","","2026-04-29"
"Restaurant 10 Bar & Grill","10 Northside Dr NW, Atlanta, GA 30314, USA","(404) 331-9977","https://www.restaurant10atl.com/","https://maps.google.com/?cid=12117863624046700133&g_mp=CiVnb29nbGUubWFwcy5wbGFjZXMudjEuUGxhY2VzLkdldFBsYWNlEAIYBCAA","4.5","4079","5","5","0","5","Corey Gibbs","5","The food here is amazing. Best fried chicken I've had! Everything tastes fresh and homemade. E was our server and she wa","info@restaurant10atl.com","","","","2026-04-29"
"The Fifth Fork","201 E Trade St, Charlotte, NC 28202, USA","(703) 972-4380","http://www.thefifthfork.com/?scid=feed67b0-9a2f-4de1-8df6-114544116108","https://maps.google.com/?cid=16296684094734748740&g_mp=CiVnb29nbGUubWFwcy5wbGFjZXMudjEuUGxhY2VzLkdldFBsYWNlEAIYBCAA","4.4","44","5","5","3","1","william young","1","Butternut squash soup is terrible. Not for my taste buds. Now I’m waiting for my sandwich now. 18 dollars for a blandish","grp_rccharlottesales@marriott.com","","","","2026-04-29"
"State of Confusion- Charlotte","3500 Dewitt Ln, Charlotte, NC 28217, USA","(704) 919-1919","http://www.confusionloso.com/","https://maps.google.com/?cid=2489392515649511048&g_mp=CiVnb29nbGUubWFwcy5wbGFjZXMudjEuUGxhY2VzLkdldFBsYWNlEAIYBCAA","4.7","2113","5","5","2","1","CAJ","1","Visited last week and won’t be back. There’s No Parking and not all service is great service.  Meghan: 10/10 - she’s a s","user@domain.com","","","",""
"Church and Union Charlotte","127 N Tryon St #8, Charlotte, NC 28202, USA","(704) 919-1322","http://www.churchandunioncharlotte.com/","https://maps.google.com/?cid=18034815805572624457&g_mp=CiVnb29nbGUubWFwcy5wbGFjZXMudjEuUGxhY2VzLkdldFBsYWNlEAIYBCAA","4.2","2330","5","5","2","3","Janell Williams","3","Food 2/10 Service 10/10 Atmosphere 8/10  Went for my birthday for the first time. I ordered the French toast.. it was no","info@churchandunioncharlotte.com","","","","2026-04-29"
"PARA Charlotte","235 W Tremont Ave Suite 100, Charlotte, NC 28203, USA","(704) 812-7295","http://www.paraclt.com/","https://maps.google.com/?cid=13212586204236543969&g_mp=CiVnb29nbGUubWFwcy5wbGFjZXMudjEuUGxhY2VzLkdldFBsYWNlEAIYBCAA","4.5","840","5","5","2","1","D “Dmac” M","1","I came in on a night where a host by the name of Jules (hopefully I’m spelling that correctly) refused to provide her fu","info@paraclt.com","","","","2026-04-29"
"South End Eats","500 W Summit Ave, Charlotte, NC 28203, USA","","https://southendeatsnc.com/","https://maps.google.com/?cid=10960716642883667605&g_mp=CiVnb29nbGUubWFwcy5wbGFjZXMudjEuUGxhY2VzLkdldFBsYWNlEAIYBCAA","4.3","448","5","5","2","1","C Morse","1","I’ve tried to give this ghost kitchen place so many chances but last night was the final straw and I refuse to ever come","info@southendeatsnc.com","","","","2026-04-29"
"Luce","Truist Center, 214 N Tryon St J, Charlotte, NC 28202, USA","(704) 344-9222","http://www.conterestaurantgroup.com/","https://maps.google.com/?cid=14989209315045727619&g_mp=CiVnb29nbGUubWFwcy5wbGFjZXMudjEuUGxhY2VzLkdldFBsYWNlEAIYBCAA","4.4","656","5","5","2","1","Stephany G","1","Terrible experience. The first time we came to this restaurant it was perfect but during Valentine's Day it was the oppo","info@conterestaurantgroup.com","","","","2026-04-29"
"Mico Restaurant","201 W Trade St, Charlotte, NC 28202, USA","(704) 372-1877","https://www.micorestaurant.com/","https://maps.google.com/?cid=5248229506619166832&g_mp=CiVnb29nbGUubWFwcy5wbGFjZXMudjEuUGxhY2VzLkdldFBsYWNlEAIYBCAA","4.3","515","5","5","2","2","yasmin moaf","2","Last night, we chose Mico’s for their Valentine’s Day prix fixe menu at $125 per person for three courses, and unfortuna","forms@tambourine.com","","","",""
"STIR","1422 S Tryon St Suite 130, Charlotte, NC 28203, USA","(980) 209-0277","https://stircharlotte.com/","https://maps.google.com/?cid=15247655298999014843&g_mp=CiVnb29nbGUubWFwcy5wbGFjZXMudjEuUGxhY2VzLkdldFBsYWNlEAIYBCAA","4.4","2623","5","5","1","2","Andriy Deviatov","2","I visited Stir with my family to celebrate my birthday, which made the overall experience even more disappointing.  I or","online@stircharlotte.com","","","","2026-04-29"
"Rooster's Wood-fired Kitchen Uptown","150 N College St, Charlotte, NC 28202, USA","(704) 370-7667","http://roosterskitchen.com/","https://maps.google.com/?cid=8249854043771560207&g_mp=CiVnb29nbGUubWFwcy5wbGFjZXMudjEuUGxhY2VzLkdldFBsYWNlEAIYBCAA","4.5","1862","5","5","1","3","Matt Quinn","3","We had lunch on a Wednesday. It had been years since we had eaten at Roosters. It wasn’t as good as we had remembered bu","info@roosterskitchen.com","","","","2026-04-29"
"Dean's Italian Steakhouse","128 E Brooklyn Vlg Ave, Charlotte, NC 28202, USA","(704) 499-6626","https://www.deanssteakhousecharlotte.com/?utm_source=google&utm_medium=organic&utm_campaign=business_listing","https://maps.google.com/?cid=11785339172963154027&g_mp=CiVnb29nbGUubWFwcy5wbGFjZXMudjEuUGxhY2VzLkdldFBsYWNlEAIYBCAA","4.9","10956","5","5","1","2","Jack Geddes","2","For a $250 birthday dinner, we expected a lot more than what felt like a disorganized experiment.  The restaurant told u","forms@tambourine.com","","","",""
"Supperland","1212 The Plaza, Charlotte, NC 28205, USA","(704) 817-7514","http://supper.land/","https://maps.google.com/?cid=2547037377784062876&g_mp=CiVnb29nbGUubWFwcy5wbGFjZXMudjEuUGxhY2VzLkdldFBsYWNlEAIYBCAA","4.5","1051","5","5","1","2","Carla Ann","2","Wow, we really wanted to love this place and based on looks only it is 10/10 but the flavors fell short.  -Shrimp Cockta","supperland@icloud.com","","","","2026-04-29"
"Hellenic Greek Kitchen & Bar","1436 South Blvd, Charlotte, NC 28203, USA","(704) 900-7225","https://hellenicgreekkitchen.com/","https://maps.google.com/?cid=1572061497972470080&g_mp=CiVnb29nbGUubWFwcy5wbGFjZXMudjEuUGxhY2VzLkdldFBsYWNlEAIYBCAA","4.8","640","5","5","1","3","Beth Soderfelt","3","Came on recommendation of a friend and was a little disappointed.  Arrived 30 minutes after opening and was told no lemo","hellenicgreekkitchen@gmail.com","","","","2026-04-29"
"North Italia","1414 S Tryon St Ste 140, Charlotte, NC 28203, USA","(980) 279-8900","https://www.northitalia.com/locations/charlotte-nc/","https://maps.google.com/?cid=16667761146932044774&g_mp=CiVnb29nbGUubWFwcy5wbGFjZXMudjEuUGxhY2VzLkdldFBsYWNlEAIYBCAA","4.4","2160","5","5","1","3","Andrew Sapochak","3","Overall experience was okay. Food was good for me because I got the farm salad. Plus the white truffle garlic bread was","info@northitalia.com","","","","2026-04-29"
"Firebirds Wood Fired Grill","7716 Rea Rd, Charlotte, NC 28277, USA","(704) 752-7979","https://firebirdsrestaurants.com/charlotte-stonecrest","https://maps.google.com/?cid=6038529336075504809&g_mp=CiVnb29nbGUubWFwcy5wbGFjZXMudjEuUGxhY2VzLkdldFBsYWNlEAIYBCAA","4.4","2893","5","5","1","3","Jessica S.","3","I recently met up with friends for a birthday lunch at Firebirds Stonecrest, and overall, it was a pleasant experience.","info@firebirdsrestaurants.com","","","","2026-04-29"
"Haberdish","3106 N Davidson St, Charlotte, NC 28205, USA","(704) 817-1084","http://haberdish.com/","https://maps.google.com/?cid=14321663939058353778&g_mp=CiVnb29nbGUubWFwcy5wbGFjZXMudjEuUGxhY2VzLkdldFBsYWNlEAIYBCAA","4.5","3077","5","5","1","2","William Young","2","First time here. Wanted to see what it was hitting for today. I ordered the 2 piece fried chicken dark and small tater t","haberdish@icloud.com","","","","2026-04-29"
"Coastal Kitchen & Bar","222 E 3rd St, Charlotte, NC 28202, USA","(704) 377-1500","http://places.singleplatform.com/coastal-kitchen-and-bar-0/menu","https://maps.google.com/?cid=17328226621748995257&g_mp=CiVnb29nbGUubWFwcy5wbGFjZXMudjEuUGxhY2VzLkdldFBsYWNlEAIYBCAA","4.7","544","5","5","1","3","Brian E.","3","My visit here started poorly but finished strong.  I was eating by myself and went to the hostess table for a seat. Ulti","socialmedia@hiltoncentercity.com","","","","2026-04-29"
"Ink N Ivy","222 S Church St, Charlotte, NC 28202, USA","(704) 332-5424","https://www.inknivy.com/charlotte","https://maps.google.com/?cid=4083433554809496675&g_mp=CiVnb29nbGUubWFwcy5wbGFjZXMudjEuUGxhY2VzLkdldFBsYWNlEAIYBCAA","3.9","3080","5","5","1","1","Pretty Rich","1","I came here last night with a few friends after a concert. We had the sweetest server named ashley. She helped us with o","info@inknivy.com","","","","2026-04-29"
"Mariposa","500 S Tryon St, Charlotte, NC 28202, USA","(704) 910-0865","https://www.mariposaclt.com/","https://maps.google.com/?cid=12838372108246167764&g_mp=CiVnb29nbGUubWFwcy5wbGFjZXMudjEuUGxhY2VzLkdldFBsYWNlEAIYBCAA","4.4","521","5","5","1","3","Charles “Chip” Payet","3","My wife and I came to Mariposa during Restaurant Week Jan. 2026 and enjoyed it, but not enough that we’ll return any tim","info@mariposaclt.com","","","","2026-04-29"
"Juniper Grill - Ballantyne","15235 John J Delaney Dr, Charlotte, NC 28277, USA","(704) 490-4500","https://junipergrill.com/","https://maps.google.com/?cid=12132307481267603869&g_mp=CiVnb29nbGUubWFwcy5wbGFjZXMudjEuUGxhY2VzLkdldFBsYWNlEAIYBCAA","4.5","581","5","5","1","3","Egypt Parker","3","Love this spot. Not too big, but cozy and unique. The food was really good and the atmosphere was lovely. The white sang","info@junipergrill.com","","","","2026-04-29"
"Sea Grill Restaurant","210 E Trade St B120, Charlotte, NC 28202, USA","(704) 703-3399","https://www.seagrillnc.com/","https://maps.google.com/?cid=9730594831365191570&g_mp=CiVnb29nbGUubWFwcy5wbGFjZXMudjEuUGxhY2VzLkdldFBsYWNlEAIYBCAA","4.8","2188","5","5","0","5","Brandi Singleton","5","My friends and I came here during restaurant week and it met and exceeded expectations. First off, the decor is gorgeous","info@seagrillnc.com","","","","2026-04-29"
"Coquette","101 S Tryon St #14, Charlotte, NC 28202, USA","(704) 705-2224","http://www.coquetteclt.com/","https://maps.google.com/?cid=17717959392040738621&g_mp=CiVnb29nbGUubWFwcy5wbGFjZXMudjEuUGxhY2VzLkdldFBsYWNlEAIYBCAA","4.3","555","5","5","0","4","summer newby","4","The food was pretty good. French is not my usual cuisine, but I was traveling around uptown Charlotte and decided to try","info@coquetteclt.com","","","","2026-04-29"
"Kitchen + Kocktails by Kevin Kelley - Charlotte","210 E Trade St, Charlotte, NC 28202, USA","(980) 372-7333","https://kitchenkocktailsusa.com/","https://maps.google.com/?cid=16866130353231991995&g_mp=CiVnb29nbGUubWFwcy5wbGFjZXMudjEuUGxhY2VzLkdldFBsYWNlEAIYBCAA","4.8","17549","5","5","0","5","T Ledbetter","5","Keeping it cute and klassy for a birthday celebration. Having reservations for a large party is required and everyone mu","info@kitchenkocktailsusa.com","","","",""
"Angeline's","303 S Church St, Charlotte, NC 28202, USA","(704) 445-2540","https://www.angelinescharlotte.com/","https://maps.google.com/?cid=7842674345415800963&g_mp=CiVnb29nbGUubWFwcy5wbGFjZXMudjEuUGxhY2VzLkdldFBsYWNlEAIYBCAA","4.7","3542","5","5","0","5","Alfred Gerhold","5","The evening was truly memorable, highlighted by exceptional food and a warm, inviting atmosphere. Every dish we tried wa","info@angelinescharlotte.com","","","","2026-04-29"
"Fahrenheit Charlotte","222 S Caldwell St 21st Floor, Charlotte, NC 28202, USA","(980) 237-6718","https://fahrenheitrestaurants.com/","https://maps.google.com/?cid=11455549913969797432&g_mp=CiVnb29nbGUubWFwcy5wbGFjZXMudjEuUGxhY2VzLkdldFBsYWNlEAIYBCAA","4.2","5245","5","5","0","5","Maëva L.","5","We had such a wonderful experience! From the moment we arrived, everything felt perfectly planned. We made a reservation","info@fahrenheitrestaurants.com","","","","2026-04-29"
"Deluxe Fun Dining","305 W 4th St, Charlotte, NC 28202, USA","(980) 237-8042","http://www.deluxefundining.com/","https://maps.google.com/?cid=1312409970111401856&g_mp=CiVnb29nbGUubWFwcy5wbGFjZXMudjEuUGxhY2VzLkdldFBsYWNlEAIYBCAA","4.6","3518","5","5","0","4","Karen Henderson","4","Our waitress Alexis, was amazing! She was super sweet and fun to have and she was dressed so cute for the atmosphere. We","info@deluxefundining.com","","","","2026-04-29"
"The Fig Tree Restaurant","1601 E 7th St, Charlotte, NC 28204, USA","(704) 332-3322","http://www.charlottefigtree.com/","https://maps.google.com/?cid=8021125033744376398&g_mp=CiVnb29nbGUubWFwcy5wbGFjZXMudjEuUGxhY2VzLkdldFBsYWNlEAIYBCAA","4.7","1114","5","5","0","5","androniki tsiougkri","5","I have no words, our server's knowledge and manners were impeccable. We had an appetizer, two drinks, two entrees and a","info@charlottefigtree.com","","","","2026-04-29"
"Tupelo Honey Southern Kitchen & Bar","101 S Tryon St #130, Charlotte, NC 28280, USA","(980) 270-7268","https://tupelohoneycafe.com/restaurant/charlotte/","https://maps.google.com/?cid=671374679575246745&g_mp=CiVnb29nbGUubWFwcy5wbGFjZXMudjEuUGxhY2VzLkdldFBsYWNlEAIYBCAA","4","2753","5","5","0","4","Shantell Antoinette","4","I was shocked to discover that the one in Columbus was far better than the one here in Charlotte. We went because it was","info@tupelohoneycafe.com","","","","2026-04-29"
"Dogwood Southern Table & Bar","601 S College St, Charlotte, NC 28202, USA","(704) 335-2064","http://www.dogwoodcharlotte.com/","https://maps.google.com/?cid=8100258569482708499&g_mp=CiVnb29nbGUubWFwcy5wbGFjZXMudjEuUGxhY2VzLkdldFBsYWNlEAIYBCAA","4.6","769","5","5","0","4","Yolanda Ray","4","The pork belly was amazing! The short rib was delicious too. My friend got the duck and didn’t enjoy it, I tasted it and","info@dogwoodcharlotte.com","","","","2026-04-29"
"Mama Ricotta's","601 S Kings Dr AA, Charlotte, NC 28204, USA","(704) 343-0148","https://www.mamaricottas.com/","https://maps.google.com/?cid=992958198613443172&g_mp=CiVnb29nbGUubWFwcy5wbGFjZXMudjEuUGxhY2VzLkdldFBsYWNlEAIYBCAA","4.6","3945","5","5","0","4","Renee Baker","4","Amazing food! I would definitely book as reservation online. We booked Tuesday for Friday and it was almost full. Fast f","info@mamaricottas.com","","","","2026-04-29"
"Mert's Heart And Soul","214 N College St, Charlotte, NC 28202, USA","(704) 342-4222","https://mertscharlotte.com/","https://maps.google.com/?cid=6933204471381740857&g_mp=CiVnb29nbGUubWFwcy5wbGFjZXMudjEuUGxhY2VzLkdldFBsYWNlEAIYBCAA","4.2","4786","5","5","0","5","Amber Mullis","5","If Google had more than five stars, Mert’s Heart and Soul in Charlotte, NC would definitely get them. EVERYTHING we had","info@mertscharlotte.com","","","","2026-04-29"
"The Cellar at Duckworth's","330 N Tryon St, Charlotte, NC 28202, USA","(980) 349-4078","http://thecellaratduckworths.com/","https://maps.google.com/?cid=5297667764650015478&g_mp=CiVnb29nbGUubWFwcy5wbGFjZXMudjEuUGxhY2VzLkdldFBsYWNlEAIYBCAA","4.6","1717","5","5","0","5","Amanda D.","5","I visited The Cellar at Duckworth’s on a Thursday night with a friend for a special farewell dinner before she left Char","info@thecellaratduckworths.com","","","","2026-04-29"
"Spice Charlotte","515 Ellis Ln Suite 101, Charlotte, NC 28202, USA","(704) 746-6863","https://spicecharlotte.com/","https://maps.google.com/?cid=3558009859627207906&g_mp=CiVnb29nbGUubWFwcy5wbGFjZXMudjEuUGxhY2VzLkdldFBsYWNlEAIYBCAA","4.5","810","5","5","0","4","Kamilia","4","Belissima! Vibes and decorè, unmatched! Its sexy, sleak, and a lil sultry. The back lighting at night is gorgeous. It cr","reservations@spicecharlotte.com","","","","2026-04-29"
"300 East","300 East Blvd, Charlotte, NC 28203, USA","(704) 332-6507","http://300east.net/","https://maps.google.com/?cid=10574701737688720144&g_mp=CiVnb29nbGUubWFwcy5wbGFjZXMudjEuUGxhY2VzLkdldFBsYWNlEAIYBCAA","4.5","1936","5","5","0","4","John Doe","4","This was a pretty good breakfast restaurant, I really enjoyed the quaint and vintage ambiance. The inside was tight and","info@300east.net","","","","2026-04-29"
"Fin & Fino","135 Levine Avenue of the Arts #100, Charlotte, NC 28202, USA","(704) 800-5680","http://www.finandfino.com/","https://maps.google.com/?cid=3938763579609862624&g_mp=CiVnb29nbGUubWFwcy5wbGFjZXMudjEuUGxhY2VzLkdldFBsYWNlEAIYBCAA","4.6","1207","5","5","0","4","Natalie Ramos","4","I love the Ambience beautiful artwork and the Chefs cooked right next to us so that was comforting our Waiter Max was de","info@finandfino.com","","","","2026-04-29"
"SORA","2907 Selwyn Ave, Charlotte, NC 28209, USA","(980) 517-0069","https://www.soranc.com/","https://maps.google.com/?cid=6206891262928172732&g_mp=CiVnb29nbGUubWFwcy5wbGFjZXMudjEuUGxhY2VzLkdldFBsYWNlEAIYBCAA","4.9","40","5","5","0","5","Aletha Green","5","Sora delivers the closest thing to a Michelin-star experience in Charlotte. The intimate setting elevates every part of","info@soranc.com","","","","2026-04-29"
"Stoke Charlotte","Bank of America Corporate Center, 100 W Trade St, Charlotte, NC 28202, USA","(704) 353-6005","https://www.marriott.com/en-us/hotels/cltcc-charlotte-marriott-city-center/dining/?scid=feed67b0-9a2f-4de1-8df6-114544116108","https://maps.google.com/?cid=7216734794644479784&g_mp=CiVnb29nbGUubWFwcy5wbGFjZXMudjEuUGxhY2VzLkdldFBsYWNlEAIYBCAA","4.4","814","5","5","0","5","Jd Carr","5","The food was absolutely wonderful! I had the octopus appetizer, and it was perfectly cooked (not overdone). I also had t","info@marriott.com","","","",""
"Alexander Michael's","401 W 9th St, Charlotte, NC 28202, USA","(704) 332-6789","http://www.almikestavern.com/","https://maps.google.com/?cid=10102146616259411955&g_mp=CiVnb29nbGUubWFwcy5wbGFjZXMudjEuUGxhY2VzLkdldFBsYWNlEAIYBCAA","4.7","1692","5","5","0","4","Kaitlyn M","4","Such a cute little pub. Very rustic. Definitely a hidden find and one we will surely be back to try again. The food was","info@almikestavern.com","","","","2026-04-29"
"La Belle Helene","300 S Tryon St #100, Charlotte, NC 28202, USA","(704) 445-4611","http://www.labellehelenerestaurant.com/","https://maps.google.com/?cid=14908153436366487239&g_mp=CiVnb29nbGUubWFwcy5wbGFjZXMudjEuUGxhY2VzLkdldFBsYWNlEAIYBCAA","4.3","1373","5","5","0","5","Scarlett","5","If I could, I would give 10 stars. Everything was on point and amazing. My husband and I rarely get a 'fancy' date night","info@labellehelenerestaurant.com","","","","2026-04-29"
"Albertine","525 S Tryon St #125, Charlotte, NC 28202, USA","(704) 324-3303","https://www.albertinerestaurant.com/","https://maps.google.com/?cid=6565201787817557932&g_mp=CiVnb29nbGUubWFwcy5wbGFjZXMudjEuUGxhY2VzLkdldFBsYWNlEAIYBCAA","4.5","229","5","5","0","5","Brandi S","5","I recently celebrated my best friend’s birthday at Albertine Charlotte, and it was an incredible experience from start t","info@albertinerestaurant.com","","","","2026-04-29"
"Nuvole Rooftop TwentyTwo","220 E Trade St Suite 2200, Charlotte, NC 28202, USA","","http://www.nuvole22.com/","https://maps.google.com/?cid=17517875277938262808&g_mp=CiVnb29nbGUubWFwcy5wbGFjZXMudjEuUGxhY2VzLkdldFBsYWNlEAIYBCAA","4.2","960","5","5","0","4","Lay Moni","4","I really enjoyed the vibes of this spot, from the inside bar to the outside.. it was pretty chill. The food was good, ho","gm@nuvole22.com","","","","2026-04-29"
"Restaurant Constance","2200 Thrift Rd, Charlotte, NC 28208, USA","(980) 549-1999","https://restaurantconstance.com/","https://maps.google.com/?cid=15815498113267041712&g_mp=CiVnb29nbGUubWFwcy5wbGFjZXMudjEuUGxhY2VzLkdldFBsYWNlEAIYBCAA","4.8","292","5","5","0","5","Scott Grody","5","What a fantastic meal! Restaurant Constance is one of our favorite meals in Charlotte. Our server Kyle was attentive and","user@domain.com","","","",""
"Fleming’s Prime Steakhouse & Wine Bar","210 E Trade St Suite C-110, Charlotte, NC 28202, USA","(704) 333-4266","https://www.flemingssteakhouse.com/Locations/NC/Charlotte?y_source=1_MTU1MDMxNjAtNzE1LWxvY2F0aW9uLndlYnNpdGU%3D","https://maps.google.com/?cid=4073957329690711800&g_mp=CiVnb29nbGUubWFwcy5wbGFjZXMudjEuUGxhY2VzLkdldFBsYWNlEAIYBCAA","4.5","1066","5","5","0","4","Ace “Ace” The Great","4","Late post from July ‘25: Stopped in for a birthday dinner and it was pretty good. I recall there were a few things that","info@flemingssteakhouse.com","","","","2026-04-29"
"Cajun Queen","1800 E 7th St, Charlotte, NC 28204, USA","(704) 377-9017","http://www.cajunqueen.com/","https://maps.google.com/?cid=2221693910488875226&g_mp=CiVnb29nbGUubWFwcy5wbGFjZXMudjEuUGxhY2VzLkdldFBsYWNlEAIYBCAA","4.5","3002","5","5","0","5","Damian Lew","5","This review comes a lot late from our visit to Charlotte last year in July, but I really enjoyed this restaurant for the","timfreer@gmail.com","","","","2026-04-29"
"The Public House","300 S Brevard St, Charlotte, NC 28202, USA","(704) 595-3091","http://thepublichouseclt.com/","https://maps.google.com/?cid=6878699751410374409&g_mp=CiVnb29nbGUubWFwcy5wbGFjZXMudjEuUGxhY2VzLkdldFBsYWNlEAIYBCAA","4.1","569","5","5","0","4","Nehal","4","This restaurant is walkable distance from Nascar hall of fame, excellent for hanging out with a group and to watch sport","thepublichouseclt@gmail.com","","","","2026-04-29"
"Mimosa Grill","327 S Tryon St, Charlotte, NC 28202, USA","(704) 343-0700","https://mimosagrill.com/","https://maps.google.com/?cid=14458552959794463096&g_mp=CiVnb29nbGUubWFwcy5wbGFjZXMudjEuUGxhY2VzLkdldFBsYWNlEAIYBCAA","4.2","1284","5","5","0","4","Wendy L","4","Mimosa Grill in Uptown Charlotte sounds like a breakfast / brunch spot but I actually came out here for dinner with our","info@mimosagrill.com","","","","2026-04-29"
"Dressler's","1100 Metropolitan Ave #125, Charlotte, NC 28204, USA","(704) 909-6295","http://www.dresslersrestaurant.com/","https://maps.google.com/?cid=4147288302771679495&g_mp=CiVnb29nbGUubWFwcy5wbGFjZXMudjEuUGxhY2VzLkdldFBsYWNlEAIYBCAA","4.6","1315","5","5","0","5","Ari Asher","5","Good food and attentive service. Enjoyed the food and the atmosphere. Quiet enough to have a conversation. Had the Grill","info@dresslersrestaurant.com","","","","2026-04-29"
"Mother's Comfort Food & Cocktails","4271 Park Rd B, Charlotte, NC 28209, USA","(980) 202-7434","http://motherscomfortfoods.com/","https://maps.google.com/?cid=965995357131673901&g_mp=CiVnb29nbGUubWFwcy5wbGFjZXMudjEuUGxhY2VzLkdldFBsYWNlEAIYBCAA","4.3","269","5","5","0","5","Barbara Clavelo","5","Tried Mother’s Comfort Food & Cocktails for the first time, and I’m so glad I did! 🤍✨ The food was absolutely delicious","info@motherscomfortfoods.com","","","","2026-04-29"
"JINYA Ramen Bar - Ally Charlotte Center","601 S Tryon St Unit 132, Charlotte, NC 28202, USA","(704) 817-7911","https://www.jinyaramenbar.com/locations/allycharlotte/?utm_medium=soci&utm_source=gmb","https://maps.google.com/?cid=12809506081170965370&g_mp=CiVnb29nbGUubWFwcy5wbGFjZXMudjEuUGxhY2VzLkdldFBsYWNlEAIYBCAA","4.7","6392","5","5","0","5","Myko B","5","Great spot. Our waitress, Sophie, was awesome, polite, and very attentive. She even asked us if there are any allergy co","info@jinyaramenbar.com","","","","2026-04-29"
"Sea Level NC","129 E 5th St, Charlotte, NC 28202, USA","(704) 412-2616","http://sealevelnc.com/","https://maps.google.com/?cid=11669561208969192437&g_mp=CiVnb29nbGUubWFwcy5wbGFjZXMudjEuUGxhY2VzLkdldFBsYWNlEAIYBCAA","4.5","2231","5","5","0","4","naptural87","4","Holly, our waitress, was great!  All of the food was wonderful. Chargrilled oysters, clam chowder, lobster bisque, shrim","sealevel@eat704.com","","","","2026-04-29"
"Midnight Diner","420 E Trade St, Charlotte, NC 28202, USA","(980) 207-3641","https://midnightdinercharlotte.com/","https://maps.google.com/?cid=13711931561475075627&g_mp=CiVnb29nbGUubWFwcy5wbGFjZXMudjEuUGxhY2VzLkdldFBsYWNlEAIYBCAA","4.4","9990","5","5","0","4","TORIF","4","Besides the wait which was expected, everything was pretty good. I was in a group of 9 and they were able to accommodate","midnightdinercharlotte@gmail.com","","","","2026-04-29"
"Chima Steakhouse","139 S Tryon St, Charlotte, NC 28202, USA","(704) 601-4141","http://www.chimasteakhouse.com/","https://maps.google.com/?cid=17724984824141256313&g_mp=CiVnb29nbGUubWFwcy5wbGFjZXMudjEuUGxhY2VzLkdldFBsYWNlEAIYBCAA","4.6","5598","5","5","0","5","Tamika James","5","We reserved this restaurant for my birthday, they totally exceeded my expectations. The ambience was soft and romantic t","info@chimasteakhouse.com","","","","2026-04-29"
"Dos Caminos","601 S Tryon St #135, Charlotte, NC 28202, USA","(980) 443-2032","https://www.doscaminos.com/location/charlotte/","https://maps.google.com/?cid=7833282251210492368&g_mp=CiVnb29nbGUubWFwcy5wbGFjZXMudjEuUGxhY2VzLkdldFBsYWNlEAIYBCAA","4.4","1489","5","5","0","5","Cindy Stockwell","5","First time having dinner and it was great!  The ambiance, the service and the food were excellent.  The food was good qu","info@doscaminos.com","","","","2026-04-29"
"L'Ostrica","4701 Park Rd, Charlotte, NC 28209, USA","(704) 516-7283","https://www.lostricaclt.com/","https://maps.google.com/?cid=8412837494103397786&g_mp=CiVnb29nbGUubWFwcy5wbGFjZXMudjEuUGxhY2VzLkdldFBsYWNlEAIYBCAA","4.8","116","5","5","0","4","Joseph Dalton","4","The experience at L’Ostrica didn’t live up to the expectations set by the reputation or the price point. The plating was","hello@lostricaclt.com","","","","2026-04-29"
"McNinch House Restaurant","511 N Church St, Charlotte, NC 28202, USA","(704) 332-6159","http://www.mcninchhouserestaurant.com/","https://maps.google.com/?cid=6229517186173626559&g_mp=CiVnb29nbGUubWFwcy5wbGFjZXMudjEuUGxhY2VzLkdldFBsYWNlEAIYBCAA","4.6","268","5","5","0","5","Katerina and Xingmin Lu","5","McNinch House Restaurant in Charlotte, NC, is a hidden gem. Our second visit for our 25th wedding anniversary reaffirmed","mcninchhouse@gmail.com","","","","2026-04-29"
"The Oceanaire Seafood Room","40 Court St, Boston, MA 02108, USA","(617) 742-2277","https://www.theoceanaire.com/location/boston-ma/","https://maps.google.com/?cid=16021313810345493103&g_mp=CiVnb29nbGUubWFwcy5wbGFjZXMudjEuUGxhY2VzLkdldFBsYWNlEAIYBCAA","4.3","1157","5","5","3","2","Ben Royce","2","Went here on Valentines evening. Had a reservation for 8pm and still ended up waiting an hour for a table. The front of","info@theoceanaire.com","","","","2026-04-29"
"Shōjō Boston","9A Tyler St, Boston, MA 02111, USA","(617) 482-8887","http://shojoboston.com/","https://maps.google.com/?cid=18192699274326995476&g_mp=CiVnb29nbGUubWFwcy5wbGFjZXMudjEuUGxhY2VzLkdldFBsYWNlEAIYBCAA","4.3","1382","5","5","3","1","Holt","1","Was here last in 2022 and food was genuinely good. Not sure what happened, but it has gone off the rails. Got the fries","user@domain.com","","","",""
"Ramsay's Kitchen by Gordon Ramsay - Boston","774 Boylston St, Boston, MA 02199, USA","(857) 289-0771","https://www.gordonramsayrestaurants.com/en/us/ramsays-kitchen/locations/boston?utm_source=gmb&utm_medium=uberall&utm_campaign=business_profile","https://maps.google.com/?cid=12202988763203038281&g_mp=CiVnb29nbGUubWFwcy5wbGFjZXMudjEuUGxhY2VzLkdldFBsYWNlEAIYBCAA","4","1829","5","5","2","3","Waynoka Marina Pointe","3","Although the place was lovely, our water glasses were constantly empty. Dishes were seldom taken from the table. The ser","info@gordonramsayrestaurants.com","","","",""
"Carmelina's","307 Hanover St, Boston, MA 02113, USA","(617) 742-0020","http://carmelinasboston.com/","https://maps.google.com/?cid=4097816954914834789&g_mp=CiVnb29nbGUubWFwcy5wbGFjZXMudjEuUGxhY2VzLkdldFBsYWNlEAIYBCAA","4.6","2765","5","5","1","3","Comede Et Explora","3","We had high expectations for our meal given reviews but were left feeling disappointed from our experience. While the re","info@carmelinasboston.com","","","","2026-04-29"
"Estella Restaurant","49 Temple Pl, Boston, MA 02111, USA","(617) 855-9869","https://www.estellaboston.com/","https://maps.google.com/?cid=2165431099164448972&g_mp=CiVnb29nbGUubWFwcy5wbGFjZXMudjEuUGxhY2VzLkdldFBsYWNlEAIYBCAA","4.3","1087","5","5","1","3","Tiffany Probasco-Francis","3","Great ambiance and drinks! The vegan selections are pretty terrible and are covered in the same tomato sauce that was sp","info@estellaboston.com","","","","2026-04-29"
"Back Deck","2 West St, Boston, MA 02111, USA","(617) 670-0320","http://www.backdeckboston.com/","https://maps.google.com/?cid=15534142504070194882&g_mp=CiVnb29nbGUubWFwcy5wbGFjZXMudjEuUGxhY2VzLkdldFBsYWNlEAIYBCAA","4.1","1597","5","5","1","3","Ami A","3","Very cool atmosphere with open windows.  Had eggs and the cheese was just thrown on top.  Spouse had chicken sandwich, b","info@backdeckboston.com","","","","2026-04-29"
"1928 Beacon Hill","97 Mt Vernon St, Boston, MA 02108, USA","(617) 356-0900","http://1928beaconhill.com/","https://maps.google.com/?cid=5691132589811207117&g_mp=CiVnb29nbGUubWFwcy5wbGFjZXMudjEuUGxhY2VzLkdldFBsYWNlEAIYBCAA","4.3","539","5","5","1","2","R L H","2","I’m truly embarrassed for this establishment. I’ve been before and it was fine, but they have no business accepting grou","user@domain.com","","","",""
"Terra","800 Boylston St, Boston, MA 02199, USA","(617) 807-7307","https://www.eataly.com/us_en/stores/boston/restaurants","https://maps.google.com/?cid=7688724638922698577&g_mp=CiVnb29nbGUubWFwcy5wbGFjZXMudjEuUGxhY2VzLkdldFBsYWNlEAIYBCAA","3.9","1044","5","5","1","3","Mark Czako","3","Today, I went to Terra to have lunch. Upon arrival, I was greeted by a kind front desk person who immediately took me to","info@eataly.com","","","",""
"Contessa Boston","Rooftop, 3 Newbury St, Boston, MA 02116, USA","(617) 741-3404","https://www.contessaristorante.com/boston/?utm_medium=Click&utm_source=GoogleMyBusiness","https://maps.google.com/?cid=10205792257756794145&g_mp=CiVnb29nbGUubWFwcy5wbGFjZXMudjEuUGxhY2VzLkdldFBsYWNlEAIYBCAA","4","1626","5","5","1","3","joelle correia","3","i have been dying to dine here since they opened... finally got a reservation for Valentine's day. However, now I unders","reservations@contessaboston.com","","","","2026-04-29"
"Grill 23 & Bar","161 Berkeley St, Boston, MA 02116, USA","(617) 542-2255","http://www.grill23.com/","https://maps.google.com/?cid=4980109478314823036&g_mp=CiVnb29nbGUubWFwcy5wbGFjZXMudjEuUGxhY2VzLkdldFBsYWNlEAIYBCAA","4.6","2395","5","5","1","1","Patrick russo","1","Me and my fiancée went to Grill 23 for Valentine’s Day yesterday and we were so excited to do so as it looked great. Whe","info@grill23.com","","","","2026-04-29"
"Sonsie","327 Newbury St, Boston, MA 02115, USA","(617) 351-2500","http://www.sonsieboston.com/","https://maps.google.com/?cid=13172090000666480009&g_mp=CiVnb29nbGUubWFwcy5wbGFjZXMudjEuUGxhY2VzLkdldFBsYWNlEAIYBCAA","4.2","2048","5","5","1","2","Laurence","2","Food is soso Found it simple and not that great. Had noodles and sprouts appetiser. Sprouts were v good - tasty well sea","info@sonsieboston.com","","","","2026-04-29"
"Stillwater","120 Kingston St, Boston, MA 02111, USA","(617) 936-3079","http://www.stillwaterboston.com/","https://maps.google.com/?cid=5387495192595858952&g_mp=CiVnb29nbGUubWFwcy5wbGFjZXMudjEuUGxhY2VzLkdldFBsYWNlEAIYBCAA","4.4","730","5","5","1","3","Paola Gutierrez","3","Stopped here for a quick mid-afternoon bite. Ordered a side of the Mac & cheese and fries. The fries were really good (n","info@stillwaterboston.com","","","","2026-04-29"
"Abe & Louie's","793 Boylston St, Boston, MA 02116, USA","(617) 536-6300","http://www.abeandlouies.com/","https://maps.google.com/?cid=4279612748889686853&g_mp=CiVnb29nbGUubWFwcy5wbGFjZXMudjEuUGxhY2VzLkdldFBsYWNlEAIYBCAA","4.5","2900","5","5","1","1","brent beaupre","1","If you love a great steakhouse, Boston has far better options than this.  After spending roughly $500 on dinner for two,","info@abeandlouies.com","","","","2026-04-29"
"French Quarter","545 Washington St, Boston, MA 02111, USA","(617) 542-5555","http://frenchquarterboston.com/","https://maps.google.com/?cid=1470590486423128290&g_mp=CiVnb29nbGUubWFwcy5wbGFjZXMudjEuUGxhY2VzLkdldFBsYWNlEAIYBCAA","4.3","855","5","5","1","2","Madison Gaudencio","2","My main reason for the two-star review is because of the service. The restaurant was not busy by any means when my party","info@frenchquarterboston.com","","","","2026-04-29"
"The Black Rose","160 State St, Boston, MA 02109, USA","(857) 465-4100","https://www.blackroseboston.com/","https://maps.google.com/?cid=10859683075073404780&g_mp=CiVnb29nbGUubWFwcy5wbGFjZXMudjEuUGxhY2VzLkdldFBsYWNlEAIYBCAA","4.4","4505","5","5","1","3","Jaskaran Virdi","3","I got a clam chowder and guiness. The clam chowder wasn't served hot. Better clam chowder at Quincy market. The Guinness","info@blackroseboston.com","","","","2026-04-29"
"Joia Restaurant & Lounge","195 State St, Boston, MA 02109, USA","(857) 277-0782","http://joiaboston.com/","https://maps.google.com/?cid=4516286559013008224&g_mp=CiVnb29nbGUubWFwcy5wbGFjZXMudjEuUGxhY2VzLkdldFBsYWNlEAIYBCAA","4.3","698","5","5","1","2","Israel Timberlake","2","We had high hopes coming in, but the experience ended up being pretty underwhelming. The food itself was just okay—nothi","joiaboston195@gmail.com","","","","2026-04-29"
"The Merchant Kitchen & Drinks","60 Franklin St, Boston, MA 02110, USA","(617) 482-6060","http://www.themerchantboston.com/","https://maps.google.com/?cid=5842815181353744420&g_mp=CiVnb29nbGUubWFwcy5wbGFjZXMudjEuUGxhY2VzLkdldFBsYWNlEAIYBCAA","4.2","1045","5","5","1","3","Mark Czako","3","Today, I went to The Merchant for lunch with my friends. Upon arrival, the front desk personnel kindly welcomed us at th","info@themerchantboston.com","","","","2026-04-29"
"The Salty Pig","130 Dartmouth St, Boston, MA 02116, USA","(617) 536-6200","http://www.thesaltypig.com/","https://maps.google.com/?cid=13714774355246138177&g_mp=CiVnb29nbGUubWFwcy5wbGFjZXMudjEuUGxhY2VzLkdldFBsYWNlEAIYBCAA","4.5","1999","5","5","0","5","Grace Z","5","Came in on Monday evening to try their pizza and cocktails. Their open pizza oven added to the amazing general ambiance.","user@domain.com","","","",""
"Boston Sail Loft","80 Atlantic Ave, Boston, MA 02110, USA","(617) 227-7280","https://www.thebostonsailloft.com/","https://maps.google.com/?cid=2951276788102859512&g_mp=CiVnb29nbGUubWFwcy5wbGFjZXMudjEuUGxhY2VzLkdldFBsYWNlEAIYBCAA","4.6","6236","5","5","0","4","Arest 87","4","The place is nice and we saw a lot of people waiting. So we figured it must be good! We waited 50 minutes to get seated","info@thebostonsailloft.com","","","","2026-04-29"
"Union Oyster House","41 Union St, Boston, MA 02108, USA","(617) 227-2750","http://www.unionoysterhouse.com/?y_source=1_MjY4Nzk0MjktNzE1LWxvY2F0aW9uLndlYnNpdGU%3D","https://maps.google.com/?cid=6319045547406381352&g_mp=CiVnb29nbGUubWFwcy5wbGFjZXMudjEuUGxhY2VzLkdldFBsYWNlEAIYBCAA","4.3","10884","5","5","0","4","Keith Moore","4","Ok, Union Oyster House is a bit touristy; I will give you that.  But there is a reason this is America’s oldest continuo","info@unionoysterhouse.com","","","","2026-04-29"
"Buttermilk & Bourbon - Back Bay","160 Commonwealth Ave, Boston, MA 02116, USA","(617) 266-1122","https://www.buttermilkbourbon.com/","https://maps.google.com/?cid=4801486170787025576&g_mp=CiVnb29nbGUubWFwcy5wbGFjZXMudjEuUGxhY2VzLkdldFBsYWNlEAIYBCAA","4.4","2898","5","5","0","4","Mariia Pohoretska","4","Can I bee honest? I am not picky, I am just honest as had 5+ years wine & travel experience where we would stay at resta","info@buttermilkbourbon.com","","","","2026-04-29"
"Saltie Girl","279 Dartmouth St, Boston, MA 02116, USA","(617) 267-0691","http://www.saltiegirl.com/","https://maps.google.com/?cid=1850195991803436904&g_mp=CiVnb29nbGUubWFwcy5wbGFjZXMudjEuUGxhY2VzLkdldFBsYWNlEAIYBCAA","4.4","4010","5","5","0","4","Gautam Pradeep","4","We enjoyed our dinner here! Overall, food and service were satisfactory. Although, the warm lobster roll did not live up","boston@saltiegirl.com.saltie","","","","2026-04-29"
"Yvonne's","2 Winter Pl, Boston, MA 02108, USA","(617) 267-0047","http://www.yvonnesboston.com/","https://maps.google.com/?cid=14225169544974856412&g_mp=CiVnb29nbGUubWFwcy5wbGFjZXMudjEuUGxhY2VzLkdldFBsYWNlEAIYBCAA","4.5","3608","5","5","0","4","Patricio de la Torre Becerra","4","Yvonne’s is a very cool spot with a great vibe and stylish atmosphere, perfect for a night out. The food was good overal","info@yvonnesboston.com","","","","2026-04-29"
"Bostonia Public House","131 State St, Boston, MA 02109, USA","(617) 948-9800","https://www.bostoniapublichouse.com/","https://maps.google.com/?cid=8164539477536477905&g_mp=CiVnb29nbGUubWFwcy5wbGFjZXMudjEuUGxhY2VzLkdldFBsYWNlEAIYBCAA","4.4","3782","5","5","0","4","Russell Hirschorn","4","Walking in smells like a pub, but the food and whisky list made it classier. Rib, wings and mozzerela were all tasty. Bu","info@bostoniapublichouse.com","","","","2026-04-29"
"Citrus & Salt Boston","319 A St, Boston, MA 02210, USA","(617) 424-6711","https://www.citrusandsaltboston.com/","https://maps.google.com/?cid=1561204278875599866&g_mp=CiVnb29nbGUubWFwcy5wbGFjZXMudjEuUGxhY2VzLkdldFBsYWNlEAIYBCAA","4.3","1856","5","5","0","4","Melissa Abou Khalil","4","This is one good Mexican place in Boston. I fell in love with the interior, so festive with great vibes. The food is rel","info@citrusandsaltboston.com","","","","2026-04-29"
"Joe’s on Newbury","181 Newbury St, Boston, MA 02116, USA","(617) 536-4200","http://joesonnewbury.com/","https://maps.google.com/?cid=9465533841460701411&g_mp=CiVnb29nbGUubWFwcy5wbGFjZXMudjEuUGxhY2VzLkdldFBsYWNlEAIYBCAA","4.3","3618","5","5","0","4","Gloria Ha","4","We came here after seeing people watching the football game inside. We got the last table which had a side view of the T","newbury@joesamerican.com","","","","2026-04-29"
"Beehive Restaurant","541 Tremont St, Boston, MA 02116, USA","(617) 423-0069","http://beehiveboston.com/","https://maps.google.com/?cid=2492766943616675372&g_mp=CiVnb29nbGUubWFwcy5wbGFjZXMudjEuUGxhY2VzLkdldFBsYWNlEAIYBCAA","4.4","3395","5","5","0","4","Hannah","4","This restaurant has a great vibe with live music and delicious food. My friends and I went for brunch while they were pl","info@beehiveboston.com","","","","2026-04-29"
"Mariel","10 Post Office Square #120, Boston, MA 02109, USA","(617) 333-8776","https://www.marielofficial.com/","https://maps.google.com/?cid=10602375474925968156&g_mp=CiVnb29nbGUubWFwcy5wbGFjZXMudjEuUGxhY2VzLkdldFBsYWNlEAIYBCAA","4.1","1870","5","5","0","5","K M","5","First time here to celebrate a birthday and we weren’t disappointed at all. Our server was incredibly helpful and kind,","info@marielofficial.com","","","","2026-04-29"
"La Famiglia Giorgio's Restaurant","112 Salem St, Boston, MA 02113, USA","(617) 367-6711","http://www.lafamigliagiorgios.com/","https://maps.google.com/?cid=4968915213007607993&g_mp=CiVnb29nbGUubWFwcy5wbGFjZXMudjEuUGxhY2VzLkdldFBsYWNlEAIYBCAA","4.4","3298","5","5","0","4","Livi","4","This place had some delicious food! Large portions, great service and authentic cuisine. We came here for a double date","info@lafamigliagiorgios.com","","","","2026-04-29"
"Mamma Maria","3 N Square #1, Boston, MA 02113, USA","(617) 523-0077","http://www.mammamaria.com/","https://maps.google.com/?cid=7697529779696341621&g_mp=CiVnb29nbGUubWFwcy5wbGFjZXMudjEuUGxhY2VzLkdldFBsYWNlEAIYBCAA","4.7","2103","5","5","0","4","M","4","Great place. $$$$.The ambiance was great-very romantic. The service was spot on.  The waiter was very knowledgeable,poli","info@mammamaria.com","","","","2026-04-29"
"Legal Sea Foods - Harborside","270 Northern Ave, Boston, MA 02210, USA","(617) 477-2900","https://www.legalseafoods.com/locations/boston-harborside/","https://maps.google.com/?cid=4620113031714205602&g_mp=CiVnb29nbGUubWFwcy5wbGFjZXMudjEuUGxhY2VzLkdldFBsYWNlEAIYBCAA","4.4","6534","5","5","0","5","Libby Griffin","5","I loved my dining experience here! I made an online reservation, requesting a seat nearby a window so I could see the su","info@legalseafoods.com","","","","2026-04-29"
"Time Out Market Boston","401 Park Dr, Boston, MA 02215, USA","(978) 393-8088","https://www.timeoutmarket.com/boston/","https://maps.google.com/?cid=13983029843173631675&g_mp=CiVnb29nbGUubWFwcy5wbGFjZXMudjEuUGxhY2VzLkdldFBsYWNlEAIYBCAA","4.4","2564","5","5","0","4","Wendy M.","4","I’ve been a fan of the Time Out brand for years, so when I planned my Boston trip and saw there was a Time Out Market in","infoboston@timeoutmarket.com","","","","2026-04-29"
"The Barking Crab","88 Sleeper St, Boston, MA 02210, USA","(617) 426-2722","http://www.barkingcrab.com/","https://maps.google.com/?cid=2939844587404906291&g_mp=CiVnb29nbGUubWFwcy5wbGFjZXMudjEuUGxhY2VzLkdldFBsYWNlEAIYBCAA","4.1","6747","5","5","0","4","Kaylah Carruthers","4","The Barking Crab is a Boston classic. The restaurant has a very nice atmosphere  and is located right on the water. The","info@barkingcrab.com","","","","2026-04-29"
"Mooo.... Beacon Hill","15 Beacon St, Boston, MA 02108, USA","(617) 670-2515","https://mooorestaurant.com/mooo-beaconhill/","https://maps.google.com/?cid=1056010191334569853&g_mp=CiVnb29nbGUubWFwcy5wbGFjZXMudjEuUGxhY2VzLkdldFBsYWNlEAIYBCAA","4.5","1431","5","5","0","5","Hope Pettengill","5","I have heard a lot about Moo but never had gone yet. Was impressed and hype to be there. We were instantly greeted by th","kailee@lukendigital.com","","","","2026-04-29"
"Trade","540 Atlantic Ave, Boston, MA 02210, USA","(617) 451-1234","https://www.trade-boston.com/","https://maps.google.com/?cid=16922817193187153994&g_mp=CiVnb29nbGUubWFwcy5wbGFjZXMudjEuUGxhY2VzLkdldFBsYWNlEAIYBCAA","4.4","967","5","5","0","4","Sean","4","Place was awesome. Had to wait about 20 minutes post reservation checkin because they were backed up, gave us a free rou","info@trade-boston.com","","","","2026-04-29"
"State Street Provisions","255 State St, Boston, MA 02109, USA","(617) 863-8363","http://www.statestreetprovisions.com/","https://maps.google.com/?cid=11422642051644273234&g_mp=CiVnb29nbGUubWFwcy5wbGFjZXMudjEuUGxhY2VzLkdldFBsYWNlEAIYBCAA","4.4","2231","5","5","0","4","J • B •","4","State Street Provisions was a good find. The fried chicken sandwich was crispy, saucy, and perfectly balanced with that","user@domain.com","","","",""
"Atlantic Fish Company","761 Boylston St, Boston, MA 02116, USA","(617) 267-4000","https://www.atlanticfish.com/","https://maps.google.com/?cid=7117694564751100155&g_mp=CiVnb29nbGUubWFwcy5wbGFjZXMudjEuUGxhY2VzLkdldFBsYWNlEAIYBCAA","4.6","4177","5","5","0","4","Yanisa Suriyamongkol","4","It was recommended to us for the clam chowder, and we wanted light dinner so we decided to try it here. Service was exce","info@atlanticfish.com","","","","2026-04-29"
"Little Sage","352 Hanover St, Boston, MA 02113, USA","(617) 742-9600","https://littlesageboston.com/","https://maps.google.com/?cid=2150672505378769989&g_mp=CiVnb29nbGUubWFwcy5wbGFjZXMudjEuUGxhY2VzLkdldFBsYWNlEAIYBCAA","4.5","145","5","5","0","4","Gabbie Kim","4","We visited on Saturday and the restaurant was packed and quite chaotic. We ordered the octopus, kale pasta, and squid in","info@littlesageboston.com","","","","2026-04-29"
"Lolita Fort Point","253 Summer St, Boston, MA 02210, USA","(617) 369-0931","http://www.lolitamexican.com/","https://maps.google.com/?cid=16090889998078764975&g_mp=CiVnb29nbGUubWFwcy5wbGFjZXMudjEuUGxhY2VzLkdldFBsYWNlEAIYBCAA","4.3","3954","5","5","0","5","Gillian Williams","5","Our waitress was very attentive and gave lots of recommendations. We had a party of seven with a large variety of food:","info@lolitamexican.com","","","","2026-04-29"
"Parish Cafe & Bar","361 Boylston St, Boston, MA 02116, USA","(617) 247-4777","http://parishcafe.com/","https://maps.google.com/?cid=11774053818870242533&g_mp=CiVnb29nbGUubWFwcy5wbGFjZXMudjEuUGxhY2VzLkdldFBsYWNlEAIYBCAA","4.5","1948","5","5","0","4","Jackie Adler","4","My husband and I stopped here for dinner before the July 4th fireworks. We sat at the bar and enjoyed chatting with the","info@parishcafe.com","","","","2026-04-29"
"Amber Road","100 Federal St, Boston, MA 02110, USA","(617) 936-3597","http://www.amberroadboston.com/","https://maps.google.com/?cid=11534955220483928157&g_mp=CiVnb29nbGUubWFwcy5wbGFjZXMudjEuUGxhY2VzLkdldFBsYWNlEAIYBCAA","4.8","209","5","5","0","5","Max Wrightman","5","The food was delicious! Highly recommend the steak spring rolls for a starter. Our server Ana was absolutely wonderful.","user@domain.com","","","",""
"Legal Sea Foods - Downtown Crossing","558 Washington St, Boston, MA 02111, USA","(617) 692-8888","https://www.legalseafoods.com/locations/boston-downtown-crossing/","https://maps.google.com/?cid=5077431844965051393&g_mp=CiVnb29nbGUubWFwcy5wbGFjZXMudjEuUGxhY2VzLkdldFBsYWNlEAIYBCAA","4.2","1837","5","5","0","4","Ilves","4","Legal Sea Foods is a well-known chain of restaurants in Boston, and I visited the location in the town center for dinner","info@legalseafoods.com","","","","2026-04-29"
"Neptune Oyster","63 Salem St # 1, Boston, MA 02113, USA","(617) 742-3474","http://www.neptuneoyster.com/","https://maps.google.com/?cid=4320043846255745255&g_mp=CiVnb29nbGUubWFwcy5wbGFjZXMudjEuUGxhY2VzLkdldFBsYWNlEAIYBCAA","4.3","4795","5","5","0","5","Rick Vattimo","5","Finally made it through the line and ate here - actually I went at 2:00 in the afternoon on a cold Tuesday and I walked","user@domain.com","","","",""
"Boqueria Seaport","25 Thomson Pl, Boston, MA 02210, USA","(857) 491-0857","https://boqueriarestaurant.com/location/bos-seaport/?utm_source=organic&utm_medium=gmb","https://maps.google.com/?cid=15821072334441956170&g_mp=CiVnb29nbGUubWFwcy5wbGFjZXMudjEuUGxhY2VzLkdldFBsYWNlEAIYBCAA","4.7","1563","5","5","0","4","Madison Gaudencio","4","The food was delicious here. Our waitress was so friendly and answered any questions our table had. I wish I could remem","info@boqueriarestaurant.com","","","",""
"Row 34 - Seaport | Boston","383 Congress St, Boston, MA 02210, USA","(617) 553-5900","http://row34.com/","https://maps.google.com/?cid=13328531444327232542&g_mp=CiVnb29nbGUubWFwcy5wbGFjZXMudjEuUGxhY2VzLkdldFBsYWNlEAIYBCAA","4.6","4009","5","5","0","5","Maggie P.","5","Great, great food with even greater service! I was on the hunt for the best lobster roll around Boston and after doing a","rachael@row34.comchef","","","","2026-04-29"
"Bistro du Midi","272 Boylston St, Boston, MA 02116, USA","(617) 279-8000","http://www.bistrodumidi.com/","https://maps.google.com/?cid=14747769333194849535&g_mp=CiVnb29nbGUubWFwcy5wbGFjZXMudjEuUGxhY2VzLkdldFBsYWNlEAIYBCAA","4.4","1206","5","5","0","4","Ying Xiao","4","My fifth and last Dine Out Boston 2026 Winter visit: Bistro du Midi, boasting views of Boston Common. A fusion restauran","info@bistrodumidi.com","","","","2026-04-29"
"Cafe Bonjour","55 Temple Pl, Boston, MA 02111, USA","(617) 779-0062","https://www.cafebonjourboston.com/","https://maps.google.com/?cid=4900119958744411723&g_mp=CiVnb29nbGUubWFwcy5wbGFjZXMudjEuUGxhY2VzLkdldFBsYWNlEAIYBCAA","4.7","3087","5","5","0","5","Reetu","5","I’ve been to Cafe Bonjour twice now, and while there is usually a 30+ minute wait, it is always worth it. The prices are","info@cafebonjourboston.com","","","","2026-04-29"
"Bar Volpe","170 W Broadway, Boston, MA 02127, USA","(617) 865-7100","https://www.barvolpe.com/","https://maps.google.com/?cid=897177968793692546&g_mp=CiVnb29nbGUubWFwcy5wbGFjZXMudjEuUGxhY2VzLkdldFBsYWNlEAIYBCAA","4.5","451","5","5","0","4","Gabbie Kim","4","Overall, the food was good, but nothing truly surprised me or felt so memorable that I couldn’t imagine finding somethin","info@barvolpe.com","","","","2026-04-29"
"The Q","660 Washington St, Boston, MA 02111, USA","(857) 350-3968","https://www.thequsa.com/?y_source=1_OTM1MjkzMjgtNzE1LWxvY2F0aW9uLndlYnNpdGU%3D","https://maps.google.com/?cid=9127039794404730462&g_mp=CiVnb29nbGUubWFwcy5wbGFjZXMudjEuUGxhY2VzLkdldFBsYWNlEAIYBCAA","4.6","3427","5","5","0","5","Sarah Nguyen","5","We went to The Q in Boston on Christmas, and it was absolutely buzzing — lively, crowded, and full of energy. Reservatio","billygu@thequsa.com","","","","2026-04-29"
"Central Wharf Co.","160 Milk St, Boston, MA 02109, USA","(617) 451-9460","https://www.centralwharfco.com/","https://maps.google.com/?cid=858491580662495985&g_mp=CiVnb29nbGUubWFwcy5wbGFjZXMudjEuUGxhY2VzLkdldFBsYWNlEAIYBCAA","4.4","1872","5","5","0","4","Eve","4","They just reopened and had some Mexican dishes. It’s not authentic Mexican food but it’s very good. The service was good","info@centralwharfco.com","","","","2026-04-29"
"Giacomo's Boston North End","355 Hanover St, Boston, MA 02113, USA","(617) 523-9026","https://www.giacomosboston.com/","https://maps.google.com/?cid=4337106959215827769&g_mp=CiVnb29nbGUubWFwcy5wbGFjZXMudjEuUGxhY2VzLkdldFBsYWNlEAIYBCAA","4.3","3196","5","5","0","4","Taylor Pakenham","4","Food was great and staff was very attentive. No reservation was needed and we were able to be seated immediately. A bit","user@domain.com","","","",""
"The Palm - Boston","1 International Pl, Boston, MA 02110, USA","(617) 867-9292","https://www.thepalm.com/restaurants/boston/","https://maps.google.com/?cid=13795161582726202713&g_mp=CiVnb29nbGUubWFwcy5wbGFjZXMudjEuUGxhY2VzLkdldFBsYWNlEAIYBCAA","4.4","793","5","5","0","5","Papi 3462","5","Absolutely beautiful interior. Vaulted ceilings and every attention to detail. The environment makes you feel like you'r","info@thepalm.com","","","",""
"Chickadee","21 Drydock Ave, Boston, MA 02210, USA","(617) 531-5591","https://www.chickadeerestaurant.com/","https://maps.google.com/?cid=2235193771864516633&g_mp=CiVnb29nbGUubWFwcy5wbGFjZXMudjEuUGxhY2VzLkdldFBsYWNlEAIYBCAA","4.7","657","5","5","0","4","Alex Issokson (Boston Foodie)","4","TLDR; amazing food, frustrating service.  We did the pre fixe offering and it was sooo much food, so we were able to try","hello@chickadeerestaurant.com","","","","2026-04-29"
"High Street Place Food Hall","100 High St, Boston, MA 02110, USA","","https://www.highstreetplace.com/?utm_source=gbp&utm_medium=organic&utm_campaign=website-button","https://maps.google.com/?cid=12972097605275821299&g_mp=CiVnb29nbGUubWFwcy5wbGFjZXMudjEuUGxhY2VzLkdldFBsYWNlEAIYBCAA","4.5","636","5","5","0","4","Fang Phattha","4","A lovely food court near South Station. They have a lot of seatings. Most people here seem to be office workers looking","info@highstreetplace.com","","","","2026-04-29"
"Fin Point Oyster Bar + Grille","89 Broad St, Boston, MA 02110, USA","(617) 348-1234","http://www.finpointrestaurant.com/","https://maps.google.com/?cid=5588170838924554251&g_mp=CiVnb29nbGUubWFwcy5wbGFjZXMudjEuUGxhY2VzLkdldFBsYWNlEAIYBCAA","4.5","818","5","5","0","5","TRoberts","5","Fin Point Oyster Bar + Grille at The Dagny is a great  spot if you're looking for a relaxed and stylish place to stop in","user@domain.com","","","",""
"SRV","569 Columbus Ave, Boston, MA 02118, USA","(617) 536-9500","http://www.srvboston.com/","https://maps.google.com/?cid=7621820859707903826&g_mp=CiVnb29nbGUubWFwcy5wbGFjZXMudjEuUGxhY2VzLkdldFBsYWNlEAIYBCAA","4.6","1293","5","5","0","4","abhishek singh","4","We went there on Monday evening. We got seated immediately as we had reservations. Its a well decorated interior place w","user@domain.com","","","",""
"Smith & Wollensky - Boston","Atlantic Wharf, 294 Congress St, Boston, MA 02210, USA","(617) 778-2200","https://www.smithandwollensky.com/locations/boston/","https://maps.google.com/?cid=2092865092033158010&g_mp=CiVnb29nbGUubWFwcy5wbGFjZXMudjEuUGxhY2VzLkdldFBsYWNlEAIYBCAA","4.4","1657","5","5","0","4","Gabbie Kim","4","It was okay overall. I’ve had better steak, but it definitely wasn’t the worst. The seasoning seemed uneven, so the firs","info@smithandwollensky.com","","","",""
"Maison Margaux","224 N 1st St, Minneapolis, MN 55401, USA","(612) 900-1800","http://www.maisonmargauxmpls.com/","https://maps.google.com/?cid=17823009548840382953&g_mp=CiVnb29nbGUubWFwcy5wbGFjZXMudjEuUGxhY2VzLkdldFBsYWNlEAIYBCAA","4.4","641","5","5","3","1","Julia Nelson","1","My boyfriend and I came to Maison Margaux on Valentine's Day and had an insane experience. I felt like I was on an episo","info@ragingbulldigital.com","","","","2026-04-29"
"Umbra Minneapolis","708 S 3rd St, Minneapolis, MN 55415, USA","(612) 540-7323","http://umbrampls.com/","https://maps.google.com/?cid=14772919494021567770&g_mp=CiVnb29nbGUubWFwcy5wbGFjZXMudjEuUGxhY2VzLkdldFBsYWNlEAIYBCAA","4.1","480","5","5","3","1","Jerry Thomas","1","I rarely leave reviews, but my experience here was so disappointing that I felt compelled to share it. This was, without","info@umbrampls.com","","","","2026-04-29"
"Sphere Restaurant & Bar","100 S 5th St, Minneapolis, MN 55402, USA","(612) 552-1509","http://spherempls.com/","https://maps.google.com/?cid=2088813430251592827&g_mp=CiVnb29nbGUubWFwcy5wbGFjZXMudjEuUGxhY2VzLkdldFBsYWNlEAIYBCAA","4.5","157","5","5","3","2","Will N","2","Fun atmosphere, really cool location... Also received incredibly rude service. We stopped by for a couple of drinks; Ord","info@spherempls.com","","","","2026-04-29"
"Luna & The Bear - Kitchen & Libation House","18 W 26th St, Minneapolis, MN 55404, USA","(612) 886-3081","https://lunaandthebearmn.com/?utm_source=google","https://maps.google.com/?cid=16188190507841808839&g_mp=CiVnb29nbGUubWFwcy5wbGFjZXMudjEuUGxhY2VzLkdldFBsYWNlEAIYBCAA","4.5","605","5","5","2","2","Jessica M","2","I was pretty let down with my recent visit. The fries were cold and the cheese curds contained too much cinnamon and the","info@lunaandthebearmn.com","","","","2026-04-29"
"Devil's Advocate Minneapolis","1070 Nicollet Mall, Minneapolis, MN 55403, USA","(612) 482-1816","https://devilsadvocatemn.com/minneapolis/","https://maps.google.com/?cid=2378719863355448342&g_mp=CiVnb29nbGUubWFwcy5wbGFjZXMudjEuUGxhY2VzLkdldFBsYWNlEAIYBCAA","4.3","278","5","5","2","2","vivi tsarouhas","2","At first glance, this place looked really promising. The service was excellent, and the atmosphere is great for grabbing","info@devilsadvocatemn.com","","","","2026-04-29"
"Breva Bar & Grill","1115 2nd Ave S, Minneapolis, MN 55403, USA","(612) 353-6207","https://www.brevabarandgrill.com/?utm_source=google&utm_medium=organic&utm_campaign=gbp-listing","https://maps.google.com/?cid=11093035665600400479&g_mp=CiVnb29nbGUubWFwcy5wbGFjZXMudjEuUGxhY2VzLkdldFBsYWNlEAIYBCAA","4.7","322","5","5","2","2","Marcus Do","2","We ate here while we had a staycation at Hotel Ivy last fall and I am not sure why it has such good reviews - I was not","info@brevabarandgrill.com","","","","2026-04-29"
"La Madre","205 Park Ave D, Minneapolis, MN 55415, USA","(612) 200-8061","http://lamadremn.com/","https://maps.google.com/?cid=13555994397367990782&g_mp=CiVnb29nbGUubWFwcy5wbGFjZXMudjEuUGxhY2VzLkdldFBsYWNlEAIYBCAA","4.2","294","5","5","2","3","Jay Douglas","3","La Madre is definitely a vibe. From the moment you walk in, the ambiance is top tier — warm lighting, intentional design","info@lamadremn.com","","","","2026-04-29"
"Spoon and Stable","211 N 1st St, Minneapolis, MN 55401, USA","(612) 224-9850","http://www.spoonandstable.com/","https://maps.google.com/?cid=14589547885912538400&g_mp=CiVnb29nbGUubWFwcy5wbGFjZXMudjEuUGxhY2VzLkdldFBsYWNlEAIYBCAA","4.7","3029","5","5","1","3","Riley O'Neill","3","I’ve wanted to come here for years. I found the food very underwhelming; I’ve eaten better at home. And when you have su","info@spoonandstable.com","","","","2026-04-29"
"Martina","4312 Upton Ave S, Minneapolis, MN 55410, USA","(612) 922-9913","http://www.martinarestaurant.com/","https://maps.google.com/?cid=7648539650308424048&g_mp=CiVnb29nbGUubWFwcy5wbGFjZXMudjEuUGxhY2VzLkdldFBsYWNlEAIYBCAA","4.7","2017","5","5","1","3","Zoey Zou","3","This restaurant is too overrated, it costs double of the price for a below average quality and experience comparing to s","dine@martinarestaurant.com","","","","2026-04-29"
"Butcher & The Boar","901 N 3rd St Suite 195, Minneapolis, MN 55401, USA","(612) 886-1769","https://www.butcherandtheboarmpls.com/","https://maps.google.com/?cid=4868720213225941202&g_mp=CiVnb29nbGUubWFwcy5wbGFjZXMudjEuUGxhY2VzLkdldFBsYWNlEAIYBCAA","4.6","2963","5","5","1","2","Aldo (Aldogo)","2","We came here really looking forward to a simple, special New Year’s dinner. The service was kind and the ambiance was gr","info@butcherandtheboarmpls.com","","","","2026-04-29"
"The Butcher's Tale","1121 Hennepin Ave, Minneapolis, MN 55403, USA","(612) 236-4075","https://butcherstale.com/","https://maps.google.com/?cid=5843558315108125520&g_mp=CiVnb29nbGUubWFwcy5wbGFjZXMudjEuUGxhY2VzLkdldFBsYWNlEAIYBCAA","4.7","913","5","5","1","3","YJ","3","Somewhere between 3 and 4 star.  I picked this place for my birthday because the photo of the huge ribs totally got me,","btevents@kaskaidhospitality.com","","","","2026-04-29"
"Chloe","700 S 3rd St, Minneapolis, MN 55415, USA","(612) 200-8041","https://chloemn.com/","https://maps.google.com/?cid=4160878747068066396&g_mp=CiVnb29nbGUubWFwcy5wbGFjZXMudjEuUGxhY2VzLkdldFBsYWNlEAIYBCAA","4.6","402","5","5","1","3","Albin Augustin","3","Happy hour drinks were limited but solid. Had two stouts. Happy hour food options are good.  Great ambiance. Solid for d","info@chloebyvincent.com","","","","2026-04-29"
"Red Rabbit Minneapolis","201 N Washington Ave, Minneapolis, MN 55401, USA","(612) 767-8855","https://redrabbitmn.com/north-loop/","https://maps.google.com/?cid=6942448652228094910&g_mp=CiVnb29nbGUubWFwcy5wbGFjZXMudjEuUGxhY2VzLkdldFBsYWNlEAIYBCAA","4.6","3198","5","5","1","3","Gavin","3","The atmosphere was the best part of this place. The unique and dimmed lighting mixed with the relaxed environment makes","info@redrabbitmn.com","","","","2026-04-29"
"Zelo","831 Nicollet Mall, Minneapolis, MN 55402, USA","(612) 333-7000","https://zelompls.com/","https://maps.google.com/?cid=485509924627657902&g_mp=CiVnb29nbGUubWFwcy5wbGFjZXMudjEuUGxhY2VzLkdldFBsYWNlEAIYBCAA","4.7","1835","5","5","1","1","John Heller","1","Very nice restaurant. Drinks were good and the service was great. Unfortunately, the food was not. I ordered the sausage","info@zelompls.com","","","","2026-04-29"
"All Saints Restaurant","222 E Hennepin Ave, Minneapolis, MN 55414, USA","(612) 259-7507","http://allsaintsmpls.com/","https://maps.google.com/?cid=3098127166426220146&g_mp=CiVnb29nbGUubWFwcy5wbGFjZXMudjEuUGxhY2VzLkdldFBsYWNlEAIYBCAA","4.8","553","5","5","1","1","Ray","1","We ordered three main dishes (we did not get the steak).  The panko-crusted halibut was extremely disappointing. The fis","info@allsaintsmpls.com","","","","2026-04-29"
"Borough","730 N Washington Ave, Minneapolis, MN 55401, USA","(612) 354-3135","https://www.boroughmpls.com/?utm_source=2060digital&utm_medium=localseo&utm_campaign=gbp","https://maps.google.com/?cid=1695890235735664592&g_mp=CiVnb29nbGUubWFwcy5wbGFjZXMudjEuUGxhY2VzLkdldFBsYWNlEAIYBCAA","4.5","842","5","5","1","3","H G","3","This review highlights the importance of service. My husband ordered the pork chop and I ordered the faro orzo. The pork","user@domain.com","","","",""
"Sanjusan","33 N 1st Ave, Minneapolis, MN 55401, USA","(612) 354-7763","https://www.sanjusanrestaurant.com/","https://maps.google.com/?cid=14738210719523656420&g_mp=CiVnb29nbGUubWFwcy5wbGFjZXMudjEuUGxhY2VzLkdldFBsYWNlEAIYBCAA","4.7","717","5","5","1","1","Michael Swords","1","I went there for Valentine's Day after hearing good things. Despite having a reservation, we waited over an hour to be s","user@domain.com","","","",""
"Tullibee","300 N Washington Ave, Minneapolis, MN 55401, USA","(651) 468-0600","https://hewinghotel.com/tullibee/?utm_source=google-gbp&utm_medium=organic&utm_campaign=gbp","https://maps.google.com/?cid=10443954604986151935&g_mp=CiVnb29nbGUubWFwcy5wbGFjZXMudjEuUGxhY2VzLkdldFBsYWNlEAIYBCAA","4.5","663","5","5","1","2","sata600","2","Service and atmosphere are great, but the food is below average.  They’re trying too hard to become a 5 star gourmet mea","info@hewinghotel.com","","","",""
"Lumi Restaurant","921 Nicollet Mall, Minneapolis, MN 55402, USA","(612) 315-5249","https://www.lumimn.com/","https://maps.google.com/?cid=15054409624549100866&g_mp=CiVnb29nbGUubWFwcy5wbGFjZXMudjEuUGxhY2VzLkdldFBsYWNlEAIYBCAA","4.6","941","5","5","0","4","Jay Shen","4","Closer to a 4.5 in terms of food quality, and it's only because of a few dishes that were mediocre that made me feel lik","info@lumimn.com","","","","2026-04-29"
"Smack Shack","603 N Washington Ave, Minneapolis, MN 55401, USA","(612) 259-7288","http://www.smack-shack.com/","https://maps.google.com/?cid=16763183703218018032&g_mp=CiVnb29nbGUubWFwcy5wbGFjZXMudjEuUGxhY2VzLkdldFBsYWNlEAIYBCAA","4.5","4272","5","5","0","4","Markeda D.","4","Walked in and were seated right away on the patio. The table was wobbly but they have wedges on the floor to fix that. S","info@smack-shack.com","","","","2026-04-29"
"Bar La Grassa","800 N Washington Ave, Minneapolis, MN 55401, USA","(612) 333-3837","https://www.barlagrassa.com/","https://maps.google.com/?cid=9202019216550583939&g_mp=CiVnb29nbGUubWFwcy5wbGFjZXMudjEuUGxhY2VzLkdldFBsYWNlEAIYBCAA","4.7","2604","5","5","0","5","Joe Daniels","5","The only issue we had is the menu online did not match the menu we were given at the table and the meal I was planning o","user@domain.com","","","",""
"Klassics Kitchen + Cocktails","428 S 2nd St, Minneapolis, MN 55401, USA","(612) 353-5938","https://www.klassicsmn.com/","https://maps.google.com/?cid=13471426325996730845&g_mp=CiVnb29nbGUubWFwcy5wbGFjZXMudjEuUGxhY2VzLkdldFBsYWNlEAIYBCAA","4.8","861","5","5","0","4","Alex Kumlin","4","Loved the location. The photos with the drinks and light were a phone underneath but an led coaster would be pretty neat","info@klassicsmn.com","","","","2026-04-29"
"The Monte Carlo","219 N 3rd Ave, Minneapolis, MN 55401, USA","(612) 333-5900","http://www.montecarlomn.com/","https://maps.google.com/?cid=9324329187752467249&g_mp=CiVnb29nbGUubWFwcy5wbGFjZXMudjEuUGxhY2VzLkdldFBsYWNlEAIYBCAA","4.4","1715","5","5","0","4","Ananya Mishra","4","A beautiful restaurant built in 1906 which is both a happening spot for happy hour as well as evening dinner with your l","user@domain.com","","","",""
"Owamni by The Sioux Chef","420 S 1st St, Minneapolis, MN 55401, USA","(612) 444-1846","http://owamni.com/","https://maps.google.com/?cid=10535934954393470067&g_mp=CiVnb29nbGUubWFwcy5wbGFjZXMudjEuUGxhY2VzLkdldFBsYWNlEAIYBCAA","4.6","2821","5","5","0","5","Chrisknips","5","We decided to walk the pups by the mill ruins park and found this place the menu was so interesting we had to come check","info@owamni.com","","","","2026-04-29"
"Hell's Kitchen Inc.","80 S 9th St, Minneapolis, MN 55402, USA","(612) 332-4700","http://www.hellskitcheninc.com/","https://maps.google.com/?cid=5204213648483518744&g_mp=CiVnb29nbGUubWFwcy5wbGFjZXMudjEuUGxhY2VzLkdldFBsYWNlEAIYBCAA","4.4","7166","5","5","0","5","JENNIFER","5","What a fun, quirky and delicious place to eat!  From the time you enter to the time you walk out the door this place doe","talktous@hellskitcheninc.com","","","","2026-04-29"
"Red Cow North Loop","208 N 1st Ave, Minneapolis, MN 55401, USA","(612) 238-0050","https://redcowmn.com/minneapolis-north-loop/","https://maps.google.com/?cid=15090530190009114383&g_mp=CiVnb29nbGUubWFwcy5wbGFjZXMudjEuUGxhY2VzLkdldFBsYWNlEAIYBCAA","4.6","4732","5","5","0","4","Chris Goggin","4","First time visit since they refreshed the restaurant - it’s very nice.  They also refreshed the menu, better starters an","info@redcowmn.com","","","",""
"Union Rooftop","731 Hennepin Ave #1, Minneapolis, MN 55403, USA","(612) 455-6690","http://unionmpls.com/","https://maps.google.com/?cid=11489130981777386569&g_mp=CiVnb29nbGUubWFwcy5wbGFjZXMudjEuUGxhY2VzLkdldFBsYWNlEAIYBCAA","4.1","2171","5","5","0","4","Gigi Buddecke","4","Mother’s Day brunch success! Little hiccup in service as one of our three bar drinks was delivered and then it took a no","info@unionmpls.com","","","",""
"112 Eatery","112 N 3rd St, Minneapolis, MN 55401, USA","(612) 343-7696","http://www.112eatery.com/","https://maps.google.com/?cid=7748468367697255562&g_mp=CiVnb29nbGUubWFwcy5wbGFjZXMudjEuUGxhY2VzLkdldFBsYWNlEAIYBCAA","4.7","1506","5","5","0","5","Joe Torke","5","I've eaten here many times since they've opened and all my experiences have been top notch. Food is perfectly prepared.","onetwelveeatery@gmail.com","","","",""
"The News Room","990 Nicollet Mall, Minneapolis, MN 55403, USA","(612) 343-0073","http://www.thenewsroommpls.com/home.aspx","https://maps.google.com/?cid=13109610698574728161&g_mp=CiVnb29nbGUubWFwcy5wbGFjZXMudjEuUGxhY2VzLkdldFBsYWNlEAIYBCAA","4.1","2142","5","5","0","5","Morning Dew","5","Five stars for The News Room! I go for the refreshing cocktail menu and stayed for the food which is excellent choice. I","info@thenewsroommpls.com","","","",""
"Stock & Bond MN","88 South 6th St, Minneapolis, MN 55402, USA","(952) 260-8878","https://www.stockandbondmn.com/menus/?utm_source=google&utm_medium=organic&utm_campaign=gbp-menu","https://maps.google.com/?cid=7706937906195295183&g_mp=CiVnb29nbGUubWFwcy5wbGFjZXMudjEuUGxhY2VzLkdldFBsYWNlEAIYBCAA","4.5","441","5","5","0","4","Tania Truong","4","Had dinner there with my husband and had such a great experience. We already decided to come back another time. First of","info@stockandbondmn.com","","","",""
"Two Mixed Up","520 N 4th St, 121 S 8th St Suite 215, Minneapolis, MN 55401, USA","","http://www.twomixedup.com/","https://maps.google.com/?cid=15835990994466086415&g_mp=CiVnb29nbGUubWFwcy5wbGFjZXMudjEuUGxhY2VzLkdldFBsYWNlEAIYBCAA","4.8","229","5","5","0","5","Josh","5","What a great experience. I ordered the Jonray bop no table manners Burger. It had two smash burgers and some bacon on to","hello.twomixedup@gmail.com","","","",""
"Khâluna","4000 Lyndale Ave S, Minneapolis, MN 55409, USA","(612) 345-5199","http://khaluna.com/","https://maps.google.com/?cid=10719581388098620727&g_mp=CiVnb29nbGUubWFwcy5wbGFjZXMudjEuUGxhY2VzLkdldFBsYWNlEAIYBCAA","4.5","1262","5","5","0","4","Mathew Heart","4","Khâluna continues to impress with its flavors and creativity and visited them on Oct 13. The valet parking is convenient","info@khaluna.com","","","",""
"Bûcheron","4257 Nicollet Ave, Minneapolis, MN 55409, USA","(612) 255-5632","https://www.bucheronrestaurant.com/","https://maps.google.com/?cid=7595522839018139978&g_mp=CiVnb29nbGUubWFwcy5wbGFjZXMudjEuUGxhY2VzLkdldFBsYWNlEAIYBCAA","4.8","331","5","5","0","5","Joe Torke","5","I've eaten at Bucheron a handful of times and I absolutely love this restaurant! They are elevating the entire Twin Citi","info@bucheronrestaurant.com","","","",""
"Demi","212 N 2nd St Suite 100, Minneapolis, MN 55401, USA","(612) 404-1123","https://demimpls.com/","https://maps.google.com/?cid=5894775188497011447&g_mp=CiVnb29nbGUubWFwcy5wbGFjZXMudjEuUGxhY2VzLkdldFBsYWNlEAIYBCAA","4.9","479","5","5","0","5","Katelyn","5","Demi is my favorite restaurant in MN! This was my third time dining here but my first since 2023. Demi is one of those r","info@demimpls.com","","","",""
"noa Minneapolis","77 S 7th St, Minneapolis, MN 55402, USA","(612) 886-2194","http://www.noaminneapolis.com/","https://maps.google.com/?cid=12205074475340438766&g_mp=CiVnb29nbGUubWFwcy5wbGFjZXMudjEuUGxhY2VzLkdldFBsYWNlEAIYBCAA","4.2","220","5","5","0","4","Katie Bahr","4","Went here for valentines day menu. Service was great. Food was very fresh. My boyfriend got a few beers. One was flat so","noa.ids@infusehospitality.com","","","",""
"Hen House Eatery","114 S 8th St, Minneapolis, MN 55402, USA","(612) 345-4664","http://henhouseeatery.com/","https://maps.google.com/?cid=15909638786371344658&g_mp=CiVnb29nbGUubWFwcy5wbGFjZXMudjEuUGxhY2VzLkdldFBsYWNlEAIYBCAA","4.6","6424","5","5","0","5","Wendy Jo","5","Wow! Great food,  cool vibe and great service.  It was very busy,  but only a short 5 minute wait.  The specialty coffee","info@henhouseeatery.com","","","",""
"Mara Restaurant and Bar","245 Hennepin Ave, Minneapolis, MN 55401, USA","(612) 895-5709","https://www.fourseasons.com/minneapolis/dining/restaurants/mara/?utm_source=google&utm_medium=organicsearch&utm_campaign=tor-mnn-fab-mid-seo-na&utm_content=na-na&utm_term=na","https://maps.google.com/?cid=16052531609513557138&g_mp=CiVnb29nbGUubWFwcy5wbGFjZXMudjEuUGxhY2VzLkdldFBsYWNlEAIYBCAA","4.3","520","5","5","0","5","Eli Johnson","5","Great restaurant! Went here for a date night with my wife and left the children behind, and we enjoyed it. It’s a bit sp","info@fourseasons.com","","","",""
"Wood + Paddle","31 S 7th St, Minneapolis, MN 55402, USA","(612) 216-3473","https://woodandpaddlemn.com/","https://maps.google.com/?cid=4415401728707386161&g_mp=CiVnb29nbGUubWFwcy5wbGFjZXMudjEuUGxhY2VzLkdldFBsYWNlEAIYBCAA","4.3","686","5","5","0","5","David Allen Tostrud","5","This is one of the hidden gems of downtown MPLS! The atmosphere is top notch, classy but not pretentious. The decor make","woodandpaddlemn@sonesta.com","","","",""
"Tenant Restaurant","4300 Bryant Ave S, Minneapolis, MN 55409, USA","(612) 827-8111","http://tenantmpls.com/","https://maps.google.com/?cid=5056948916321904532&g_mp=CiVnb29nbGUubWFwcy5wbGFjZXMudjEuUGxhY2VzLkdldFBsYWNlEAIYBCAA","4.8","597","5","5","0","4","Susan Ramlet","4","We had wanted to come here for a long time. It's a prix fixe menu which I like, with extra wine pairings for an extra co","info@tenantmpls.com","","","",""
"Porzana","200 N 1st St, Minneapolis, MN 55401, USA","(612) 489-6174","https://www.porzanampls.com/","https://maps.google.com/?cid=7381161317812956370&g_mp=CiVnb29nbGUubWFwcy5wbGFjZXMudjEuUGxhY2VzLkdldFBsYWNlEAIYBCAA","4.7","1098","5","5","0","4","Grace S","4","We had a fantastic dinner at Porzana! One of the few DDP restaurants I hadn't tried yet and it's up there as one of the","user@domain.com","","","",""
"Manny's Steakhouse","825 S Marquette Ave, Minneapolis, MN 55402, USA","(612) 339-9900","https://mannyssteakhouse.com/","https://maps.google.com/?cid=17610443626780868937&g_mp=CiVnb29nbGUubWFwcy5wbGFjZXMudjEuUGxhY2VzLkdldFBsYWNlEAIYBCAA","4.6","4013","5","5","0","5","Tyler Steffen","5","Probably the best dining experiences I've had in the twin cities area. Service was phenomenal, wish I could remember our","info@mannyssteakhouse.com","","","",""
"NOLO's Kitchen & Bar","515 N Washington Ave #100, Minneapolis, MN 55401, USA","(612) 800-6033","http://noloskitchen.com/","https://maps.google.com/?cid=8559209030804988447&g_mp=CiVnb29nbGUubWFwcy5wbGFjZXMudjEuUGxhY2VzLkdldFBsYWNlEAIYBCAA","4.4","1528","5","5","0","5","Chad F","5","Stopped in for breakfast on a snowy morning. Sat at the bar and the bartender Faith was amazing. Food was great. Service","info@noloskitchen.com","","","",""
"Aster Cafe","125 SE Main St, Minneapolis, MN 55414, USA","(612) 379-3138","http://astercafe.com/?y_source=1_NjE4OTYwOC03MTUtbG9jYXRpb24ud2Vic2l0ZQ%3D%3D","https://maps.google.com/?cid=17944559192970088599&g_mp=CiVnb29nbGUubWFwcy5wbGFjZXMudjEuUGxhY2VzLkdldFBsYWNlEAIYBCAA","4.5","2288","5","5","0","4","Sharon King","4","We are here before the Paul McCartney concert n a Friday night. We had the mushroom flatbread, a bottle of wine and the","info@astercafe.com","","","",""
"Brasa Premium Rotisserie- Northeast Minneapolis","600 E Hennepin Ave, Minneapolis, MN 55414, USA","(612) 379-3030","http://www.brasa.us/","https://maps.google.com/?cid=7460101193240565446&g_mp=CiVnb29nbGUubWFwcy5wbGFjZXMudjEuUGxhY2VzLkdldFBsYWNlEAIYBCAA","4.6","2432","5","5","0","5","Linda McLoon","5","I forgot how truly delicious the food is at Brasa. I needed to pick up food for an event, and decided to get take out.","user@domain.com","","","",""
"Giulia","215 S 4th St, Minneapolis, MN 55401, USA","(612) 215-5450","http://dinegiulia.com/","https://maps.google.com/?cid=79181498800798516&g_mp=CiVnb29nbGUubWFwcy5wbGFjZXMudjEuUGxhY2VzLkdldFBsYWNlEAIYBCAA","4.2","522","5","5","0","5","Don Dude","5","Really enjoyed the food, service was good, and cool big open bar/dining/kitchen space. The meatballs were a great starte","user@domain.com","","","",""
"Hola Arepa","3501 Nicollet Ave, Minneapolis, MN 55408, USA","(612) 345-5583","http://holaarepa.com/","https://maps.google.com/?cid=922826542724488657&g_mp=CiVnb29nbGUubWFwcy5wbGFjZXMudjEuUGxhY2VzLkdldFBsYWNlEAIYBCAA","4.6","3754","5","5","0","5","Chloe","5","Had such a fantastic night at Hola Arepa! This place is one of my favorites for good reason. The service is so friendly,","user@domain.com","","","",""
"The Howe Daily Kitchen & Bar","3675 Minnehaha Ave, Minneapolis, MN 55406, USA","(612) 729-3663","http://www.howempls.com/?utm_source=local&utm_medium=organic&utm_campaign=gmb","https://maps.google.com/?cid=2270622229740659928&g_mp=CiVnb29nbGUubWFwcy5wbGFjZXMudjEuUGxhY2VzLkdldFBsYWNlEAIYBCAA","4.4","3097","5","5","0","4","Ronald Hohensee","4","Was able to bring our dogs to eat with us.  Good food for both our dogs and ourselves.  They have a patio that is covere","info@howempls.com","","","",""
"Gluek's Restaurant & Bar","16 N 6th St, Minneapolis, MN 55403, USA","(612) 338-6621","http://www.glueks.com/","https://maps.google.com/?cid=12252682454276172826&g_mp=CiVnb29nbGUubWFwcy5wbGFjZXMudjEuUGxhY2VzLkdldFBsYWNlEAIYBCAA","4.5","1622","5","5","0","4","Tim Noonen","4","Looking for a Bavarian Beer Hall? Gleuk's is the place. We were looking for an interesting place before attending the pr","party@glueks.com","","","",""
"La Mama Restaurant","2000 Nicollet Ave, Minneapolis, MN 55404, USA","(612) 238-3602","https://lamamamn.com/","https://maps.google.com/?cid=9527021837100446940&g_mp=CiVnb29nbGUubWFwcy5wbGFjZXMudjEuUGxhY2VzLkdldFBsYWNlEAIYBCAA","4.8","730","5","5","0","5","Chicago TL","5","We ended up at La Mama after reading all the reviews.  La Mama didn't disappoint!  It's a small restaurant owned and run","info@lamamamn.com","","","",""
"Pink Ivy Kitchen and Bar","712 Mainstreet, Hopkins, MN 55343, USA","(952) 600-7290","http://pinkivymn.com/","https://maps.google.com/?cid=5465667420547805538&g_mp=CiVnb29nbGUubWFwcy5wbGFjZXMudjEuUGxhY2VzLkdldFBsYWNlEAIYBCAA","4.9","1821","5","5","0","5","Han Kim","5","Fantastic! The staff is amazing, attentive and check in often. The food was amazing in many ways.  The cauliflower for i","info@pinkivymn.com","","","",""
"Tilia","2726 W 43rd St, Minneapolis, MN 55410, USA","(612) 354-2806","https://www.tiliampls.com/","https://maps.google.com/?cid=17350389197393440902&g_mp=CiVnb29nbGUubWFwcy5wbGFjZXMudjEuUGxhY2VzLkdldFBsYWNlEAIYBCAA","4.5","869","5","5","0","4","Jay Shen","4","My friend and I went there for a Saturday brunch and my experience was overall pleasant. Everything was smooth ranging f","tiliampls@gmail.com","","","",""
"George and the Dragon","813 W 50th St, Minneapolis, MN 55419, USA","(612) 208-1047","http://ganddpub.com/","https://maps.google.com/?cid=14249466875558082932&g_mp=CiVnb29nbGUubWFwcy5wbGFjZXMudjEuUGxhY2VzLkdldFBsYWNlEAIYBCAA","4.7","2132","5","5","0","4","Mik","4","Saylor and I went here on a Saturday morning seemingly right before the lunch rush. We ordered the George burger and Dra","info@ganddpub.com","","","",""
"Black Duck Spirits & Hearth","2900 Johnson St NE, Minneapolis, MN 55418, USA","(612) 331-1421","https://www.blackduckmpls.com/?utm_source=google&utm_medium=organic&utm_campaign=gbp_website","https://maps.google.com/?cid=7062750641164156771&g_mp=CiVnb29nbGUubWFwcy5wbGFjZXMudjEuUGxhY2VzLkdldFBsYWNlEAIYBCAA","4.8","292","5","5","0","4","Q Nguyen","4","I arrived for dinner at 8:15 and the restaurant closes at 9:00 so I was thankful Black Duck was able to seat our party o","info@blackduckmpls.com","","","",""
"Normandy Kitchen","405 S 8th St, Minneapolis, MN 55404, USA","(612) 370-1400","https://www.bestwesternnormandy.com/menus/","https://maps.google.com/?cid=2698655462578460921&g_mp=CiVnb29nbGUubWFwcy5wbGFjZXMudjEuUGxhY2VzLkdldFBsYWNlEAIYBCAA","4.1","624","5","5","0","4","Mimi Tran","4","Stopped in the evening of New Year’s Eve and really enjoyed our visit. The place itself is very cozy. We were there when","info@bestwesternnormandy.com","","","",""
"CRAVE Food & Drink LaSalle Plaza-Minneapolis","825 Hennepin Ave, Minneapolis, MN 55402, USA","(612) 332-1133","https://craveamerica.com/eden-prairie-crave-american-kitchen-and-sushi-bar-location-minneapolis","https://maps.google.com/?cid=11837116539742310412&g_mp=CiVnb29nbGUubWFwcy5wbGFjZXMudjEuUGxhY2VzLkdldFBsYWNlEAIYBCAA","4.1","1944","5","5","0","4","Tanner Cassidy","4","Serviceable American-style sushi, but the service and the atmosphere was incredible. I just ate off the sushi menu this","daves@craveamerica.com","","","",""
"Sea Salt","4825 Minnehaha Ave, Minneapolis, MN 55417, USA","(612) 558-3370","http://www.seasaltmpls.com/","https://maps.google.com/?cid=5228356428165958937&g_mp=CiVnb29nbGUubWFwcy5wbGFjZXMudjEuUGxhY2VzLkdldFBsYWNlEAIYBCAA","4.5","3590","5","5","0","4","YJ","4","Overall: 4/5.  Sea Salt is a seasonal, summer-only spot located right by Minnehaha Falls, and every summer there’s almos","hi@mystore.com","","","",""
"Royal House Oyster Bar","441 Royal St, New Orleans, LA 70130, USA","(504) 528-2601","https://royalhouserestaurant.com/","https://maps.google.com/?cid=3870709604013766481&g_mp=CiVnb29nbGUubWFwcy5wbGFjZXMudjEuUGxhY2VzLkdldFBsYWNlEAIYBCAA","4.2","5853","5","5","3","2","Michael M","2","This place is great for oysters and service. The rest of the food we tried was disappointing. We asked for the blackened","info@royalhouserestaurant.com","","","",""
"Blue Bayou Restaurant & Oyster Bar","717 Canal St, New Orleans, LA 70130, USA","(504) 291-3788","http://bluebayourestaurantnola.com/","https://maps.google.com/?cid=14432330113979928171&g_mp=CiVnb29nbGUubWFwcy5wbGFjZXMudjEuUGxhY2VzLkdldFBsYWNlEAIYBCAA","4.5","3465","5","5","2","2","Jennie Ifanis","2","Food? Great! ❤️ Service? Not so much... 👀  I was ready to have one more night of fun down Bourbon Street before my birt","info@bluebayourestaurantnola.com","","","",""
"Mr. Ed's Oyster Bar & Fish House, French Quarter (Bienville)","512 Bienville St, New Orleans, LA 70130, USA","(504) 309-4848","http://mredsrestaurants.com/oyster-bar","https://maps.google.com/?cid=3770460028660468266&g_mp=CiVnb29nbGUubWFwcy5wbGFjZXMudjEuUGxhY2VzLkdldFBsYWNlEAIYBCAA","4.5","4727","5","5","2","2","Jessica Cervantes","2","We got the Louisiana crayfish bread and charcoal broiled oysters. The bread was kind of cold but honestly it tasted so g","info@mredsrestaurants.com","","","",""
"Creole House Restaurant & Oyster Bar","509 Canal St, New Orleans, LA 70130, USA","(504) 323-2109","https://creolehouserestaurant.com/","https://maps.google.com/?cid=5931528879851347595&g_mp=CiVnb29nbGUubWFwcy5wbGFjZXMudjEuUGxhY2VzLkdldFBsYWNlEAIYBCAA","4.2","9624","5","5","1","3","C Lu","3","Jade, our server, was really cool and attentive. She recommended a local light beer called Paradise, and it was deliciou","info@creolehouserestaurant.com","","","",""
"GW Fins","808 Bienville St, New Orleans, LA 70112, USA","(504) 581-3467","http://gwfins.com/","https://maps.google.com/?cid=1930158316525905472&g_mp=CiVnb29nbGUubWFwcy5wbGFjZXMudjEuUGxhY2VzLkdldFBsYWNlEAIYBCAA","4.8","5340","5","5","1","2","Jeff Hong","2","We arrived on time for our 7pm reservation, but it took over 15 min to seat us.  Without any explanation of the delay, t","info@gwfins.com","","","",""
"Mambo’s","411 Bourbon St, New Orleans, LA 70130, USA","(504) 407-3717","https://www.mambosnola.com/","https://maps.google.com/?cid=1104368018113218291&g_mp=CiVnb29nbGUubWFwcy5wbGFjZXMudjEuUGxhY2VzLkdldFBsYWNlEAIYBCAA","4.4","5362","5","5","1","3","Sabrina","3","Food is tasty, our server was excellent, but the cocktail was awfully sugary.  Came here for a late night supper, as the","info@mambosnola.com","","","",""
"Commander's Palace","1403 Washington Ave, New Orleans, LA 70130, USA","(504) 899-8221","http://www.commanderspalace.com/","https://maps.google.com/?cid=5204633771439876795&g_mp=CiVnb29nbGUubWFwcy5wbGFjZXMudjEuUGxhY2VzLkdldFBsYWNlEAIYBCAA","4.6","8372","5","5","1","2","Nick D","2","Not fine dining - this was a major disappointment. For how seriously this restaurant takes itself, the food does not com","info@commanderspalace.com","","","",""
"New Orleans Creole Cookery","508 Toulouse St, New Orleans, LA 70130, USA","(504) 372-6022","http://neworleanscreolecookery.com/","https://maps.google.com/?cid=5136263608834043557&g_mp=CiVnb29nbGUubWFwcy5wbGFjZXMudjEuUGxhY2VzLkdldFBsYWNlEAIYBCAA","4","4621","5","5","1","3","Scott Sweetow","3","While in New Orleans over Valentine’s Day, we tried New Orleans Creole Cookery, as it was close to our hotel in the Fren","info@neworleanscreolecookery.com","","","",""
"Chemin à la Mer","2 Canal St, New Orleans, LA 70130, USA","(504) 434-5898","https://www.cheminalamer.com/?utm_source=google&utm_medium=organicsearch&utm_campaign=tor-nln-fab-mid-seo-na&utm_content=na-na&utm_term=na","https://maps.google.com/?cid=13178598274314559832&g_mp=CiVnb29nbGUubWFwcy5wbGFjZXMudjEuUGxhY2VzLkdldFBsYWNlEAIYBCAA","4.3","323","5","5","1","1","Nicole Salinas","1","We came here to celebrate my birthday and unfortunately had a disappointing experience. When we arrived, the restaurant","info@cheminalamer.com","","","",""
"Café Fleur De Lis - French Quarter","301 Chartres St, New Orleans, LA 70130, USA","(504) 354-1660","http://cafefleurdelis.com/","https://maps.google.com/?cid=17206744602484348977&g_mp=CiVnb29nbGUubWFwcy5wbGFjZXMudjEuUGxhY2VzLkdldFBsYWNlEAIYBCAA","4.5","5072","5","5","1","1","Josephine","1","The café looked lovely from the outside with a very long queue for brunch on a Saturday. The menu looked good but the po","manager@cafefleurdelis.com","","","",""
"Headquarters by Nice Guys Nola","445 S Rampart St, New Orleans, LA 70112, USA","(504) 217-6851","https://www.headquartersnola.com/","https://maps.google.com/?cid=670014052238862332&g_mp=CiVnb29nbGUubWFwcy5wbGFjZXMudjEuUGxhY2VzLkdldFBsYWNlEAIYBCAA","4.5","1643","5","5","1","3","Sasha Z. Jackson-Johnson","3","The first time was amazing, not sure what happened this time around. Really disappointed. Host was kind, server was also","info@headquartersnola.com","","","",""
"Lux Cafe | Best Southern Cuisine","935 Gravier St First Floor, New Orleans, LA 70112, USA","(504) 875-1920","https://www.luxcafenola.com/","https://maps.google.com/?cid=17493411582314458616&g_mp=CiVnb29nbGUubWFwcy5wbGFjZXMudjEuUGxhY2VzLkdldFBsYWNlEAIYBCAA","4.7","2827","5","5","1","3","Ashley Yaldo","3","We must have come after a big rush because the restaurant and staff seemed frazzled. The place wasn’t very clean and jus","info@luxcafenola.com","","","",""
"Copper Vine Restaurant","1001 Poydras St, New Orleans, LA 70112, USA","(504) 208-9535","https://www.coppervine.com/","https://maps.google.com/?cid=10018360145165331434&g_mp=CiVnb29nbGUubWFwcy5wbGFjZXMudjEuUGxhY2VzLkdldFBsYWNlEAIYBCAA","4.6","1735","5","5","1","3","MD H","3","This review is based on my experience on March 3, 2026.  Went while on vacation at about 8 pm.  Love the aesthetic.  Nic","info@coppervine.com","","","",""
"Arnaud's New Orleans","813 Bienville St, New Orleans, LA 70112, USA","(504) 523-5433","http://www.arnaudsrestaurant.com/","https://maps.google.com/?cid=16218777667362387982&g_mp=CiVnb29nbGUubWFwcy5wbGFjZXMudjEuUGxhY2VzLkdldFBsYWNlEAIYBCAA","4.4","1678","5","5","1","2","Rachel H","2","Came for jazz brunch with high expectations due to the fine dining price tag and overall reviews. Left extremely disappo","info@arnaudsrestaurant.com","","","",""
"Galatoire's","209 Bourbon St, New Orleans, LA 70130, USA","(504) 525-2021","http://www.galatoires.com/","https://maps.google.com/?cid=16238277520885770032&g_mp=CiVnb29nbGUubWFwcy5wbGFjZXMudjEuUGxhY2VzLkdldFBsYWNlEAIYBCAA","4.3","2886","5","5","1","3","Cynthia","3","We got stuffed in the back because my Dad didn't bring a suit jacket.  I wouldn't have dressed up had I known.  Food and","info@galatoires.com","","","",""
"Felix's Restaurant & Oyster Bar","739 Iberville St, New Orleans, LA 70130, USA","(504) 522-4440","https://felixs.com/","https://maps.google.com/?cid=12742931253144703311&g_mp=CiVnb29nbGUubWFwcy5wbGFjZXMudjEuUGxhY2VzLkdldFBsYWNlEAIYBCAA","4.4","9081","5","5","1","3","C Lu","3","With so many standout seafood spots in New Orleans, Felix’s Restaurant & Oyster Bar ended up being a mixed experience.","info@felixs.com","","","",""
"Meril","424 Girod St, New Orleans, LA 70130, USA","(504) 526-3745","http://emerilsrestaurants.com/meril","https://maps.google.com/?cid=16843754037555702052&g_mp=CiVnb29nbGUubWFwcy5wbGFjZXMudjEuUGxhY2VzLkdldFBsYWNlEAIYBCAA","4.4","2447","5","5","1","3","Abraham Tadesse","3","Boudin balls: average Meatballs: average Cornbread: good Gumbo: average Blue crab linguine: below average Portion sizes:","info@emerilsrestaurants.com","","","",""
"Dakar NOLA","3814 Magazine St, New Orleans, LA 70115, USA","(504) 493-9396","https://www.dakarnola.com/","https://maps.google.com/?cid=4897432824385534739&g_mp=CiVnb29nbGUubWFwcy5wbGFjZXMudjEuUGxhY2VzLkdldFBsYWNlEAIYBCAA","4.8","247","5","5","1","2","Jennifer Snow","2","We were excited to go here especially since it earned a James Beard Award. The meal started out great. Hand wash,  a won","user@domain.com","","","",""
"Drago's Seafood Restaurant - Hilton New Orleans Riverside","2 Poydras St, New Orleans, LA 70112, USA","(504) 584-3911","https://www.dragosrestaurant.com/","https://maps.google.com/?cid=11326739122678350416&g_mp=CiVnb29nbGUubWFwcy5wbGFjZXMudjEuUGxhY2VzLkdldFBsYWNlEAIYBCAA","4.1","6568","5","5","1","3","Amy Thompson, Realtor in Seattle & the Eastside Sotheby's International Realty","3","This is the third time this year I followed a social media foodie’s advice and was disappointed. The oysters were chargr","info@dragosrestaurant.com","","","",""
"Tacos del Cartel New Orleans","1010 Girod St, New Orleans, LA 70113, USA","(877) 665-2554","https://tacosdelcartel.com/","https://maps.google.com/?cid=9431771775026476713&g_mp=CiVnb29nbGUubWFwcy5wbGFjZXMudjEuUGxhY2VzLkdldFBsYWNlEAIYBCAA","4.7","2286","5","5","1","3","David Fielding","3","The 'Rainforest Cafe' of Mexican restaurants, if you're into that vibe. Am I in Miami? Atlanta? Houston? Dunno, but it's","user@domain.com","","","",""
"Tujague's","429 Decatur St, New Orleans, LA 70130, USA","(504) 525-8676","http://www.tujaguesrestaurant.com/","https://maps.google.com/?cid=15586942294512663434&g_mp=CiVnb29nbGUubWFwcy5wbGFjZXMudjEuUGxhY2VzLkdldFBsYWNlEAIYBCAA","4.2","2059","5","5","1","1","Family R US (Momma & Fam's 2 Cents)","1","We went for Christmas brunch and it was a mistake. Only one person liked one of the offerings that was the lamb the rest","info@tujaguesrestaurant.com","","","",""
"Liuzza's by the Track","1518 N Lopez St, New Orleans, LA 70119, USA","(504) 218-7888","http://liuzzasbtt.com/","https://maps.google.com/?cid=6590129179121567983&g_mp=CiVnb29nbGUubWFwcy5wbGFjZXMudjEuUGxhY2VzLkdldFBsYWNlEAIYBCAA","4.7","1526","5","5","1","3","Thunder Dome","3","We had lunch there today.  In total, we ordered the Catfish Platter, a cup of Seafood Gumbo, and the Signature Shrimp Po","liuzzasbythetrack@gmail.com","","","",""
"Galliano Restaurant","200 Julia St, New Orleans, LA 70130, USA","(504) 218-5753","http://www.gallianorestaurant.com/","https://maps.google.com/?cid=790749684639736927&g_mp=CiVnb29nbGUubWFwcy5wbGFjZXMudjEuUGxhY2VzLkdldFBsYWNlEAIYBCAA","4.5","1364","5","5","1","3","Jenny H","3","The most honest review; first time ever in New Orleans …. I’m honestly disappointed. I was really expecting upscale and","info@gallianorestaurant.com","","","",""
"Domenica","123 Baronne St, New Orleans, LA 70112, USA","(504) 336-6541","http://www.domenicarestaurant.com/","https://maps.google.com/?cid=16548408578069068545&g_mp=CiVnb29nbGUubWFwcy5wbGFjZXMudjEuUGxhY2VzLkdldFBsYWNlEAIYBCAA","4.4","3001","5","5","1","3","Foodie","3","The Margherita pizza and shrimp appetizer were delicious—especially the shrimp, which were outstanding. The truffle past","info@domenicarestaurant.com","","","",""
"Cochon Restaurant","930 Tchoupitoulas St Ste A, New Orleans, LA 70130, USA","(504) 588-2123","http://www.cochonrestaurant.com/","https://maps.google.com/?cid=10164777214306050265&g_mp=CiVnb29nbGUubWFwcy5wbGFjZXMudjEuUGxhY2VzLkdldFBsYWNlEAIYBCAA","4.6","10383","5","5","0","4","Amber Lee","4","A warning right off the bat, this is NOT Cochon Butcher, which has a nearly identical name and is right next door. We ma","hellocochon@linkrestaurantgroup.com","","","",""
"Brennan's","417 Royal St, New Orleans, LA 70130, USA","(504) 525-9711","https://www.brennansneworleans.com/","https://maps.google.com/?cid=3406936756541501962&g_mp=CiVnb29nbGUubWFwcy5wbGFjZXMudjEuUGxhY2VzLkdldFBsYWNlEAIYBCAA","4.5","6081","5","5","0","4","Mark PM179","4","We were looking forward to dining here, and Brennans did not disappoint. Very high quality throughout the experience. Se","info@brennansneworleans.com","","","",""
"Olde Nola Cookery","205 Bourbon St, New Orleans, LA 70130, USA","(504) 525-4577","https://www.nolacookery.com/","https://maps.google.com/?cid=1658747558564848835&g_mp=CiVnb29nbGUubWFwcy5wbGFjZXMudjEuUGxhY2VzLkdldFBsYWNlEAIYBCAA","4.4","6833","5","5","0","4","TJ P","4","I cannot say enough good things about my experience at Olde Nola Cookery. From the moment we walked in, we were greeted","info@nolacookery.com","","","",""
"Oceana Grill","739 Conti St, New Orleans, LA 70130, USA","(504) 525-6002","http://www.oceanagrill.com/","https://maps.google.com/?cid=4230305135027442277&g_mp=CiVnb29nbGUubWFwcy5wbGFjZXMudjEuUGxhY2VzLkdldFBsYWNlEAIYBCAA","4.4","19122","5","5","0","4","Nakieda Massey","4","It started off a little rocky. We were greeted warmly and sent up to the 2nd flr dining area where we waited almost 20-2","info@oceanagrill.com","","","",""
"Mulate's | The Original Cajun Restaurant","201 Julia St, New Orleans, LA 70130, USA","(504) 522-1492","http://mulates.com/","https://maps.google.com/?cid=2325907536557379240&g_mp=CiVnb29nbGUubWFwcy5wbGFjZXMudjEuUGxhY2VzLkdldFBsYWNlEAIYBCAA","4.1","5509","5","5","0","4","Sara “Travel Lover”","4","Great food and an even better vibe! The dishes were flavorful and well-prepared, and the live music really added a nice","chantelle@mulates.com","","","",""
"Luke","333 St Charles Ave, New Orleans, LA 70130, USA","(504) 378-2840","http://www.lukeneworleans.com/","https://maps.google.com/?cid=785714925235798997&g_mp=CiVnb29nbGUubWFwcy5wbGFjZXMudjEuUGxhY2VzLkdldFBsYWNlEAIYBCAA","4.5","5161","5","5","0","4","Su N","4","We went to Luke for dinner with a group of eight and ended up trying just about everything on the menu. For appetizers,","info@lukeneworleans.com","","","",""
"zesty creole","827 Canal St, New Orleans, LA 70112, USA","(504) 766-6368","http://zestycreole.com/","https://maps.google.com/?cid=2684516136497893162&g_mp=CiVnb29nbGUubWFwcy5wbGFjZXMudjEuUGxhY2VzLkdldFBsYWNlEAIYBCAA","4.7","3365","5","5","0","4","Tracey Phan","4","The service was good, food was decent, aside from the biscuits - those were excellent. The food came out very fast which","zestycreole@gmail.com","","","",""
"Mother's Restaurant","401 Poydras St, New Orleans, LA 70130, USA","(504) 523-9656","","https://maps.google.com/?cid=2279995583957645892&g_mp=CiVnb29nbGUubWFwcy5wbGFjZXMudjEuUGxhY2VzLkdldFBsYWNlEAIYBCAA","4.2","17060","5","5","0","4","Pana P","4","Mothers Restaurant is a nice diningish vibed restaurant. I enjoyed the World Famous Ham Dinner plate and was satisfied.","","","","",""
"Pêche Seafood Grill","800 Magazine St, New Orleans, LA 70130, USA","(504) 522-1744","https://www.pecherestaurant.com/","https://maps.google.com/?cid=9665197064724161172&g_mp=CiVnb29nbGUubWFwcy5wbGFjZXMudjEuUGxhY2VzLkdldFBsYWNlEAIYBCAA","4.6","5546","5","5","0","4","C Lu","4","Pêche Seafood Grill gets busy during peak hours, so definitely make a reservation or join the waitlist ahead of time.  T","info@pecherestaurant.com","","","",""
"Atchafalaya","901 Louisiana Ave, New Orleans, LA 70115, USA","(504) 891-9626","http://www.atchafalayarestaurant.com/","https://maps.google.com/?cid=3874592503318491410&g_mp=CiVnb29nbGUubWFwcy5wbGFjZXMudjEuUGxhY2VzLkdldFBsYWNlEAIYBCAA","4.7","3207","5","5","0","5","Diane Tecotzky","5","We had an excellent brunch/ lunch. Chris was our server and he provided impeccable service. We enjoyed the brussel sprou","info@atchafalayarestaurant.com","","","",""
"Bon's New Orleans Street Food","620 Decatur St Unit 1B, New Orleans, LA 70130, USA","(504) 635-5867","https://www.bonsnola.com/","https://maps.google.com/?cid=13995353072888369746&g_mp=CiVnb29nbGUubWFwcy5wbGFjZXMudjEuUGxhY2VzLkdldFBsYWNlEAIYBCAA","4.5","535","5","5","0","5","Amy Peterson","5","Highly recommend if you are gluten free and looking for fried chicken or a beignet alternative! I got the GF chicken & w","info@bonsneworleansstreetfood.com","","","",""
"The Original Pierre Maspero's","440 Chartres St, New Orleans, LA 70130, USA","(504) 524-8990","https://originalpierremasperos.com/","https://maps.google.com/?cid=1993151528735567507&g_mp=CiVnb29nbGUubWFwcy5wbGFjZXMudjEuUGxhY2VzLkdldFBsYWNlEAIYBCAA","4.4","4570","5","5","0","4","Shirley Madison","4","INCREDIBLE, HISTORIC building. Built in 1788!⚜️💜💛💜💛⚜️ Very welcoming. Quick service. Most of the servers move lightn","info@originalpierremasperos.com","","","",""
"Deanie's Seafood Restaurant in the French Quarter","841 Iberville St, New Orleans, LA 70112, USA","(504) 581-1316","https://deanies.com/metairie-deanie-s-seafood-restaurant-and-seafood-market-bucktown-main-location-downtown","https://maps.google.com/?cid=11356230167321196953&g_mp=CiVnb29nbGUubWFwcy5wbGFjZXMudjEuUGxhY2VzLkdldFBsYWNlEAIYBCAA","4.5","14236","5","5","0","5","Angela Phillips","5","Oh my goodness We have been to Deanies many times       We are down here for dinner and Phantom of The Opera  This meal","customerservice@deanies.com","","","",""
"Acme Oyster House","724 Iberville St, New Orleans, LA 70130, USA","(504) 522-5973","http://acmeoyster.com/","https://maps.google.com/?cid=8342834473727404323&g_mp=CiVnb29nbGUubWFwcy5wbGFjZXMudjEuUGxhY2VzLkdldFBsYWNlEAIYBCAA","4.6","13701","5","5","0","5","Nettie Cooper","5","We had an amazing experience at Acme Oyster House in New Orleans, and Mike made it even better. From the moment we sat d","info@acmeoyster.com","","","",""
"Olive","339 Carondelet St, New Orleans, LA 70130, USA","(504) 766-9271","https://www.olivetogo.com/","https://maps.google.com/?cid=10382634638998290554&g_mp=CiVnb29nbGUubWFwcy5wbGFjZXMudjEuUGxhY2VzLkdldFBsYWNlEAIYBCAA","4.8","1679","5","5","0","5","Jerry Huang","5","My top 3 Mediterranean restaurant in US.  Came here to take out dinner while visiting New Orleans, everything was just p","info@olivetogo.com","","","",""
"Superior Seafood & Oyster Bar","4338 St Charles Ave, New Orleans, LA 70115, USA","(504) 293-3474","http://www.superiorseafoodnola.com/","https://maps.google.com/?cid=911870475645282823&g_mp=CiVnb29nbGUubWFwcy5wbGFjZXMudjEuUGxhY2VzLkdldFBsYWNlEAIYBCAA","4.5","5806","5","5","0","4","Sheri Fox","4","Cool atmosphere, great service. Some items on the high side. Crawfish beignets we're very good but a little expensive. D","info@superiorseafoodnola.com","","","",""
"Antoine's Restaurant","713 St Louis St, New Orleans, LA 70130, USA","(504) 581-4422","http://www.antoines.com/","https://maps.google.com/?cid=2585088030994597984&g_mp=CiVnb29nbGUubWFwcy5wbGFjZXMudjEuUGxhY2VzLkdldFBsYWNlEAIYBCAA","4.3","4768","5","5","0","5","Emilysgreatescape","5","I celebrated my birthday recently with my best friend and the food and service were equally phenomenal. We started with","info@antoines.com","","","",""
"Joey K's Restaurant & Bar","3001 Magazine St, New Orleans, LA 70115, USA","(504) 891-0997","https://joeyksrestaurant.com/","https://maps.google.com/?cid=3623793442460821352&g_mp=CiVnb29nbGUubWFwcy5wbGFjZXMudjEuUGxhY2VzLkdldFBsYWNlEAIYBCAA","4.5","3291","5","5","0","4","Angelle Hyatt","4","Friendly service, cute place. Took a while to get check and leave. Fried green tomato app- this was ok. I wouldn’t order","joeyksrestaurant@gmail.com","","","",""
"Trenasse","Intercontinental Hotel, 444 St Charles Ave, New Orleans, LA 70130, USA","(504) 680-7000","https://trenasse.com/","https://maps.google.com/?cid=14554955073273316490&g_mp=CiVnb29nbGUubWFwcy5wbGFjZXMudjEuUGxhY2VzLkdldFBsYWNlEAIYBCAA","4.5","2029","5","5","0","5","Dmitry K","5","A True Taste of Louisiana: Exceptional Flavors and Southern Charm If you are craving authentic Creole and Cajun flavors,","fabio@trenasse.com","","","",""
"Chophouse New Orleans","322 Magazine St, New Orleans, LA 70130, USA","(504) 522-7902","http://www.chophousenola.com/","https://maps.google.com/?cid=12446139572679613013&g_mp=CiVnb29nbGUubWFwcy5wbGFjZXMudjEuUGxhY2VzLkdldFBsYWNlEAIYBCAA","4.5","2010","5","5","0","4","Vlad Gendelman","4","Crab cocktail was really good. The steak was of good quality and perfect temperature, but unfortunately over seasoned (t","info@chophousenola.com","","","",""
"Snapper's Seafood & Cajun Restaurant","841 Canal St, New Orleans, LA 70112, USA","(504) 571-5205","https://snappernola.com/","https://maps.google.com/?cid=1736340513919505824&g_mp=CiVnb29nbGUubWFwcy5wbGFjZXMudjEuUGxhY2VzLkdldFBsYWNlEAIYBCAA","4.7","2552","5","5","0","5","Ellyn Newgreen","5","We sat at the bar where we find we get personal and friendly service....Snapper's bar was no exception!  The bartender,","info@snappernola.com","","","",""
"Neyow's Creole Café","3332 Bienville St, New Orleans, LA 70119, USA","(504) 827-5474","http://www.neyows.com/","https://maps.google.com/?cid=7811456914927998815&g_mp=CiVnb29nbGUubWFwcy5wbGFjZXMudjEuUGxhY2VzLkdldFBsYWNlEAIYBCAA","4.3","8044","5","5","0","5","L S","5","We had a great lunch here. Fun and lively atmosphere! Great food! Friendly service.  We have the crawfish fries, bbq shr","info@neyows.com","","","",""
"Daisy Dukes Creole Kitchen","123 Carondelet St, New Orleans, LA 70130, USA","(504) 522-2218","http://www.daisydukesrestaurant.com/","https://maps.google.com/?cid=1730630137034502194&g_mp=CiVnb29nbGUubWFwcy5wbGFjZXMudjEuUGxhY2VzLkdldFBsYWNlEAIYBCAA","4.5","6236","5","5","0","4","Joe Turner","4","Stopped in at Daisy Dukes for breakfast and was not disappointed. The food was great, the service was pretty good, every","info@daisydukesrestaurant.com","","","",""
"Restaurant Rebirth","857 Fulton St, New Orleans, LA 70130, USA","(504) 522-6863","https://www.restaurantrebirth.com/","https://maps.google.com/?cid=17964098489800308372&g_mp=CiVnb29nbGUubWFwcy5wbGFjZXMudjEuUGxhY2VzLkdldFBsYWNlEAIYBCAA","4.6","838","5","5","0","5","Khoi Pham","5","Our last meal in New Orleans, which was also our last meal of our trip and we saved the best till last! We changed from","rebirthno@gmail.com","","","",""
"Doris Metropolitan New Orleans","620 Chartres St, New Orleans, LA 70130, USA","(504) 267-3500","http://www.dorismetropolitan.com/","https://maps.google.com/?cid=895427948681625299&g_mp=CiVnb29nbGUubWFwcy5wbGFjZXMudjEuUGxhY2VzLkdldFBsYWNlEAIYBCAA","4.7","1316","5","5","0","5","Pino Farinola","5","We made reservations to sit at the bar. Such a comfortable beautiful area. Joe took care of us. Joe is fantastic - he is","info@dorismetropolitan.com","","","",""
"August","301 Tchoupitoulas St, New Orleans, LA 70130, USA","(504) 299-9777","http://www.restaurantaugust.com/","https://maps.google.com/?cid=14487276102659164051&g_mp=CiVnb29nbGUubWFwcy5wbGFjZXMudjEuUGxhY2VzLkdldFBsYWNlEAIYBCAA","4.7","1443","5","5","0","5","Dustin Vaughn","5","I’ve been wanting to come here for years. The last 5 trips haven’t been the right group/reason to come here. Worth the w","user@domain.com","","","",""
"Bésame","110 S Rampart St, New Orleans, LA 70112, USA","(504) 308-0880","http://www.besame-nola.com/","https://maps.google.com/?cid=13641871444037403487&g_mp=CiVnb29nbGUubWFwcy5wbGFjZXMudjEuUGxhY2VzLkdldFBsYWNlEAIYBCAA","4.7","728","5","5","0","4","Kyla","4","We came for brunch and were surprised to find it was not busy at all - especially since the food was so good! Nearly the","besame.nola@gmail.com","","","",""
"Le Bayou Restaurant & Oyster Bar","503 Bourbon St, New Orleans, LA 70130, USA","(504) 529-4256","https://lebayourestaurant.com/","https://maps.google.com/?cid=1391369885339067377&g_mp=CiVnb29nbGUubWFwcy5wbGFjZXMudjEuUGxhY2VzLkdldFBsYWNlEAIYBCAA","4.1","3137","5","5","0","4","Ashley Sweeting","4","We tried this spot after walking... what felt like forever...down bourbon street for dinner and dude was on the mic sayi","info@lebayourestaurant.com","","","",""
"Mr. B's Bistro","201 Royal St, New Orleans, LA 70130, USA","(504) 523-2078","http://www.mrbsbistro.com/","https://maps.google.com/?cid=8246960598319190127&g_mp=CiVnb29nbGUubWFwcy5wbGFjZXMudjEuUGxhY2VzLkdldFBsYWNlEAIYBCAA","4.5","4066","5","5","0","5","Vidhi Channa","5","The BEST barbecue shrimp I’ve ever had. Nothing bad to say about this place at all, we loved our server Steven, he was s","info@mrbsbistro.com","","","",""
"Gris-Gris","1800 Magazine St, New Orleans, LA 70130, USA","(504) 272-0241","http://grisgrisnola.com/","https://maps.google.com/?cid=14712748711548949354&g_mp=CiVnb29nbGUubWFwcy5wbGFjZXMudjEuUGxhY2VzLkdldFBsYWNlEAIYBCAA","4.5","1646","5","5","0","5","Mario Toro","5","One of the best cups of gumbo I've ever had. Nice flavor and spice levels. I knew the rest of the meal would be an absol","impallari@gmail.com","","","",""
"Criollo Restaurant","214 Royal St, New Orleans, LA 70130, USA","(504) 681-4444","http://criollonola.com/","https://maps.google.com/?cid=14740088668579059375&g_mp=CiVnb29nbGUubWFwcy5wbGFjZXMudjEuUGxhY2VzLkdldFBsYWNlEAIYBCAA","4.5","782","5","5","0","4","Despoina Lewis","4","Nice food. We expected to eat the beef wellington but it was sold out. We had reservation at 19:30 and already the welli","info@criollonola.com","","","",""
"NOLA Poboys","908 Bourbon St, New Orleans, LA 70116, USA","(504) 522-2639","","https://maps.google.com/?cid=11669798338813802040&g_mp=CiVnb29nbGUubWFwcy5wbGFjZXMudjEuUGxhY2VzLkdldFBsYWNlEAIYBCAA","4.5","6088","5","5","0","4","R. M.","4","The shrimp po boy was fantastic, with perfect seasoning. The food overall was delicious. The boudin balls, though good,","","","","",""
"Plates Restaurant & Bar","1051 Annunciation St, New Orleans, LA 70130, USA","(504) 582-9020","https://www.platesnola.com/","https://maps.google.com/?cid=4507604022093209803&g_mp=CiVnb29nbGUubWFwcy5wbGFjZXMudjEuUGxhY2VzLkdldFBsYWNlEAIYBCAA","4.8","386","5","5","0","5","Ian Bee","5","I went to Plates in New Orleans and found it absolutely lovely. I sat on the bar side, which was much quieter that night","user@domain.com","","","",""
"Broussard's Restaurant & Courtyard","819 Conti St, New Orleans, LA 70112, USA","(504) 581-3866","https://broussards.com/","https://maps.google.com/?cid=7247231358858802118&g_mp=CiVnb29nbGUubWFwcy5wbGFjZXMudjEuUGxhY2VzLkdldFBsYWNlEAIYBCAA","4.3","1880","5","5","0","4","Shoshana Abrebaya","4","Broussard's was a very interesting experience.  It's a very fancy looking restaurant, and it's not a walk-in, walk-out s","info@broussards.com","","","",""
"Daisy Mae's Southern Fried Chicken & Breakfast","920 Poydras St, New Orleans, LA 70112, USA","(504) 218-5031","https://www.daisydukesrestaurant.com/daisy-mae-s-920-poydras-st","https://maps.google.com/?cid=16659136785588436538&g_mp=CiVnb29nbGUubWFwcy5wbGFjZXMudjEuUGxhY2VzLkdldFBsYWNlEAIYBCAA","4.5","4603","5","5","0","4","Joel Zaidspiner","4","While in New Orleans we planned on going for beignet, but the rain stopped us from getting there so we looked up a place","info@daisydukesrestaurant.com","","","",""
"Cornet","700 Bourbon St, New Orleans, LA 70116, USA","","https://cornetnola.co/","https://maps.google.com/?cid=115646891828404559&g_mp=CiVnb29nbGUubWFwcy5wbGFjZXMudjEuUGxhY2VzLkdldFBsYWNlEAIYBCAA","4","2094","5","5","0","4","Kristopher Crigler","4","I don't normally go to a restaurant blindly but I'm glad I took a chance. The location was great with balcony seating wi","sharon@bourbonstreetbalconyrentals.com","","","",""
"Brio Italian Grille","80 Regent St, Salt Lake City, UT 84111, USA","(801) 359-4401","https://www.brioitalian.com/locations/city-creek/?y_source=1_MTU5OTgwNTgtNzE1LWxvY2F0aW9uLndlYnNpdGU%3D","https://maps.google.com/?cid=10348336768794452059&g_mp=CiVnb29nbGUubWFwcy5wbGFjZXMudjEuUGxhY2VzLkdldFBsYWNlEAIYBCAA","4.2","3653","5","5","3","3","Danielle Y","3","This meal was disappointing, which was frustrating given the high expectations.  I ordered the Gluten free filet mignon","info@brioitalian.com","","","",""
"Valter's Osteria","173 W Broadway, Salt Lake City, UT 84101, USA","(801) 521-4563","http://valtersosteria.com/","https://maps.google.com/?cid=860515460789347979&g_mp=CiVnb29nbGUubWFwcy5wbGFjZXMudjEuUGxhY2VzLkdldFBsYWNlEAIYBCAA","4.6","1836","5","5","3","1","Vy Van Ky Sheridan","1","Came here to celebrate our anniversary. We booked a reservation for 5:30 pm when it opened and was promptly seated but t","info@valtersosteria.com","","","",""
"Rodizio Grill Brazilian Steakhouse Salt Lake City","600 S 700 E 2nd Floor, Salt Lake City, UT 84102, USA","(801) 220-0500","https://www.rodiziogrill.com/salt-lake-city/","https://maps.google.com/?cid=11519514362683004702&g_mp=CiVnb29nbGUubWFwcy5wbGFjZXMudjEuUGxhY2VzLkdldFBsYWNlEAIYBCAA","4.7","13893","5","5","2","1","Jamie Cotton","1","We were truly disappointed with our experience. Unfortunately, most of the food, especially the meats. It was extremely","info@rodiziogrill.com","","","",""
"Bodega and The Rest","331 S Main St, Salt Lake City, UT 84111, USA","(801) 532-4042","http://www.bodega331.com/","https://maps.google.com/?cid=11536929777662881473&g_mp=CiVnb29nbGUubWFwcy5wbGFjZXMudjEuUGxhY2VzLkdldFBsYWNlEAIYBCAA","4.5","961","5","5","2","1","Kimberly Ransom","1","Lured by the decor and century old charm, my group of friends came here for dinner & drinks. We had a couple leave immed","user@domain.com","","","",""
"Blue Iguana Salt Lake City","165 S W Temple St, Salt Lake City, UT 84101, USA","(801) 533-8900","https://blueiguanarestaurant.net/?utm_source=organic&utm_medium=gmb","https://maps.google.com/?cid=15429717313961635115&g_mp=CiVnb29nbGUubWFwcy5wbGFjZXMudjEuUGxhY2VzLkdldFBsYWNlEAIYBCAA","4.3","3666","5","5","2","3","Big Country","3","Possibly the worst tortillas I’ve ever had. Super thick, doughy, more like a pita. House salsa pretty good, complimentar","info@blueiguanarestaurant.net","","","",""
"Chile-Tepin","307 W 200 S, Salt Lake City, UT 84101, USA","(801) 883-9255","https://www.chile-tepin.com/home","https://maps.google.com/?cid=3557368060647637652&g_mp=CiVnb29nbGUubWFwcy5wbGFjZXMudjEuUGxhY2VzLkdldFBsYWNlEAIYBCAA","4.5","3519","5","5","2","3","Lindsy H","3","The food was okay. It just didn't have great flavor and it came out cold. I heard good things about this place and it ha","laschangas.llc@gmail.com","","","",""
"Lake Effect","155 W 200 S, Salt Lake City, UT 84101, USA","(801) 532-2068","http://www.lakeeffectslc.com/","https://maps.google.com/?cid=1767445384093831599&g_mp=CiVnb29nbGUubWFwcy5wbGFjZXMudjEuUGxhY2VzLkdldFBsYWNlEAIYBCAA","4.3","2797","5","5","1","3","Zeke Dumke IV","3","This is an absolutely beautiful space, but that’s about where it ends. The service consisted of people begrudgingly poin","johndoe@gmail.com","","","",""
"Caffé Molise","404 S W Temple St, Salt Lake City, UT 84101, USA","(801) 364-8833","http://www.caffemolise.com/","https://maps.google.com/?cid=3702760611557437477&g_mp=CiVnb29nbGUubWFwcy5wbGFjZXMudjEuUGxhY2VzLkdldFBsYWNlEAIYBCAA","4.5","3662","5","5","1","3","gracie lopez","3","Caffe molise is fancy dining. the environment is lovely, the live music was peaceful, and the lighting is romantic. over","info@caffemolise.com","","","",""
"Adelaide","131 S 300 W, Salt Lake City, UT 84101, USA","(801) 658-4600","https://www.adelaidesaltlake.com/","https://maps.google.com/?cid=11294190725753024340&g_mp=CiVnb29nbGUubWFwcy5wbGFjZXMudjEuUGxhY2VzLkdldFBsYWNlEAIYBCAA","4.4","549","5","5","1","3","Isaac Romero","3","I was around the area and saw this place which is really pretty. I do have to say the food was okay but not particularly","info@adelaidesaltlake.com","","","",""
"Zest Kitchen & Bar","275 S 200 W, Salt Lake City, UT 84101, USA","(801) 433-0589","https://zestslc.com/?utm_source=google","https://maps.google.com/?cid=10303443288671584193&g_mp=CiVnb29nbGUubWFwcy5wbGFjZXMudjEuUGxhY2VzLkdldFBsYWNlEAIYBCAA","4.4","2061","5","5","1","1","Rachel Dial","1","It has been a month and I’m still upset enough to write a review. We got a “fruit salad” to bring to thanksgiving dinner","info@zestslc.com","","","",""
"The Roof","15 E S Temple St 10th floor, Salt Lake City, UT 84150, USA","(801) 539-3550","http://theroofslc.com/","https://maps.google.com/?cid=4981386193120683931&g_mp=CiVnb29nbGUubWFwcy5wbGFjZXMudjEuUGxhY2VzLkdldFBsYWNlEAIYBCAA","4.4","786","5","5","1","3","Keith Christiansen","3","The roof finally opened back up but unfortunately they no longer do the buffet style they did before. The food was decen","info@theroofslc.com","","","",""
"Gourmandise","250 S 300 E, Salt Lake City, UT 84111, USA","(801) 328-3330","https://www.gourmandise.com/?utm_source=google.com&utm_medium=referral&utm_campaign=salt-lake-city&utm_content=gmb","https://maps.google.com/?cid=2223690247470707125&g_mp=CiVnb29nbGUubWFwcy5wbGFjZXMudjEuUGxhY2VzLkdldFBsYWNlEAIYBCAA","4.5","5543","5","5","1","2","Nicole Mujica","2","I’ve been coming here over the years may times to try the pastries and to get birthday cakes for my family. This time my","user@domain.com","","","",""
"The Garden Restaurant","15 E S Temple St 1st floor, Salt Lake City, UT 84150, USA","(801) 539-3560","http://thegardenslc.com/","https://maps.google.com/?cid=8420219069341380838&g_mp=CiVnb29nbGUubWFwcy5wbGFjZXMudjEuUGxhY2VzLkdldFBsYWNlEAIYBCAA","4","414","5","5","1","1","David Turley","1","Honestly I loved the food. The difficulty I had was with the service. I ordered a salad, a bowl of tomato soup, and a ro","info@thegardenslc.com","","","",""
"Franklin Ave Cocktails & Kitchen","231 S Edison St, Salt Lake City, UT 84111, USA","(385) 831-7560","http://franklinaveslc.com/","https://maps.google.com/?cid=1269699959255548497&g_mp=CiVnb29nbGUubWFwcy5wbGFjZXMudjEuUGxhY2VzLkdldFBsYWNlEAIYBCAA","4.6","687","5","5","1","3","Olivia Enders","3","Upon being seated, we ordered our drinks and waited 15 mins for them to arrive. No big deal, but the waitress (Madison)","user@domain.com","","","",""
"Squatters Pub Brewery Downtown SLC","147 W Broadway, Salt Lake City, UT 84101, USA","(801) 363-2739","https://www.squatterspubs.com/","https://maps.google.com/?cid=267932068772635277&g_mp=CiVnb29nbGUubWFwcy5wbGFjZXMudjEuUGxhY2VzLkdldFBsYWNlEAIYBCAA","4.5","3103","5","5","1","3","Jason Lamoreaux","3","Ok, let me first say I remember the old squatters and it was an amazing. I’ve been here a few time since it was bought o","info@squatterspubs.com","","","",""
"Bambara Salt Lake City","202 S Main St, Salt Lake City, UT 84101, USA","(801) 363-5454","https://bambara-slc.com/","https://maps.google.com/?cid=993997300387982801&g_mp=CiVnb29nbGUubWFwcy5wbGFjZXMudjEuUGxhY2VzLkdldFBsYWNlEAIYBCAA","4.3","1234","5","5","1","1","Richard Pellecchia II","1","Extremely disappointed... I didn't go there to order appetizers as meals LOL. If I see a cut of meat listed I would thin","info@bambara-slc.com","","","",""
"Ruth's Diner","4160 Emigration Canyon Rd, Emigration Canyon, UT 84108, USA","(801) 582-5807","http://ruthsdiner.com/","https://maps.google.com/?cid=10675044006686542650&g_mp=CiVnb29nbGUubWFwcy5wbGFjZXMudjEuUGxhY2VzLkdldFBsYWNlEAIYBCAA","4.6","5837","5","5","1","3","Bret Williams","3","On our recent visit to Salt Lake City, we searched Google Maps to find a restaurant no too far from us. From the reviews","ruth@ruthsdiner.com","","","",""
"Tucanos Brazilian Grill","162 S 400 W, Salt Lake City, UT 84101, USA","(801) 456-2550","https://www.tucanos.com/","https://maps.google.com/?cid=5377801209508569610&g_mp=CiVnb29nbGUubWFwcy5wbGFjZXMudjEuUGxhY2VzLkdldFBsYWNlEAIYBCAA","4.4","6656","5","5","1","1","Marck Delta B787","1","Rating: ⭐☆☆☆☆ (1/5)  My experience at this restaurant was extremely disappointing and, unfortunately, the worst I have e","info@tucanos.com","","","",""
"The Salt Republic","170 S W Temple St, Salt Lake City, UT 84101, USA","","https://www.hyatt.com/en-US/hotel/utah/hyatt-regency-salt-lake-city/slcrs/dining","https://maps.google.com/?cid=12868872813258390060&g_mp=CiVnb29nbGUubWFwcy5wbGFjZXMudjEuUGxhY2VzLkdldFBsYWNlEAIYBCAA","4.2","114","5","5","1","3","Joseph Morris","3","Went as a large group. Atmosphere was quiet and secluded. Service was kind and attentive. Food was merely okay. Costs we","info@hyatt.com","","","",""
"Nacho Daddy - Salt Lake City","241 W 200 S, Salt Lake City, UT 84101, USA","(801) 869-1066","https://nachodaddy.com/","https://maps.google.com/?cid=16544543264346031044&g_mp=CiVnb29nbGUubWFwcy5wbGFjZXMudjEuUGxhY2VzLkdldFBsYWNlEAIYBCAA","4","2000","5","5","1","1","Nati","1","My honest review is that this place is really good to Dine IN. The reason I’m making this review though is because if yo","info@nachodaddy.com","","","",""
"Copper Common","111 E Broadway Suite 190, Salt Lake City, UT 84111, USA","(801) 355-0543","https://coppercommon.com/","https://maps.google.com/?cid=11414155608030014054&g_mp=CiVnb29nbGUubWFwcy5wbGFjZXMudjEuUGxhY2VzLkdldFBsYWNlEAIYBCAA","4.3","636","5","5","1","3","Anne Moon (CryingMurder)","3","Beautiful location, a bit overpriced though. Food is okay but not a good choice for having a dinner, portions are tiny a","common@copperslc.com","","","",""
"Antica Roma 🇮🇹 Italian Restaurant","132 S Main St, Salt Lake City, UT 84101, USA","(801) 532-0500","http://www.anticaroma.us/","https://maps.google.com/?cid=16467565117369927463&g_mp=CiVnb29nbGUubWFwcy5wbGFjZXMudjEuUGxhY2VzLkdldFBsYWNlEAIYBCAA","4.7","825","5","5","1","2","Angeles Monsivais","2","First, don't go here if you are short in time. We asked but they took longer than they promised.  Decided to go here bec","info@anticaroma.us","","","",""
"Matteo Ristorante Italiano","77 W 200 S #100, Salt Lake City, UT 84101, USA","(385) 549-1992","https://www.matteoslc.com/","https://maps.google.com/?cid=4896458936700994380&g_mp=CiVnb29nbGUubWFwcy5wbGFjZXMudjEuUGxhY2VzLkdldFBsYWNlEAIYBCAA","4.7","888","5","5","1","2","Chenyang Zhang","2","Atmosphere: For a restaurant targeting higher end market. I expect more than 2x4 wood decor hanging on the ceiling, not","delicious@matteoslc.com","","","",""
"Sapa","722 State St, Salt Lake City, UT 84111, USA","(801) 363-7272","https://www.sapabarandgrill.com/","https://maps.google.com/?cid=5115059882270318176&g_mp=CiVnb29nbGUubWFwcy5wbGFjZXMudjEuUGxhY2VzLkdldFBsYWNlEAIYBCAA","4.6","3515","5","5","1","2","Tanner Christensen","2","The building is cool and the atmosphere a fun vibe. Couldn’t believe how large this restaurant is. Awesome artwork, fun","management@sapabarandgrill.com","","","",""
"Stoneground Italian Kitchen","249 E 400 S, Salt Lake City, UT 84111, USA","(801) 364-1368","http://stonegrounditalian.com/","https://maps.google.com/?cid=3987031668526137360&g_mp=CiVnb29nbGUubWFwcy5wbGFjZXMudjEuUGxhY2VzLkdldFBsYWNlEAIYBCAA","4.5","1217","5","5","1","2","Raissa Moraes","2","The food was delicious and the ambiance is beautiful. I’d recommend this place for a date night or a small group dinner.","info@stonegrounditalian.com","","","",""
"Nona Bistro","346 E 900 S, Salt Lake City, UT 84111, USA","(801) 244-2495","https://nonabistro.toast.site/","https://maps.google.com/?cid=5710867585232564966&g_mp=CiVnb29nbGUubWFwcy5wbGFjZXMudjEuUGxhY2VzLkdldFBsYWNlEAIYBCAA","4.1","345","5","5","1","2","Max Green","2","Let’s start with the positives here the ambience and the drinks were great really cool patio vibe too. The drinks came o","info@nonabistro.toast.site","","","",""
"ROCTACO","248 S Edison St, Salt Lake City, UT 84111, USA","(801) 905-8016","https://www.roctaco.com/","https://maps.google.com/?cid=16842274920842912147&g_mp=CiVnb29nbGUubWFwcy5wbGFjZXMudjEuUGxhY2VzLkdldFBsYWNlEAIYBCAA","4.6","1114","5","5","1","2","Richard Gonzalez","2","It's definitely an acquired taste and a one-time visit for us. The food reminds me of Chipotle. This is an Americanized","info@roctaco.com","","","",""
"Red Iguana 2","866 W S Temple St, Salt Lake City, UT 84104, USA","(801) 214-6050","https://www.rediguana.com/locations/red-iguana-2/","https://maps.google.com/?cid=8438835085975497207&g_mp=CiVnb29nbGUubWFwcy5wbGFjZXMudjEuUGxhY2VzLkdldFBsYWNlEAIYBCAA","4.6","8869","5","5","1","1","Anhnhung Nguyen","1","Can on a Wednesday night, had a reservation at 7 and didn’t get seated until 7:30. Didn’t get water or salsa or our orde","info@rediguana.com","","","",""
"From Scratch","62 E Gallivan Ave, Salt Lake City, UT 84111, USA","(385) 442-4827","https://www.fromscratchslc.com/","https://maps.google.com/?cid=1887678519690690425&g_mp=CiVnb29nbGUubWFwcy5wbGFjZXMudjEuUGxhY2VzLkdldFBsYWNlEAIYBCAA","4.3","1920","5","5","0","4","Sitofa Ligi","4","We went in on a busy Friday evening was told it was a 20 min. We were willing to wait then it turned into an hour. We fi","info@fromscratchslc.com","","","",""
"Salt & Olive","270 S 300 E, Salt Lake City, UT 84111, USA","(801) 906-8389","https://saltnolive.com/","https://maps.google.com/?cid=11352259449141043951&g_mp=CiVnb29nbGUubWFwcy5wbGFjZXMudjEuUGxhY2VzLkdldFBsYWNlEAIYBCAA","4.3","944","5","5","0","5","Waleska Iglesias","5","Such a cool spot, So much history and great atmosphere. Food was great and the service was top notch. So many great opti","info@saltnolive.com","","","",""
"Urban Hill","510 S 300 W #100, Salt Lake City, UT 84101, USA","(385) 295-4200","http://www.urban-hill.com/","https://maps.google.com/?cid=16432894390403452091&g_mp=CiVnb29nbGUubWFwcy5wbGFjZXMudjEuUGxhY2VzLkdldFBsYWNlEAIYBCAA","4.6","1009","5","5","0","4","Seth Humeston","4","Had reservations for a Friday evening. It was pretty busy and we were sat at a tall two top half booth. It wasn't quite","info@urban-hill.com","","","",""
"White Horse Spirits & Kitchen","325 S Main St, Salt Lake City, UT 84111, USA","(801) 363-0137","https://www.whitehorseslc.com/","https://maps.google.com/?cid=16655236943986936822&g_mp=CiVnb29nbGUubWFwcy5wbGFjZXMudjEuUGxhY2VzLkdldFBsYWNlEAIYBCAA","4.5","2127","5","5","0","4","David Simkins","4","The Whitehorse is a local favorite. There is a great energy in the place that makes you want to be there. Following the","user@domain.com","","","",""
"The Copper Onion","111 E Broadway #170, Salt Lake City, UT 84111, USA","(801) 355-3282","http://thecopperonion.com/","https://maps.google.com/?cid=1180221363442922443&g_mp=CiVnb29nbGUubWFwcy5wbGFjZXMudjEuUGxhY2VzLkdldFBsYWNlEAIYBCAA","4.4","3666","5","5","0","5","Leslie M","5","Had a great dining experience here while visiting the area. Welcoming casual vibe, excellent service, and delicious food","info@copperslc.com","","","",""
"Siegfried's Delicatessen","20 W 200 S, Salt Lake City, UT 84101, USA","(385) 355-1912","http://www.siegfriedsdelicatessen.com/","https://maps.google.com/?cid=18349637309020801440&g_mp=CiVnb29nbGUubWFwcy5wbGFjZXMudjEuUGxhY2VzLkdldFBsYWNlEAIYBCAA","4.7","3269","5","5","0","5","Claire Medley","5","So good!!! Classic Jewish deli. You could tell this was a local spot. We went around 12:15/12:30 and they were slammed.","info@siegfriedsdelicatessen.com","","","",""
"Van Ryder, a Rooftop Bar","131 S 300 W, Salt Lake City, UT 84101, USA","(801) 658-4400","https://www.vanrydersaltlake.com/","https://maps.google.com/?cid=1340306730957576851&g_mp=CiVnb29nbGUubWFwcy5wbGFjZXMudjEuUGxhY2VzLkdldFBsYWNlEAIYBCAA","4.3","895","5","5","0","4","William Soto","4","I stopped at Van Ryder in Salt Lake City, a rooftop bar and restaurant, and the atmosphere really pulled it all together","info@vanrydersaltlake.com","","","",""
"Red Rock Brewing - Downtown Salt Lake City","254 S 200 W, Salt Lake City, UT 84101, USA","(435) 409-4089","https://redrockbrewing.com/","https://maps.google.com/?cid=3583511463639954625&g_mp=CiVnb29nbGUubWFwcy5wbGFjZXMudjEuUGxhY2VzLkdldFBsYWNlEAIYBCAA","4.2","2544","5","5","0","4","Kelsey P","4","The ravioli was some of the best ive ever had, it was delicious. The fried pickles however were a bit of a let down. Lot","info@redrockbrewing.com","","","",""
"Oasis Cafe","151 S 500 E, Salt Lake City, UT 84102, USA","(801) 322-0404","https://www.oasiscafeslc.com/","https://maps.google.com/?cid=9772500796357123412&g_mp=CiVnb29nbGUubWFwcy5wbGFjZXMudjEuUGxhY2VzLkdldFBsYWNlEAIYBCAA","4.5","3393","5","5","0","4","Raha Mehrkish","4","My friends and I came here for brunch and the food was absolutely delicious! The atmosphere was lovely and spacious. We","info@oasiscafeslc.com","","","",""
"The Bayou","645 S State St, Salt Lake City, UT 84111, USA","(801) 961-8400","https://www.utahbayou.com/","https://maps.google.com/?cid=5917083357752039808&g_mp=CiVnb29nbGUubWFwcy5wbGFjZXMudjEuUGxhY2VzLkdldFBsYWNlEAIYBCAA","4.6","3909","5","5","0","4","Tim Kealamakia","4","Came for a late lunch early dinner.   Wasn't too busy so it was nice.  The noise was fairly calm.   I have liked the Bay","sales@utahbayou.com","","","",""
"Spencer's For Steaks and Chops Salt Lake City","255 S W Temple St, Salt Lake City, UT 84101, USA","(801) 238-4748","https://www.spencersslc.com/?SEO_id=GMB-HH-R-SLCCCHH&y_source=1_MTU0MDUyMjMtNzE1LWxvY2F0aW9uLndlYnNpdGU%3D","https://maps.google.com/?cid=5841814584098040004&g_mp=CiVnb29nbGUubWFwcy5wbGFjZXMudjEuUGxhY2VzLkdldFBsYWNlEAIYBCAA","4.3","1077","5","5","0","5","Jeremy Manning","5","From the moment we arrived, we were greeted by a warm and friendly staff that immediately set the tone for a wonderful e","info@spencersslc.com","","","",""
"Caputo's Market & Deli","314 W 300 S, Salt Lake City, UT 84101, USA","(801) 531-8669","https://www.caputos.com/","https://maps.google.com/?cid=12914039445011777897&g_mp=CiVnb29nbGUubWFwcy5wbGFjZXMudjEuUGxhY2VzLkdldFBsYWNlEAIYBCAA","4.7","2479","5","5","0","5","Charlene Roberts","5","Caputo’s is the one place in Salt Lake City that truly feels like Italy. It has that old-world market energy — intimate,","info@caputos.com","","","",""
"Market Street Grill","48 W Market St, Salt Lake City, UT 84101, USA","(801) 322-4668","https://www.marketstreetgrill.com/","https://maps.google.com/?cid=14821137591750152764&g_mp=CiVnb29nbGUubWFwcy5wbGFjZXMudjEuUGxhY2VzLkdldFBsYWNlEAIYBCAA","4.3","3426","5","5","0","5","Kara West","5","Coolest restaurant ever! Came for my birthday and it was an awesome dining experience! Our server had a trainee with him","info@marketstreetgrill.com","","","",""
"Roux SLC","515 E 300 S, Salt Lake City, UT 84102, USA","(385) 256-1367","https://www.rouxslc.com/","https://maps.google.com/?cid=13752659578333452622&g_mp=CiVnb29nbGUubWFwcy5wbGFjZXMudjEuUGxhY2VzLkdldFBsYWNlEAIYBCAA","4.6","202","5","5","0","4","Christian Klena","4","Mostly great food, but heavy-handed on the salt.  We enjoyed our dinner at Roux last night. Our waitress, Alex, was an a","info@rouxslc.com","","","",""
"Oquirrh Restaurant","368 E 100 S, Salt Lake City, UT 84111, USA","(801) 359-0426","https://oquirrhslc.com/","https://maps.google.com/?cid=7956875494863142149&g_mp=CiVnb29nbGUubWFwcy5wbGFjZXMudjEuUGxhY2VzLkdldFBsYWNlEAIYBCAA","4.6","711","5","5","0","5","Dwight Perry","5","My wife's co-worker has always talked about this place. We finally decided to go for our first time...I am a 'picky' eat","info@oquirrhslc.com","","","",""
"Spitz Mediterranean Street Food","35 E Broadway, Salt Lake City, UT 84111, USA","(801) 364-0286","https://spitz-restaurant.com/mediterranean-food-downtown-salt-lake-city-restaurant-bar/","https://maps.google.com/?cid=10442613069106257136&g_mp=CiVnb29nbGUubWFwcy5wbGFjZXMudjEuUGxhY2VzLkdldFBsYWNlEAIYBCAA","4.6","4008","5","5","0","5","Melike Berra","5","The food was incredible. Staff was friendly. We got the street cart wrap as combo. The fries were one of the best fries","info@spitz-restaurant.com","","","",""
"MONARCA","268 S State St Suite 110, Salt Lake City, UT 84111, USA","(801) 214-0111","http://monarcaut.com/","https://maps.google.com/?cid=17108851369253349690&g_mp=CiVnb29nbGUubWFwcy5wbGFjZXMudjEuUGxhY2VzLkdldFBsYWNlEAIYBCAA","4.5","1010","5","5","0","5","V Gnz","5","Amazing place for Mexican Cuisine! I was referred to try the Omakase Taco experience  $200 a person which is a tasting o","info@monarcaut.com","","","",""
"Slackwater Pizza SLC","684 S 500 W, Salt Lake City, UT 84101, USA","(801) 386-9777","http://www.slackwaterpizzeria.com/","https://maps.google.com/?cid=14951801590224390378&g_mp=CiVnb29nbGUubWFwcy5wbGFjZXMudjEuUGxhY2VzLkdldFBsYWNlEAIYBCAA","4.7","2059","5","5","0","4","R Cooper","4","The Great:   The service is fantastic. The bread with the hummus appetizer is fantastic.  The Good:  Atmosphere is solid","user@domain.com","","","",""
"Eva","317 S Main St, Salt Lake City, UT 84111, USA","(801) 364-0853","http://www.evaslc.com/","https://maps.google.com/?cid=15824877643389436344&g_mp=CiVnb29nbGUubWFwcy5wbGFjZXMudjEuUGxhY2VzLkdldFBsYWNlEAIYBCAA","4.6","961","5","5","0","4","David Simkins","4","Great atmosphere, fun to bring a small group and share the small plates. Everything was nicely prepared and well present","evarestaurantslc@gmail.com","","","",""
"Takashi","18 W Market St, Salt Lake City, UT 84101, USA","(801) 519-9595","http://takashisushi.com/","https://maps.google.com/?cid=3530387266263894461&g_mp=CiVnb29nbGUubWFwcy5wbGFjZXMudjEuUGxhY2VzLkdldFBsYWNlEAIYBCAA","4.6","3197","5","5","0","5","taylorwso","5","Sit at the bar, let the chefs offer the best from the day, they will impress you.  I would say this is probably the best","user@domain.com","","","",""
"Laurel Brasserie & Bar","555 S Main St, Salt Lake City, UT 84111, USA","(801) 258-6708","https://www.laurelslc.com/","https://maps.google.com/?cid=7130701442480594697&g_mp=CiVnb29nbGUubWFwcy5wbGFjZXMudjEuUGxhY2VzLkdldFBsYWNlEAIYBCAA","4.4","944","5","5","0","4","I C","4","I attended the saturday holiday brunch. This place has such a elegant ambiance. I truly enjoyed the musicians who were p","info@laurelslc.com","","","",""
"Benihana - Salt Lake City","165 S W Temple St Bldg. #1, Salt Lake City, UT 84101, USA","(801) 322-2421","https://www.benihana.com/","https://maps.google.com/?cid=10062844329315643914&g_mp=CiVnb29nbGUubWFwcy5wbGFjZXMudjEuUGxhY2VzLkdldFBsYWNlEAIYBCAA","4.3","3825","5","5","0","5","Brittney Ma","5","Food Quality: 5/5 Service: 5/5 Cleanliness: 5/5 Value: 5/5  Benihana’s hibachi experience is always consistent and enter","info@benihana.com","","","",""
"The 14 peaks","1446 S State St, Salt Lake City, UT 84115, USA","(801) 485-1646","https://the14peaksrestaurant.com/?utm_source=google","https://maps.google.com/?cid=2335077763474254778&g_mp=CiVnb29nbGUubWFwcy5wbGFjZXMudjEuUGxhY2VzLkdldFBsYWNlEAIYBCAA","4.9","2462","5","5","0","5","Brock Patterson","5","Flew into town for work and found this place on Google Maps. Really quaint little place. You can tell they put effort in","info@the14peaksrestaurant.com","","","",""
"The Cheesecake Factory","65 Regent St, Salt Lake City, UT 84111, USA","(801) 521-1732","https://locations.thecheesecakefactory.com/ut/salt-lake-city-157.html?utm_source=Google&utm_medium=Maps&utm_campaign=Google+Places","https://maps.google.com/?cid=2983884628397439586&g_mp=CiVnb29nbGUubWFwcy5wbGFjZXMudjEuUGxhY2VzLkdldFBsYWNlEAIYBCAA","4","6908","5","5","0","5","Jul","5","Had a lovely meal here with my friend’s family during the holidays 🎄 The waiting time to get seated was actually pretty","info@locations.thecheesecakefactory.com","","","",""
"SLC Eatery","1017 S Main St, Salt Lake City, UT 84111, USA","(385) 262-3656","http://slceatery.com/","https://maps.google.com/?cid=10722720533385285394&g_mp=CiVnb29nbGUubWFwcy5wbGFjZXMudjEuUGxhY2VzLkdldFBsYWNlEAIYBCAA","4.5","561","5","5","0","4","Ericka Gilliland","4","Very good food! We loved the prawn - it’s served cold but so delicious. The focaccia is amazing. My duck was a little ch","info@slceatery.com","","","",""
"Arempas","350 S State St, Salt Lake City, UT 84111, USA","(385) 301-8905","http://www.arempas.com/","https://maps.google.com/?cid=3759223343559025265&g_mp=CiVnb29nbGUubWFwcy5wbGFjZXMudjEuUGxhY2VzLkdldFBsYWNlEAIYBCAA","4.5","2749","5","5","0","4","Peter Keiley","4","Empanadas are Gluten Free and the garlic sauce is dairy free so a perfect meal for my sensitivities. Plus it is really t","info@arempas.com","","","",""
"Eggs In the City","2795 S 2300 E, Millcreek, UT 84109, USA","(801) 581-0809","http://eggsinthecityslc.square.site/","https://maps.google.com/?cid=14669292768600452729&g_mp=CiVnb29nbGUubWFwcy5wbGFjZXMudjEuUGxhY2VzLkdldFBsYWNlEAIYBCAA","4.7","2625","5","5","0","5","Estela “Stela” Bohnenstiehl","5","Go on Google maps and put yourself on wait list,  The service was good. Everyone is friendly. The coffee is good  Pancak","hi@mystore.com","","","",""
"Sicilia Mia","4536 Highland Dr, Salt Lake City, UT 84117, USA","(801) 274-0223","https://siciliamiautah.com/?utm_source=google","https://maps.google.com/?cid=18283803987596824656&g_mp=CiVnb29nbGUubWFwcy5wbGFjZXMudjEuUGxhY2VzLkdldFBsYWNlEAIYBCAA","4.7","2782","5","5","0","5","Eric Leaverton","5","Sicilia Mia is one our favorite places for an intimate, special dining experience.  The staff is gracious, friendly, and","info@siciliamiautah.com","","","",""
"The Green Pig Pub","31 E 400 S, Salt Lake City, UT 84111, USA","(801) 532-7441","http://thegreenpigpub.com/","https://maps.google.com/?cid=9605668137037183272&g_mp=CiVnb29nbGUubWFwcy5wbGFjZXMudjEuUGxhY2VzLkdldFBsYWNlEAIYBCAA","4.3","3746","5","5","0","5","Tara Konya","5","A pleasant surprise! We had a delayed connecting flight with an overnight stay in Salt Lake on Thanksgiving and were exc","greenpigpub@gmail.com","","","",""
"Mitchell's Steakhouse","45 N 3rd St, Columbus, OH 43215, USA","(614) 621-2333","https://www.mitchellssteakhouse.com/location/mitchells-steakhouse-columbus-downtown/","https://maps.google.com/?cid=17608524282635502215&g_mp=CiVnb29nbGUubWFwcy5wbGFjZXMudjEuUGxhY2VzLkdldFBsYWNlEAIYBCAA","4.2","1075","5","5","3","2","Amber Rayburn","2","I’m not sure what happened. A year or so ago this place was great. Last night was such a let down. It wasn’t busy at all","info@mitchellssteakhouse.com","","","",""
"The Walrus","143 E Main St, Columbus, OH 43215, USA","(614) 817-1710","http://www.thewalruscolumbus.com/","https://maps.google.com/?cid=8648938364826559202&g_mp=CiVnb29nbGUubWFwcy5wbGFjZXMudjEuUGxhY2VzLkdldFBsYWNlEAIYBCAA","4.4","2851","5","5","2","1","Marc Ha","1","I’m not the type to leave a bad review, but two strikes usually warrants one.  I’ve been flying into Columbus for busine","info@thewalruscolumbus.com","","","",""
"RH Rooftop Restaurant at RH Columbus","4120 Worth Ave, Columbus, OH 43219, USA","(614) 968-8830","http://www.rh.com/columbus/restaurant","https://maps.google.com/?cid=9747621852005733923&g_mp=CiVnb29nbGUubWFwcy5wbGFjZXMudjEuUGxhY2VzLkdldFBsYWNlEAIYBCAA","4.3","945","5","5","2","1","Sutton S","1","Absolutely unacceptable experience at RH Columbus. I visited on 11/1/2025 around 5 PM and was served a burger that was c","info@rh.com","","","",""
"SoCal Kitchen + Bar","705 N High St 1st Floor, Columbus, OH 43215, USA","(614) 300-9500","https://socalkitchenandbar.com/","https://maps.google.com/?cid=16932475982001827931&g_mp=CiVnb29nbGUubWFwcy5wbGFjZXMudjEuUGxhY2VzLkdldFBsYWNlEAIYBCAA","4.5","916","5","5","2","2","Adrika Venkatanarayanan","2","We bought a bunch of stuff to try but disappointed that the Brussel sprouts did not come with goat cheese or walnuts as","info@socalkitchenandbar.com","","","",""
"Rodizio Grill Brazilian Steakhouse Columbus","125 W Nationwide Blvd, Columbus, OH 43215, USA","(614) 241-4400","https://www.rodiziogrill.com/columbus/","https://maps.google.com/?cid=14792497712194194604&g_mp=CiVnb29nbGUubWFwcy5wbGFjZXMudjEuUGxhY2VzLkdldFBsYWNlEAIYBCAA","4.5","2701","5","5","2","1","V. TORRENS","1","Yesterday on Friday, September 19, we went as a group of five adults and a 20 month old baby to Rodizio Grill to celebra","info@rodiziogrill.com","","","",""
"The Keep","50 W Broad St, Columbus, OH 43215, USA","(614) 745-0322","http://www.thekeepcolumbus.com/","https://maps.google.com/?cid=12061624918329000814&g_mp=CiVnb29nbGUubWFwcy5wbGFjZXMudjEuUGxhY2VzLkdldFBsYWNlEAIYBCAA","4.1","655","5","5","2","2","junior hunter","2","The Keep has very nice visuals both in the bar and restaurant area, the rest is just like all of the other lower reviews","thekeep@firsthospitality.com","","","",""
"Butcher & Rose","155 E Broad St, Columbus, OH 43215, USA","(614) 918-9819","https://butcherandrose.com/","https://maps.google.com/?cid=17153812227166539046&g_mp=CiVnb29nbGUubWFwcy5wbGFjZXMudjEuUGxhY2VzLkdldFBsYWNlEAIYBCAA","4.6","793","5","5","1","3","Natalie","3","We visited Butcher & Rose with high expectations based on their marketing and reviews, but the experience was inconsiste","info@butcherandrose.com","","","",""
"The Guild House","624 N High St, Columbus, OH 43215, USA","(614) 280-9780","https://theguildhousecolumbus.com/","https://maps.google.com/?cid=18221996228864256947&g_mp=CiVnb29nbGUubWFwcy5wbGFjZXMudjEuUGxhY2VzLkdldFBsYWNlEAIYBCAA","4.5","2028","5","5","1","3","Vincent Lam","3","Finally came to this decent restaurant at Short North with high expectations, but I was disappointed with their food and","info@theguildhousecolumbus.com","","","",""
"Hofbräuhaus Columbus","800 Goodale Blvd, Columbus, OH 43212, USA","(614) 294-2437","http://hofbrauhauscolumbus.com/","https://maps.google.com/?cid=7692361523830003513&g_mp=CiVnb29nbGUubWFwcy5wbGFjZXMudjEuUGxhY2VzLkdldFBsYWNlEAIYBCAA","4.6","2183","5","5","1","3","Eric Trip","3","September 2025 What a l9vely spot for beer song and polka! The guy with the accordion was very good! The food was very s","info@hofbrauhauscolumbus.com","","","",""
"Marcella's","615 N High St, Columbus, OH 43215, USA","(614) 223-2100","https://marcellasrestaurant.com/locations-menus/marcellas-short-north/","https://maps.google.com/?cid=6450536266282355269&g_mp=CiVnb29nbGUubWFwcy5wbGFjZXMudjEuUGxhY2VzLkdldFBsYWNlEAIYBCAA","4.5","2442","5","5","1","2","Roberto Borea","2","The place is nice and the service is good. However the food is not good at all. I got the 3 plates menu but the pasta ha","info@marcellasrestaurant.com","","","",""
"Hyde Park Prime Steakhouse","569 N High St, Columbus, OH 43215, USA","(614) 224-2204","http://www.hydeparkrestaurants.com/","https://maps.google.com/?cid=937217903962852875&g_mp=CiVnb29nbGUubWFwcy5wbGFjZXMudjEuUGxhY2VzLkdldFBsYWNlEAIYBCAA","4.6","1869","5","5","1","3","Troy and Rebecca Smith","3","We finally got around to trying this place. The ambiance is great. Dark and romantic. Our server was fantastic. Our appe","info@hydeparkrestaurants.com","","","",""
"South Village Grille","197 Thurman Ave, Columbus, OH 43206, USA","(614) 826-0491","https://www.southvillagegrille.com/","https://maps.google.com/?cid=3544089838141998062&g_mp=CiVnb29nbGUubWFwcy5wbGFjZXMudjEuUGxhY2VzLkdldFBsYWNlEAIYBCAA","4.6","1063","5","5","1","3","Suniyah Rawls","3","Reservation: 6:00 PM under “Wood.” This was my second time visiting the restaurant — the first experience was wonderful,","contact@southvillagegrille.com","","","",""
"Barcelona Restaurant and Bar","263 E Whittier St, Columbus, OH 43206, USA","(614) 443-3699","http://www.barcelonacolumbus.com/","https://maps.google.com/?cid=5518879702601320212&g_mp=CiVnb29nbGUubWFwcy5wbGFjZXMudjEuUGxhY2VzLkdldFBsYWNlEAIYBCAA","4.6","2057","5","5","1","3","Cesar Cadevilla","3","Perhaps my Spanish background and the fact I've eaten authentic Spanish food before will make this review hard on Barcel","info@barcelonacolumbus.com","","","",""
"Little West Tavern","77 Belle St, Columbus, OH 43215, USA","(614) 607-6681","https://thejuntohotel.com/restaurants-bars/little-west-tavern?utm_source=google-gbp&utm_medium=organic&utm_campaign=gbp","https://maps.google.com/?cid=438402336633356486&g_mp=CiVnb29nbGUubWFwcy5wbGFjZXMudjEuUGxhY2VzLkdldFBsYWNlEAIYBCAA","4.5","387","5","5","1","3","Kavya Yellamraju","3","Loved the atmosphere, the service, and the drinks. Was significantly disappointed by the food. We got the eggplant fries","hello@littlewesttavern.com","","","",""
"Alqueria","247 King Ave, Columbus, OH 43201, USA","(614) 824-5579","http://alqueriacolumbus.com/","https://maps.google.com/?cid=10904377992547681793&g_mp=CiVnb29nbGUubWFwcy5wbGFjZXMudjEuUGxhY2VzLkdldFBsYWNlEAIYBCAA","4.6","430","5","5","1","3","Paul","3","Went to dinner this evening with my wife. Had my eye on this place for a few weeks.  We were outside on a gorgeous eveni","info@alqueriacolumbus.com","","","",""
"Bodega","1044 N High St, Columbus, OH 43201, USA","","https://www.columbusbodega.com/","https://maps.google.com/?cid=9889951365051341444&g_mp=CiVnb29nbGUubWFwcy5wbGFjZXMudjEuUGxhY2VzLkdldFBsYWNlEAIYBCAA","4.4","1064","5","5","1","2","A Couple Drinks","2","UPDATE:  We decided to give Bodega another try after seeing a sign outside promoting a new brunch menu. When we arrived,","user@domain.com","","","",""
"Martini Modern Italian","445 N High St 1st Floor, Columbus, OH 43215, USA","(614) 224-8259","https://martinimodernitalian.com/","https://maps.google.com/?cid=17968007651744580257&g_mp=CiVnb29nbGUubWFwcy5wbGFjZXMudjEuUGxhY2VzLkdldFBsYWNlEAIYBCAA","4.5","1587","5","5","1","3","Midwest Wandering","3","Solid visit for service and food. The only issue we had was fruit flies flying around during conversation and the meal.","info@martinimodernitalian.com","","","",""
"Pat and Gracie's Downtown","121 S High St, Columbus, OH 43215, USA","(614) 347-3952","http://patandgracies.com/","https://maps.google.com/?cid=16956180103067746919&g_mp=CiVnb29nbGUubWFwcy5wbGFjZXMudjEuUGxhY2VzLkdldFBsYWNlEAIYBCAA","4.4","171","5","5","1","3","J R","3","Food was good, I got a double hamburger and side salad and the homemade tots were good but could have stayed in the frye","info@patandgracies.com","","","",""
"The Rossi Kitchen + Bar","895 N High St, Columbus, OH 43215, USA","(614) 525-0624","https://www.rossikitchenandbar.com/","https://maps.google.com/?cid=1020516713211421425&g_mp=CiVnb29nbGUubWFwcy5wbGFjZXMudjEuUGxhY2VzLkdldFBsYWNlEAIYBCAA","4.5","651","5","5","1","1","Jorling Espinoza","1","Beware: Do NOT order Carbonara!!  When I decide to leave reviews for a place, it's because I loved it and believe it's w","user@domain.com","","","",""
"Sidebar Columbus","122 E Main St, Columbus, OH 43215, USA","(614) 228-9041","https://www.sidebarcolumbus.com/?y_source=1_MzE1ODg5NTctNzE1LWxvY2F0aW9uLndlYnNpdGU=","https://maps.google.com/?cid=16135397164673110255&g_mp=CiVnb29nbGUubWFwcy5wbGFjZXMudjEuUGxhY2VzLkdldFBsYWNlEAIYBCAA","4.7","1136","5","5","1","2","AP","2","The pollo saltado and the lomo saltado were pretty decent, but not worth $25 per plate.  The cheese empanadas were extre","events@sidebarcolumbus.com","","","",""
"Hudson 29 Kitchen + Drink","1600 W Lane Ave, Upper Arlington, OH 43221, USA","(614) 487-0622","https://hudson29.com/Locations-Menus/Upper-Arlington/","https://maps.google.com/?cid=12032164094315211002&g_mp=CiVnb29nbGUubWFwcy5wbGFjZXMudjEuUGxhY2VzLkdldFBsYWNlEAIYBCAA","4.5","1100","5","5","1","2","Deacon James","2","My 5th time trying out this restaurant.  Needed a somewhat last minute reservation for a NYE dinner.  First off, and I’v","info@hudson29.com","","","",""
"Hubbard Grille","793 N High St, Columbus, OH 43215, USA","(614) 291-5000","https://www.hubbardgrille.com/","https://maps.google.com/?cid=6448377778304819534&g_mp=CiVnb29nbGUubWFwcy5wbGFjZXMudjEuUGxhY2VzLkdldFBsYWNlEAIYBCAA","4.4","1066","5","5","1","1","Lyndsey Kuznar","1","I tried out Hubbard Grille last Saturday, unfortunately this is not a place I would recommend due to the service I recei","info@hubbardgrille.com","","","",""
"Cap City Fine Diner and Bar","6644 Riverside Dr, Dublin, OH 43017, USA","(614) 889-7865","https://capcityfinediner.com/locations-menus/dublin/","https://maps.google.com/?cid=593933754581068302&g_mp=CiVnb29nbGUubWFwcy5wbGFjZXMudjEuUGxhY2VzLkdldFBsYWNlEAIYBCAA","4.5","3153","5","5","1","3","Madeline Davis","3","We recently had dinner here for a birthday party. Our waiter was good, however getting our drinks and food took a while,","info@capcityfinediner.com","","","",""
"Goodale Station","77 E Nationwide Blvd, Columbus, OH 43215, USA","(614) 227-9400","http://www.goodalestation.com/","https://maps.google.com/?cid=9927366045275903235&g_mp=CiVnb29nbGUubWFwcy5wbGFjZXMudjEuUGxhY2VzLkdldFBsYWNlEAIYBCAA","4.2","428","5","5","1","1","Susan Craft","1","The food was cold, even requested hot made to order food!  I had to wait for hot fries and by the time I received them m","info@goodalestation.com","","","",""
"Comune","677 Parsons Ave, Columbus, OH 43206, USA","(614) 947-1012","https://www.comune-restaurant.com/","https://maps.google.com/?cid=2078539393368119651&g_mp=CiVnb29nbGUubWFwcy5wbGFjZXMudjEuUGxhY2VzLkdldFBsYWNlEAIYBCAA","4.7","471","5","5","1","3","Regan Boyd","3","We got the roasted carrots, bread + spread, black garlic cacio e pepe, walnut-maitake mushroom bolognese, and the avocad","user@domain.com","","","",""
"The Spaghetti Warehouse","150 S High St, Columbus, OH 43215, USA","(614) 464-0143","https://spaghettiwarehouse.com/","https://maps.google.com/?cid=15722169014606827268&g_mp=CiVnb29nbGUubWFwcy5wbGFjZXMudjEuUGxhY2VzLkdldFBsYWNlEAIYBCAA","4.1","7361","5","5","1","2","Ryan Kroll","2","This evening I thought it would be a great idea to take my wife and son to the new Spaghetti Warehouse. Boy was I wrong,","columbus@spaghettiwarehouse.com","","","",""
"Forno Kitchen + Bar","721 N High St, Columbus, OH 43215, USA","(614) 469-0053","https://fornoshortnorth.com/","https://maps.google.com/?cid=7209221198944424412&g_mp=CiVnb29nbGUubWFwcy5wbGFjZXMudjEuUGxhY2VzLkdldFBsYWNlEAIYBCAA","4.5","2582","5","5","0","5","Hugo Deleon-Rodriguez","5","Great vibes all around! Every employee I interacted with was amazing — super friendly and welcoming. The food was absolu","info@fornoshortnorth.com","","","",""
"The Pearl","641 N High St, Columbus, OH 43215, USA","(614) 227-0151","https://thepearlrestaurant.com/","https://maps.google.com/?cid=8685302986226315815&g_mp=CiVnb29nbGUubWFwcy5wbGFjZXMudjEuUGxhY2VzLkdldFBsYWNlEAIYBCAA","4.6","2680","5","5","0","4","Natalie","4","We visited on a Friday night, and the atmosphere was energetic and loud, fitting for a pub-style setting. It’s a casual,","info@thepearlrestaurant.com","","","",""
"Schmidt’s Sausage Haus Restaurant","240 E Kossuth St, Columbus, OH 43206, USA","(614) 444-6808","https://www.schmidthaus.com/","https://maps.google.com/?cid=7968645518100359985&g_mp=CiVnb29nbGUubWFwcy5wbGFjZXMudjEuUGxhY2VzLkdldFBsYWNlEAIYBCAA","4.7","12398","5","5","0","4","Ryan Davis","4","Grabbed lunch here with some friends the other day. Schmidt's comes with a lot of hype. I'm not sure it totally lives up","info@schmidthaus.com","","","",""
"Cento","595 S 3rd St, Columbus, OH 43215, USA","(614) 696-6565","https://centogermanvillage.com/","https://maps.google.com/?cid=10076004231970476490&g_mp=CiVnb29nbGUubWFwcy5wbGFjZXMudjEuUGxhY2VzLkdldFBsYWNlEAIYBCAA","4.6","479","5","5","0","4","E B","4","The decor, music, and overall ambiance is very special, intriguing, and vibrant.  Really put together with intention.  T","info@centogermanvillage.com","","","",""
"The Old Mohawk","819 Mohawk St, Columbus, OH 43206, USA","(614) 444-7204","https://oldmohawktavern.com/","https://maps.google.com/?cid=8141117910339529031&g_mp=CiVnb29nbGUubWFwcy5wbGFjZXMudjEuUGxhY2VzLkdldFBsYWNlEAIYBCAA","4.5","2204","5","5","0","5","Cintia Sanchez","5","We were passing through the area and saw the restaurant on the map. We hesitated a bit before going in since we were wit","info@oldmohawktavern.com","","","",""
"Lindey's","169 E Beck St, Columbus, OH 43206, USA","(614) 228-4343","https://www.lindeys.com/","https://maps.google.com/?cid=15762243631249603995&g_mp=CiVnb29nbGUubWFwcy5wbGFjZXMudjEuUGxhY2VzLkdldFBsYWNlEAIYBCAA","4.6","2823","5","5","0","5","Shronda Howell","5","I went here today for my birthday 2/12 . Everything is great for the food. My server Sam was wonderful very helpful. If","info@lindeys.com","","","",""
"Mandrake Rooftop","810 N High St, Columbus, OH 43215, USA","(614) 793-1500","http://mandrakerooftop.com/","https://maps.google.com/?cid=5927192794131151541&g_mp=CiVnb29nbGUubWFwcy5wbGFjZXMudjEuUGxhY2VzLkdldFBsYWNlEAIYBCAA","4.3","936","5","5","0","5","Daniel Youssef","5","I come in once a week at least. We always have Natalia. She constantly provides exceptional service. She remembers my fr","info@mandrakerooftop.com","","","",""
"Chouette","66 N High St, Columbus, OH 43215, USA","(614) 705-2665","https://www.chouetterestaurant.com/","https://maps.google.com/?cid=1932697099916723891&g_mp=CiVnb29nbGUubWFwcy5wbGFjZXMudjEuUGxhY2VzLkdldFBsYWNlEAIYBCAA","4","290","5","5","0","4","Ryan Tocker","4","Ate here for restaurant week. They offered a great menu special and delicious drinks for a really good price.  We got th","info@chouetterestaurant.com","","","",""
"HydeOut Kitchen & Bar","201 S High St, Columbus, OH 43215, USA","(380) 208-1246","https://www.toasttab.com/hydeout-kitchen-bar-201-s-high-street","https://maps.google.com/?cid=13748185345449836344&g_mp=CiVnb29nbGUubWFwcy5wbGFjZXMudjEuUGxhY2VzLkdldFBsYWNlEAIYBCAA","4.5","555","5","5","0","4","Oleg Vasilchuk","4","Food was good. Hamburgers are delicious!! We orders some starters hoping we going to get them before meal, well starters","info@toasttab.com","","","",""
"Kitchen Social","8954 Lyra Dr, Columbus, OH 43240, USA","(614) 505-8492","http://ourkitchensocial.com/","https://maps.google.com/?cid=5207321762219822896&g_mp=CiVnb29nbGUubWFwcy5wbGFjZXMudjEuUGxhY2VzLkdldFBsYWNlEAIYBCAA","4.8","2640","5","5","0","5","Lee","5","A couple of weeks ago, my husband and I made the drive from Dayton after making reservations ahead of our visit to Polar","info@ourkitchensocial.com","","","",""
"Allora Kitchen & Bar","4215 N High St, Columbus, OH 43214, USA","(614) 429-3661","https://allorakitchenbar.com/","https://maps.google.com/?cid=17448640713485502721&g_mp=CiVnb29nbGUubWFwcy5wbGFjZXMudjEuUGxhY2VzLkdldFBsYWNlEAIYBCAA","5","19","5","5","0","5","Brahim Sta","5","all of it is great","allorakitchen23@gmail.com","","","",""
"Haveli Bistro","185 N High St, Columbus, OH 43215, USA","(614) 867-5008","https://havelibistro.com/","https://maps.google.com/?cid=12558442961565680764&g_mp=CiVnb29nbGUubWFwcy5wbGFjZXMudjEuUGxhY2VzLkdldFBsYWNlEAIYBCAA","4.5","4089","5","5","0","4","Jed Thompson","4","Pretty good as indian restaurants go. Service staff were welcoming and friendly and checked in often.  Bourbon cocktail","info@havelibistro.com","","","",""
"Agni","716 S High St, Columbus, OH 43206, USA","(614) 674-6600","http://www.dineatagni.com/","https://maps.google.com/?cid=17418905621624201483&g_mp=CiVnb29nbGUubWFwcy5wbGFjZXMudjEuUGxhY2VzLkdldFBsYWNlEAIYBCAA","4.9","340","5","5","0","5","Victoria Kleber","5","We made a special trip to Columbus to dine at the Chef’s Counter this past weekend (11/21), and it was absolutely worth","reservations@dineatagni.com","","","",""
"Valters at the Maennerchor","976 S High St, Columbus, OH 43206, USA","(614) 444-3531","http://www.valtersatthemaennerchor.com/","https://maps.google.com/?cid=2472019060484248813&g_mp=CiVnb29nbGUubWFwcy5wbGFjZXMudjEuUGxhY2VzLkdldFBsYWNlEAIYBCAA","4.8","2546","5","5","0","5","Ardi","5","It was a great experience to dine at Valters at the Maennerchor restaurant. The food were delicious, the service was exc","info@valtersatthemaennerchor.com","","","",""
"The Refectory Restaurant","1092 Bethel Rd, Columbus, OH 43220, USA","(614) 451-9774","http://www.refectory.com/","https://maps.google.com/?cid=3325371017411994375&g_mp=CiVnb29nbGUubWFwcy5wbGFjZXMudjEuUGxhY2VzLkdldFBsYWNlEAIYBCAA","4.7","1568","5","5","0","5","Annika Borovansky","5","We celebrated my boyfriend’s birthday with the most beautiful five-course dinner at The Refectory Restaurant & Bistro, a","info@refectory.com","","","",""
"Hank's Low Country Seafood & Raw Bar","6 W Gay St, Columbus, OH 43215, USA","(614) 992-5447","https://www.hanksseafoodrestaurant.com/location/columbus/","https://maps.google.com/?cid=3063920381787853842&g_mp=CiVnb29nbGUubWFwcy5wbGFjZXMudjEuUGxhY2VzLkdldFBsYWNlEAIYBCAA","4.3","340","5","5","0","4","Lauren Talley","4","Such a great spot downtown: definitely make a reservation because it fills up quickly (for good reason). Their happy hou","hello.columbus@hanksseafoodrestaurant.com","","","",""
"Soul 2 Go Cafe","72 E Lynn St, Columbus, OH 43215, USA","(877) 554-7685","http://soul2goohio.com/","https://maps.google.com/?cid=6239213060967688864&g_mp=CiVnb29nbGUubWFwcy5wbGFjZXMudjEuUGxhY2VzLkdldFBsYWNlEAIYBCAA","4.8","1769","5","5","0","5","PRICELESS ENTERTAINMENT","5","The atmosphere was so nice! There was a man playing the piano. Alexis the manager was so warm and Inviting checking in u","info@soul2goohio.com","","","",""
"Sycamore","262 E Sycamore St, Columbus, OH 43206, USA","(614) 407-3071","http://www.sycamoregv.com/","https://maps.google.com/?cid=17466391007550948172&g_mp=CiVnb29nbGUubWFwcy5wbGFjZXMudjEuUGxhY2VzLkdldFBsYWNlEAIYBCAA","4.5","634","5","5","0","4","Blake Savage","4","Appetizers were good, a bit pricey and smaller portioned. Chicken thighs were good. Burger was ordered medium and cooked","user@domain.com","","","",""
"Northstar Cafe in the Short North","951 N High St, Columbus, OH 43201, USA","(614) 298-9999","http://www.thenorthstarcafe.com/","https://maps.google.com/?cid=17164533405380536793&g_mp=CiVnb29nbGUubWFwcy5wbGFjZXMudjEuUGxhY2VzLkdldFBsYWNlEAIYBCAA","4.5","2566","5","5","0","5","Amir Shahmoradi","5","Great for breakfast and lunch. The avocado chicken sandwich is great with a finely toasted bun. Nice outdoor sitting are","info@thenorthstarcafe.com","","","",""
"['plas]","21 E 5th Ave #101, Columbus, OH 43201, USA","(614) 725-5700","http://www.plasfoodanddrink.com/","https://maps.google.com/?cid=324920903708670570&g_mp=CiVnb29nbGUubWFwcy5wbGFjZXMudjEuUGxhY2VzLkdldFBsYWNlEAIYBCAA","4.8","373","5","5","0","5","Alper Yilmaz","5","We came here to celebrate our kids’ achievements and our birthdays, and it was a wonderful experience. The restaurant is","info@plasfoodanddrink.com","","","",""
"TownHall","792 N High St, Columbus, OH 43215, USA","(614) 639-8600","https://www.townhallornowhere.com/","https://maps.google.com/?cid=8879493313916011031&g_mp=CiVnb29nbGUubWFwcy5wbGFjZXMudjEuUGxhY2VzLkdldFBsYWNlEAIYBCAA","4.3","1750","5","5","0","5","Caroline Lee","5","TownHall is my absolute favorite place to go. The vibes are always great, the food is amazing, and everything is made wi","info@townhallornowhere.com","","","",""
"The Woodbury","215 E Town St, Columbus, OH 43215, USA","(614) 824-5042","http://www.woodburycbus.com/","https://maps.google.com/?cid=11635298451592938971&g_mp=CiVnb29nbGUubWFwcy5wbGFjZXMudjEuUGxhY2VzLkdldFBsYWNlEAIYBCAA","4.4","1215","5","5","0","5","Andrea Montero","5","We had an amazing brunch experience thanks to our server, Said. From the start, he made sure to check if anyone had alle","info@woodburycbus.com","","","",""
"Galla Park Social","900 N High St, Columbus, OH 43201, USA","(614) 826-0023","https://gallapark.com/","https://maps.google.com/?cid=12588755173436922520&g_mp=CiVnb29nbGUubWFwcy5wbGFjZXMudjEuUGxhY2VzLkdldFBsYWNlEAIYBCAA","4.4","527","5","5","0","4","Jose Rojas","4","Will definitely consider coming back! No complaints from service to quality. These guys checked all the boxes. Only thin","info@gallapark.com","","","",""
"FYR Short North","404 N High St, Columbus, OH 43215, USA","(614) 484-5286","http://www.fyrshortnorth.com/?y_source=1_NjMzNzEwMzAtNzE1LWxvY2F0aW9uLndlYnNpdGU%3D","https://maps.google.com/?cid=11648261149061242052&g_mp=CiVnb29nbGUubWFwcy5wbGFjZXMudjEuUGxhY2VzLkdldFBsYWNlEAIYBCAA","4.4","325","5","5","0","5","Michele B Mooney","5","First time here and we were blown away! We received fantastic service from Avalon. She was knowledgeable of the menu, si","info@fyrshortnorth.com","","","",""
"Brassica in the Short North","680 N High St, Columbus, OH 43215, USA","(614) 867-5885","http://www.brassicas.com/","https://maps.google.com/?cid=15310057678847878087&g_mp=CiVnb29nbGUubWFwcy5wbGFjZXMudjEuUGxhY2VzLkdldFBsYWNlEAIYBCAA","4.8","2988","5","5","0","5","BARAK WORLD","5","Absolutely amazing experience at Brassica! I ordered the salad plate with chicken and it was phenomenal. The chicken was","info@brassicas.com","","","",""
"Basi Italia","811 Highland St, Columbus, OH 43215, USA","(614) 294-7383","http://basi-italia.com/","https://maps.google.com/?cid=13879851492328371322&g_mp=CiVnb29nbGUubWFwcy5wbGFjZXMudjEuUGxhY2VzLkdldFBsYWNlEAIYBCAA","4.7","713","5","5","0","4","Haley S","4","Such a cute hidden gem. Very intimate setting & a great place to bring a date or family/friends. Service was really outs","trishandjohn@basi-italia.com","","","",""
"Arch City Tavern","862 N High St, Columbus, OH 43215, USA","(614) 725-5620","http://www.archcitytavern.com/","https://maps.google.com/?cid=7584401633764791277&g_mp=CiVnb29nbGUubWFwcy5wbGFjZXMudjEuUGxhY2VzLkdldFBsYWNlEAIYBCAA","4.6","1478","5","5","0","5","Steve Frank Hody","5","Wife and I went in to try their Burger. It was delicious we sat at the bar and Jade our bartender was such a beautiful d","archcitytavern@gmail.com","","","",""
"Elevator Brewery & Draught Haus","161 N High St, Columbus, OH 43215, USA","(614) 228-0500","http://www.elevatorbrewing.com/","https://maps.google.com/?cid=17439819711475679043&g_mp=CiVnb29nbGUubWFwcy5wbGFjZXMudjEuUGxhY2VzLkdldFBsYWNlEAIYBCAA","4.4","1792","5","5","0","4","John Ferreira","4","Insanely beautiful building. Love the history. Food was good, but ribeye was ordered medium rare and came out a strong m","julian.c.smith@icloud.com","","","",""
"Vine + Forge","33 E Nationwide Blvd, Columbus, OH 43215, USA","(614) 461-4100","https://www.sonesta.com/sonesta-hotels-resorts/oh/columbus/sonesta-columbus-downtown/dining","https://maps.google.com/?cid=8293344495502611945&g_mp=CiVnb29nbGUubWFwcy5wbGFjZXMudjEuUGxhY2VzLkdldFBsYWNlEAIYBCAA","4.1","134","5","5","0","4","Brandon Newkirk","4","On my way to the airport to leave town one last breakfast and the reviews for here were worth it. Instead of the buffet","info@sonesta.com","","","",""
"Due Amici","67 E Gay St, Columbus, OH 43215, USA","(614) 224-9373","http://www.due-amici.com/","https://maps.google.com/?cid=17674416860598166576&g_mp=CiVnb29nbGUubWFwcy5wbGFjZXMudjEuUGxhY2VzLkdldFBsYWNlEAIYBCAA","4.3","862","5","5","0","5","Sarah Coates","5","Wow. I can't say enough good things about this experience. We sat at the bar and had the lucky experience to be serviced","lexie@due-amici.com","","","",""
"Third & Hollywood","1433 W 3rd Ave, Grandview Heights, OH 43212, USA","(614) 488-0303","http://www.thirdandhollywood.com/","https://maps.google.com/?cid=13950274799939022686&g_mp=CiVnb29nbGUubWFwcy5wbGFjZXMudjEuUGxhY2VzLkdldFBsYWNlEAIYBCAA","4.6","1208","5","5","0","4","Maulik Darji","4","We have visited for lunch on our anniversary. The atmosphere is really very good. The server helped us select some veget","info@thirdandhollywood.com","","","",""
"Agave & Rye Short North","479 N High St, Columbus, OH 43215, USA","(380) 229-3742","https://agaveandrye.com/","https://maps.google.com/?cid=3706871337581532435&g_mp=CiVnb29nbGUubWFwcy5wbGFjZXMudjEuUGxhY2VzLkdldFBsYWNlEAIYBCAA","4.4","929","5","5","0","5","Pierre Timothy Morency","5","I went to this place prime Friday evening and it did not disappoint me. I started with the crispy Brussels sprouts ( ver","info@agaveandrye.com","","","",""